tag,texto
argentina,"🇦🇷 Cerraron más de 30.000 empresas argentinas en los últimos dos años y medio ｢ En ese mismo período, las aperturas representaron el 2,5% del total de firmas, uno de los valores más bajos de la serie histórica y 1,3 puntos porcentuales por debajo de la tasa de cierres. Las aperturas generaron 39.500 empleos, pero los cierres destruyeron 50.200, dejando una retracción de aproximadamente 11.000 puestos de trabajo ｣ https://www. lanacion.com.ar/economia/cerra ron-mas-de-30000-empresas-argentinas-en-los-ultimos-dos-anos-y-medio-nid15082026/ # milei # argentina # economía"
argentina,"Pook-Emu Bee: Links For 08-15-26 Pook-Emu Bee was off Saturday for the newsletter and off Sunday because I had work to finish, but we return on this fun Monday for our regularly scheduled links from around the web. Links &amp; Commentary 1 | Teenage tourist stabbed in ‘unprovoked’ attack inside McDonald’s near Times Square: sources (Joe Marino, Amanda Woods, and Jorge Fitz-Gibbon. August 17, 2026.) Note for tourists: Being anywhere near Times Square at 2:00 AM is a poor life choice. I would add that being anywhere Times […] https:// social.emucafe.org/naferrell/p ook-emu-bee-links-for-08-15-26/"
argentina,Argentina Shirts &amp; Gifts https:// culturallycool.com/argentina-g ifts # argentina # cultures
argentina,"⚡ # Argentina 🇦🇷 commemorates the death of General José de San Martín, a central figure in the independence movements of # Argentina 🇦🇷, # Chile 🇨🇱, and # Peru 🇵🇪. The date honors his 22 years of service in the # Spanish 🇪🇸 Army and his subsequent return to lead the struggle for independence across South # America 🇺🇸. [Clarín] Keep an eye out as this develops"
argentina,"CF Signals: Morgana Parel – Línea límite (Pulso Remix) [Visceral&nbsp;Abyssus] Visceral Abyssus approaches sound as a universal language composed of pulses and frequencies designed to strike the body directly. The platform pays homage to the visceral through rhythms crafted to trigger movement, introspection, or trance; a vision where music is not rationalized, but felt, released, and cast into the abyss to explore the unknown with absolute authenticity. https://clubfuries.com.mx/2026/07/26/cfs-morgana-parel-estimulo-aa009/ Under this ethos comes Melancolía del ángel , the latest production by Morgana Parel . The album unfolds a sonic palette navigating between club functionality and a mental journey, driven by bright basslines and minimalist structures tailored to induce deep trance states on the floor. The release is rounded out by four remixes from Dj Surgeles , Pulso , Lakej , and VYN•1 —raw, evocative interpretations that expand the sonic universe of the original work. Available on all platforms starting August 24, Melancolía del ángel stands as a concise, direct, and authentic manifesto; an invitation to lose oneself in melancholy as a vessel for self-discovery through sensation. https://soundcloud.com/clubfuriess/cfs-morgana-parel-linea-limite-pulso-visceral-abyssus The original mix of “Línea límite” plays on the edges of sonic boundaries—a threshold in itself—utilizing sounds hovering on the brink of effervescence that remain latent, subtly agile, yet packed with immense in nuce power. Pulso ‘s remix thickens that energy, solidifying the volcanic lava that never fully erupts but constantly simmers beneath, wrapped in a coated agility that pushes the mind into delirium. Overall, the album builds a volcanic density that constructs intricate, heavy stone labyrinths capable of shaking the ground, accompanied by a selection of remixes that prove equally spectacular. Artist: Morgana Parel Title: Melancolía del ángel Remixes: Dj Surgeles, Pulso, Lakej, VYN•1 Label: Visceral Abyssus Catalogue: VSCRAB002 Release Date: August 24, 2026 Support &amp; Buy:&nbsp; Bandcamp Tracklist 1. Pensamientos intrusivos 2. Línea límite 3. Batalla individual 4. Acción opuesta 5. Dj Surgeles – Pensamientos intrusivos (Dj Surgeles remix) 6. Pulso – Línea límite (Pulso remix) 7. Lakej – Batalla individual (Lakej remix) 8. VYN•1 – Acción opuesta (VYN•1 remix) Morgana Parel SoundCloud &nbsp;|&nbsp; Instagram &nbsp;|&nbsp; Beatport &nbsp;|&nbsp; Facebook &nbsp;|&nbsp; Linktree Pulso SoundCloud | Instagram | Bandcamp Visceral Abyssus SoundCloud | Instagram | Bandcamp | Linktree Club Furies Website &nbsp;|&nbsp; SoundCloud &nbsp;|&nbsp; Instagram &nbsp;|&nbsp; Threads &nbsp;|&nbsp; TikTok &nbsp;|&nbsp; Facebook &nbsp;|&nbsp; Bandcamp &nbsp;|&nbsp; Linktree #Argentina #BuenosAires #CFPremiere #clubFuries #ClubFuriesPremiere #DarkTechno #Electrónica #Electronic #Electronica #HeavyTechno #Lima #Minimal #MorganaParel #Peru #Premiere #premiereCF #PremiereClubFuries #Pulso #techno #Trance #VisceralAbyssus"
argentina,Argentina contra ofensiva antinacional de Milei: más del 80% exige defender recursos naturales https:// fed.brid.gy/r/https://www.tele surtv.net/argentina-mayoria-exige-defensa-recursos/
argentina,Alvarez has refused to join Arsenal. Atletico! Just drop your f***king EGO and let him join Barcelona! # thedarkknaik # julianalvarez # AtleticoMadrid # FCBarcelona # argentina # arsenal https://www. goal.com/en/news/new-blow-for- atletico-alvarez-drops-a-bombshell/blt6fb573a484764596
argentina,"📍 105 km W of San Antonio de los Cobres, Argentina 🕐 Sun 16 Aug 2026 21:06 UTC 🌍 M4.5 Earthquake 🟢 Light 📊 Magnitude: 4.5 📏 Depth: 164.6 km — Intermediate depth 🗺️ -24.3051, -67.3517 🔗 https:// earthquake.usgs.gov/earthquake s/eventpage/usd0015ea6 # Earthquake # Seismic # EarthAlerts # DisasterAlert # BreakingNews # Environment # Nature # Science # OffGrid # SanAntonioDeLosCobres # Argentina"
argentina,"New # earthquake detected: M 4.5 - 105 km W of San Antonio de los Cobres, # Argentina 2026/08/16, 21:06:07 UTC GPS: -24.3051, -67.3517 Depth: 164.602 km 🔗 https:// earthquake.usgs.gov/earthquake s/eventpage/usd0015ea6"
argentina,"Mb 4.50 earthquake (reviewed) occurred at 2026-08-16T21:06:07 UTC, 100 km W of San Antonio de los Cobres, Argentina # quake # earthquake # sanantoniodeloscobres # argentina https:// earthquake.usgs.gov/earthquake s/eventpage/usd0015ea6"
argentina,Argentina: encuesta revela deterioro del apoyo electoral a Milei asociada a precarización económica https:// fed.brid.gy/r/https://www.tele surtv.net/argentina-deterioro-apoyo-milei-economica/
argentina,"In the United States, beef is again recalled.... that was imported from Argentina. It is strange that a nation that is well-capable of producing all its own food, imports so much from other nations. # beef # recall # Argentina"
argentina,Aviation weather for Brigadier Mayor D Cesar Raul Ojeda airport in San Luis area (Argentina) is “METAR SAOU 161600Z VRB04KT 9999 FEW025 15/06 Q1014” : See what it means on https://www. bigorre.org/aero/meteo/saou/en # brigadiermayordcesarraulojedaairport # airport # sanluis # argentina # saou # luq # metar # aviation # aviationweather # avgeek vl
argentina,"Patru opere ale renumitului pictor renascentist Antonello da Messina, furate dintr-un muzeu sicilian. 🔗 https:// wp.me/p9KpFA-5t7A # Știri # Argentina # Football # Sport"
argentina,Argentina’s big cats begin relocation to sanctuaries abroad http:// newsfeed.facilit8.network/TV2M tK # Argentina # BigCats # AnimalWelfare # WildlifeConservation # ZooLujan
argentina,Trenes Argentinos Cargas train on La Picasa causeway. Photo credit: Argentina.gob.ar/CC BY 4.0. https:// commons.wikimedia.org/wiki/Fil e:Tren_de_cargas_en_pedraplen_la_picasa.jpg # RailwaySunday # Argentina # SouthAmerica # trains # railway # freight # photo
argentina,"Getting Lost, Happily, in Argentina https:// gallivanting-rainbows.com/read /2026-08-16/getting-lost-happily-in-argentina # Argentina # SoloTravel # LGBTQTravel # BuenosAires # Patagonia"
argentina,The elegance of Europe and the passion of South America collide perfectly in Buenos Aires. # buenosaires # argentina # southamerica # wanderlust # travel
argentina,"Acabo de ver Un Cuento Chino, me pareció un película excelente, la he disfrutado mucho. # película # cine # Argentina"
argentina,₹22.68 crore GST claim: SIT probe into Messi-Argentina Kerala visit https:// english.mathrubhumi.com/news/k erala/argentina-team-kerala-visit-gst-probe-sit-bgcl12my?utm_source=dlvr.it&amp;utm_medium=mastodon # LionelMessi # Argentina # ArgentinaFootballTeam # Kerala # MessiKerala
argentina,"The Iraq ~~oil-grab~~ war? Because of this. The threats and destruction and kidnapping of the leader of Venezuela? And the resulting theft of their oil? Because of this. The war in Iran? Partly because the idiot was talked into it by an ""ally"", but the US has been threatening Iran for decades because of the threat of oil sales outside the petrodollar system. The only people that can get away with using another currency for oil are those with nuclear weapons capable of hitting the USA. So China's been dipping its toe into using renminbi in oil purchases. Russia is doing its own thing on the black market. Want to know why the USA is so determined none of the countries in the middle east get nuclear weapons? Because that's where the oil is. This is also why the USA - at least the Republicans and billionaires and oil companies and the rest of the usual suspects - fight so hard against all other energy sources - renewables especially. If demand for oil decreases, demand for US dollars decreases, and at some point that demand is no longer enough to keep the US currency from collapsing. When that happens, the effect on the USA will be quick and severe, an economic collapse the likes of which the USA has never seen before. It'll be ugly. 3/3 # BrettonWoods # hyperinflation # Zimbabwe # Hungary # Argentina # energy"
argentina,"⚡The bicameral commission on intelligence oversight in # Argentina 🇦🇷 has summoned the head of the State Intelligence Secretariat (SIDE), Christian Auguadra, to testify on August 25 regarding the National Intelligence Plan. The hearing follows ongoing internal tensions between Karina Milei and Santiago Caputo, with opposition members expressing concern that the intelligence program is being used to conduct &quot;espionage on leaders, economists and journalists.&quot; [Clarín] Return for further information"
argentina,"Evening, fuckers. The day is lost but my guts have almost stopped cramping. Apologies to anyone who was left expecting a reply from me: couldn't concentrate worth shit. Being unable to caffeinate properly didn't help: working on that right now. I used to live in a country which slowly got better for my people: same-sex marriage , gender identity recognition , legal abortion . We get LGBTetc migrants from all over Latin America. People got used to folks like me existing, even doctors and cops. But about one third of the voting population here hate us and elected (with the help of assholes angry about the economy) a neofascist who, for instance, signed this piece of shit in what only can be a preparatory move to restrict abortion again. If he manages to do that we're next so whatever you've ever heard from me or anyone else about # Argentina being a good place to live for anyone who is not a fascist, forget it. Some more context (in Spanish) about Javier Milei back when he spread hate against us at Davos last year; and my post earlier today about this same shit, in Spanish too: different tone and context, as usual. I'll try to eat something, if the nausea caused by all this doesn't prevent it entirely."
argentina,Más del 65% de los argentinos considera que Milei no defiende la soberanía https:// fed.brid.gy/r/https://www.tele surtv.net/65-porciento-argentinos-milei-no-soberania/
argentina,"Paulo Londra ► “Me asfixia LA CIUDAD” El león cordobés está de regreso y más romántico que nunca! Tras un 2026 de locura, Paulo Londra arranca una nueva era musical con el estreno de ""me asfixia LA CIUDAD"", el esperadísimo primer adelanto de su próximo álbum. Si buscabas una canción para desconectar, ¡esta es tu nueva obsesión! El sonido: ¡Una vibra totalmente refrescante e íntima! Producido por Tiano y Lisan, este tema nos muestra una búsqueda sonora distinta dentro del repertorio de Paulo. Con melodías directas […] https:// musicwayatx.com/2026/08/14/pau lo-londra-%e2%96%ba-me-asfixia-la-ciudad/"
argentina,"Carin León + Ke Personajes ►”Que Andas Haciendo” 🔥 La destacada agrupación argentina Ke Personajes y el exponente sonorense Carín León han oficializado su primera colaboración discográfica con el lanzamiento de ""Qué andas haciendo"". El corte representa una ambiciosa hibridación de géneros que consolida un interesante puente musical entre el Cono Sur y México. Eje temático: A nivel discursivo, la obra explora el luto emocional post-ruptura. La lírica se centra en la incertidumbre, la nostalgia y la alienación, retratando con […] https:// musicwayatx.com/2026/08/14/car in-leon-ke-personajes-%e2%96%baque-andas-haciendo-%f0%9f%94%a5/"
argentina,"Lula Rosenthal &amp; Benito Cerati ▶️ “Miranda mi amor” 🎥VIDEO Los destacados artistas argentinos Lula Rosenthal y Benito Cerati han unido sus inmensos talentos para entregarnos “Miranda mi amor”, un sencillo que rebosa estilo, drama y una energía absolutamente contagiosa. El sonido: ¡Una joya del synth-pop! La canción combina a la perfección la versatilidad vocal y teatral de Lula con la sofisticación electrónica y alternativa que caracteriza el sello musical de Benito. El mensaje: “Miranda mi amor” es una oda apasionada y moderna. Con una lírica audaz y envolvente, el tema explora los matices del romance contemporáneo, inyectándole una dosis de intensidad y teatralidad que te atrapa desde el primer verso. La química: ¡Son dinamita pura! La convergencia de estos dos artistas crea un magnetismo único. Sus voces se complementan de manera magistral, logrando un equilibrio perfecto entre la luz del pop y la profundidad del rock alternativo. ¡No te lo pierdas!: Si buscas una canción con actitud, estilo visual y una melodía que no podrás sacar de tu cabeza, esta es tu nueva obsesión. ¡Corre a escuchar “Miranda mi amor” en todas las plataformas digitales! https://youtu.be/rLJzgOqyG6I?si=IuMJ_nzwzSCCDtdh"
argentina,"Anyone interested in # migration to # Chile # Paraguay # Brazil or # Argentina ? Möchte jemand # auswandern ? Keinesfalls Alleine! Hier vernetzen https:// buy-land-together.com/auswande rn-nach/ Ja # Lateinamerika macht nur # Sinn wenn man sich 99% selbst versorgt # wasser # essen # energie sonst ist man den CocaCola und Nestle # wasser # monopoly ausgeliefert, habe da ideen aber wenig Geld :( suche # Kooperation auch # MeerWasser kann man # Solar aufbereiten :D quasi # destillation wer ist dabei? checkout https:// ultimate-solar.com # solarsystems"
argentina,"Companies from # China control nearly two-thirds of # Argentina ’s own # squid fleet, according to new # IUU exposé Looked at all 84 vessels with cephalopod permits in Argentina’s EEZ. Analysis of # fishing permits, corporate ownership, customs regulations, and vessel tracking, found Chinese capital – even that linked to illegal, unreported, and unregulated activity – has progressively entered sector over 2 decades through acquisitions, local subsidiaries, and vessel reflagging https://www. seafoodsource.com/news/environ ment-sustainability/chinese-companies-control-nearly-two-thirds-of-argentina-s-own-squid-fleet-according-to-new-iuu-expos"
argentina,"Adnkronos - ultimoratop: Diventa mamma a 62 anni: ""La mia famiglia non ci credeva"" (Adnkronos) - La decisione di Mabel Frias alimenta il dibattito in Argentina: ""Volevo diventare madre, perché no?"" Becoming a mom at 62 years old: “My family didn’t believe it.” (Adnkronos) – Mabel Frias’s decision is fueling debate in Argentina: “Why not?” # MabelFrias # Argentina https://www. adnkronos.com/internazionale/e steri/mamma-62-anni-fecondazione-vitro_4VQe3ngXp0PvDOpHISTybH"
argentina,Ferida aberta: por que a Guerra do Paraguai ecoa de formas tão distintas no Brasil e no país vizinho? https:// fed.brid.gy/r/https://www.bras ildefato.com.br/podcast/brasil-de-fato-entrevista/2026/08/14/ferida-aberta-por-que-a-guerra-do-paraguai-ecoa-de-formas-tao-distintas-no-brasil-e-no-pais-vizinho/
argentina,"Un conductor daña Pampa del Leoncito, joya natural del norte argentino https:// fed.brid.gy/r/https://elpais.c om/argentina/2026-08-14/un-conductor-dana-pampa-del-leoncito-joya-natural-del-norte-argentino.html"
argentina,"Tierra Santa (theme park) — Buenos Aires, Argentina 📍 📷 Roberto Ettore · CC BY 3.0 # Argentina https:// show.pictures/world/argentina/ buenos-aires/tierra-santa-theme-park/"
argentina,Argentina: inflación volvió a acelerar en julio pese a promesa «cero» de Milei https:// fed.brid.gy/r/https://www.tele surtv.net/argentina-inflacion-alza-pese-a-promesa-milei/
argentina,"Petroleras YPF, ENI y XRG invertirán $51.000 millones en gas natural en Argentina https:// fed.brid.gy/r/https://www.elna cional.com/2026/08/petroleras-ypf-eni-y-xrg-invetiran-51-000-millones-en-gas-natural-en-argentina/"
argentina,"PIZZA ►”Lamebotas” La agrupación argentina PIZZA continúa cimentando su propuesta en la escena del rock alternativo con el lanzamiento de su más reciente sencillo, ""Lamebotas"", editado el 5 de agosto de 2026. La obra destaca tanto por su agudeza lírica como por su impecable factura técnica. Arquitectura sonora: La producción de la pista refleja una notable sofisticación técnica. Grabado en Estudio Juno y mezclado en los míticos estudios Romaphonic por el experimentado productor Gustavo Iglesias, el […] https:// musicwayatx.com/2026/08/13/piz za-%e2%96%balamebotas/"
argentina,"Latest from our @stephenmbland.bsky.social@bsky.brid.gy Kyrgyz cinema has reached Argentina, with Kurmanjan Datka: Queen of the Mountains launching a new Central Asia cultural series in Buenos Aires https://ow.ly/3vZS50Zzn1Q #Cinema #BuenosAires #KyrgyzCinema #KurmanjanDatka #FilmFestival #WorldCinema #Argentina Kyrgyz Film Opens Central Asia..."
argentina,An elderly lady of the indigenous Humahuaca community in Jujuy cries as the Israeli/US puppet regime in Argentina evicts her from her home and land. Milei's Inviolability of Private Property law could see as much as 25% of indigenous land sold to foreign multinationals for wealth and resource extraction. Large-scale protests against the law continue across the country. # Argentina # FuckTheFash # ClassWar # LandBack
argentina,"Kyrgyz cinema has reached Argentina, with Kurmanjan Datka: Queen of the Mountains launching a new Central Asia cultural series in Buenos Aires https:// timesca.com/kyrgyz-film-opens- central-asian-cultural-series-in-argentina/ # Cinema # CulturalExchange # BuenosAires # KyrgyzCinema # KurmanjanDatka # FilmFestival # AsianCinema # WorldCinema # Argentina"
argentina,"Messi não se vê a jogar ""por muito mais tempo"" https:// fed.brid.gy/r/https://observad or.pt/2026/08/13/messi-nao-se-ve-a-jogar-por-muito-mais-tempo-em-carta-de-despedida-ao-pai/"
argentina,César Pelli's final building opens in Jujuy: a striking sculpture museum at the foot of the Andes https://www. elledecor.com/life-culture/tra vel/a73407005/cesar-pelli-argentina-museum-lola-mora/ Jujuy’s Lola Mora Cultural Center is the final building designed by late architect César Pelli. # lifestyle # architecture # argentina
argentina,Venezuela Signs Deal with Argentine Energy Company to Boost National Grid https:// fed.brid.gy/r/https://www.tele surenglish.net/venezuela-deal-argentina-boost-grid/
argentina,"Primo piano ANSA - ANSA.it: Un bar nello storico cimitero dove riposa anche Evita, polemiche in Argentina Critiche per il progetto su Recoleta, a Buenos Aires, dove riposano molti nomi illustri A bar in the historic cemetery where Eva Perón also rests, controversy in Argentina. Criticism of the project in Recoleta, Buenos Aires, where many illustrious names rest. # EvaPerón # Argentina # Recoleta # BuenosAires https://www. ansa.it/sito/notizie/mondo/202 6/08/13/un-bar-nello-storico-cimitero-dove-riposa-anche-evita-polemiche-in-argentina_d83927f8-3b3d-452e-8d12-a9970dbe5614.html"
argentina,Jujuy’s Lola Mora Cultural Center is the final building designed by late architect César Pelli. # lifestyle # architecture # argentina https://www. elledecor.com/life-culture/tra vel/a73407005/cesar-pelli-argentina-museum-lola-mora/?utm_source=flipboard&amp;utm_medium=activitypub Posted into FLIPBOARD EXCHANGE FEED 🗞️ @ flipboard-exchange-feed-Econopass
argentina,"Agi: Messi torna dopo il lutto, ma l'Inter Miami cade ed è fuori dalla Leagues Cup AGI - La tempra di un campione si vede specialmente nei suoi momenti più difficili. La pulce ha fatto di tutto per impedire che il dolore incidesse sulla sua performance calcistica, ma il pallone - come la vita- non sempre premia gli sforzi fatti nei momenti di sofferenza. Il toccante ritorno in campo di Lionel Messi non è bastato alla sua Inter Miami per evitare la sconfitta in casa per 3-2 contro il Leon del Messico e l'eliminazione dalla Coppa delle Leghe. Messi e la partita dopo il lutto Il capitano, tornato dall'Argentina martedì sera dopo aver partecipato al funerale del padre Jorge, scomparso sabato all'età di 68 anni, è stato schierato dal tecnico al primo minuto della ripresa. Una perdita che incide sulla vita professionale La superstar argentina ha dedicato al genitore una commovente lettera in cui afferma di non essere cosi sicura che giocherà a calcio ""ancora a lungo"" senza il suo ""padre, amico e agente"". ""Non so cosa farò senza di te, non so come andare avanti. Stavo solo giocando a calcio, e ora ho molti dubbi che continuerò a lungo,"" ha scritto l'atleta, 39 anni, nel messaggio pubblicato su Instagram. Messi returns after the bereavement, but Inter Miami loses and is out of the Leagues Cup. AGI - A champion’s character is seen especially in their most difficult moments. The flea did everything to prevent pain from affecting his football performance, but the ball – like life – doesn’t always reward effort made in times of suffering. Lionel Messi's moving return to the field wasn't enough for Inter Miami to avoid a home defeat 3-2 against León de México and elimination from the Leagues Cup. Messi and the game after the tragedy The captain, returning from Argentina on Tuesday evening after participating in his father Jorge’s funeral, who died on Saturday at the age of 68, was fielded by the coach for the first minute of the second half. A loss that impacts professional life The Argentine superstar dedicated a moving letter to his parent in which he states he isn't so sure he will play football “for much longer” without his “father, friend and agent”. ""I don’t know what I’ll do without you, I don’t know how to go on. I was just playing football, and now I have many doubts that I’ll continue for long,” wrote the athlete, 39 years old, in the message published on Instagram. # Messi # InterMiami # theLeaguesCup # LionelMessis # LeóndeMéxico # Argentina # Jorge # Argentine # Instagram https://www. agi.it/sport/news/2026-08-13/m essi-lutto-leagues-cup-38515063/"
argentina,Científicos exigen a Milei cumplimiento de la Ley de Financiamiento Universitario https:// fed.brid.gy/r/https://www.tele surtv.net/cientificos-exigen-milei-cumplimiento-ley-financiamiento/
argentina,"My ISP is doing the most bizarre website failure pattern I've ever seen. I have to route through a VPN to connect to some .gob.ar servers but not others; to the Royal Spanish Academy; to imginn.com (but not Instagram, obviously); to many old-style forums; to Library Genesis but not Anna's Archive; to the CHM (not bitsavers or the Internet Archive); to some US universities; to one repo for Greasemonkey scripts but not the other; and so on. Nothing really popular is missing, of course: it would be national news. Or I'd be hearing the fire truck sirens directly. The masses won't be denied their opium. # Argentina # Tuenti"
argentina,Venezuela: presidenta (E) Delcy Rodríguez lidera firma de adendum con IMPSA para fortalecer SEN https:// fed.brid.gy/r/https://www.tele surtv.net/venezuela-adendum-corpoelec-impsa-sen-energia/
argentina,"Vaca Muerta case ""In light of its significant reserves of oil and natural gas, oil companies performed extensive extraction activity in Vaca Muerta, particularly through fracking. This has extensively affected the ecosystem and local communities, with a focus on the indigenous community Mapuche. As a result, Vaca Muerta became a sacrifice zone which can be defined as an area “where residents suffer the devastating environmental health consequences of living downwind and downstream from major pollution hotspots–large industrial complexes of extraction, refining, energy generation, and petrochemical production” # VacaMuerta # Argentina # Mapuche # indigenous # oil # gas https://www. rightsofnaturetribunal.org/cas es/vaca-muerta-case/?lang=pt-br"
argentina,"Lionel Messi: The Argentine&#39;s most iconic moments as he ponders retirement As Lionel Messi considers his footballing future following the death of his father, BBC Sport looks back at some of his most iconic moments. https://www. bbc.com/sport/football/article s/c74x9zd83vlo # TopNews # News # Messi # Barcelona # Argentina"
argentina,"# Argentina : Mapuche Community in Vaca Muerta Demands the Restoration of Their Ancestral Rights The Mapuche communities of Neuquén denounced the violation of their ancestral rights and the environmental damage caused by fracking in Vaca Muerta, demanding that the provincial government grant them legal status and recognize their lands. # Indigenous # Mapuche # VacaMuerta # fracking # environment # LandBack # HumanRights https://www. telesurtv.net/argentina-comuni dad-mapuche-vaca-muerta-restitucion-derechos-ancestrales/"
argentina,Thiago Almada revela origen popular de bandera de Malvinas en Mundial 2026 https:// fed.brid.gy/r/https://www.tele surtv.net/thiago-almada-bandera-malvinas-mundial-2026/
argentina,La Justicia argentina dispone el embargo preventivo de bienes de Cristina Fernández para asegurar su eventual decomiso https:// fed.brid.gy/r/https://www.elna cional.com/2026/08/la-justicia-argentina-dispone-el-embargo-preventivo-de-bienes-de-cristina-fernandez-para-asegurar-su-eventual-decomiso/
argentina,"Lionel Messi Contemplates Sudden Retirement in Heartfelt Tribute to Late Father Messi cast the 2026 World Cup in a new, haunting light in a revealing open letter. https://www. si.com/soccer/lionel-messi-con templates-sudden-retirement-heartfelt-tribute-late-father # TopNews # News # Messi # Argentina # WorldCup"
argentina,"⚡The ruling La Libertad Avanza party in # Argentina 🇦🇷 advanced a project to modify the Organic Charter of the Central Bank without the participation of the Peronist opposition. The ruling party invited economists with significant media profiles to testify, while the Unión por la Patria coalition withdrew from the session, describing the proceedings as a &quot;Damn streaming.&quot; [Clarín] Follow for confirmed updates"
argentina,EE.UU.: ICE detiene al futbolista argentino Matías Pourrain https:// fed.brid.gy/r/https://www.tele surtv.net/ice-detiene-futbolista-argentino-pourrain/
argentina,Leo Messi se despide de su padre con una carta conmovedora: “No sé cómo seguir” https:// fed.brid.gy/r/https://elpais.c om/deportes/2026-08-12/messi-se-despide-de-su-padre-con-una-carta-conmovedora-no-se-como-seguir.html
argentina,Lionel Messi not sure he will play football for &#39;much longer&#39; after father&#39;s death Lionel Messi says he is unsure how much longer he will continue playing football in an emotional tribute after his father&#39;s death. https://www. bbc.com/sport/football/article s/c78gqj2dqyno # TopNews # News # Messi # Argentina # Jorge
argentina,Científicos marcharán en Argentina contra el ajuste del Gobierno de Milei https:// fed.brid.gy/r/https://www.tele surtv.net/cientificos-marcha-argentina-rechazo-ajuste-milei/
argentina,Justicia argentina decreta un embargo contra Cristina Kirchner y alcanza los bienes de sus hijos https:// fed.brid.gy/r/https://www.tele surtv.net/justicia-argentina-decreta-embargo-cristina/
argentina,Argentina: Comunidad mapuche en Vaca Muerta exige restituir sus derechos ancestrales https:// fed.brid.gy/r/https://www.tele surtv.net/argentina-comunidad-mapuche-vaca-muerta-restitucion-derechos-ancestrales/
argentina,"Argentina’s Messi not certain to play ‘much longer’ after father’s death Former Barcelona and PSG star Lionel Messi, who won the 2022 World Cup, hints at retirement from football. https://www. aljazeera.com/sports/2026/8/12 /argentina-star-messi-not-certain-to-play-much-longer-after-fathers-death # TopNews # News # Messi # Argentina # theWorldCup"
argentina,Lionel Messi has ‘quite a few doubts’ about football future after death of his father Lionel Messi said on Wednesday that he is having doubts about continuing his career following the death of his father last week https://www. theguardian.com/football/2026/ aug/12/lionel-messi-doubts-football-future-death-of-his-father-jorge # TopNews # News # Messi # WorldCup # Argentina
argentina,Rosario Central recibe a Corinthians en octavos de la Copa Libertadores https:// fed.brid.gy/r/https://www.tele surtv.net/rosario-corinthians-octavos-libertadores/
argentina,Argentina: trabajadores universitarios realizan paro nacional de 24 horas contra ajuste de Milei https:// fed.brid.gy/r/https://www.tele surtv.net/argentina-trabajadores-universitarios-paro-nacional-contra-milei/
argentina,Lionel Messi has ‘quite a few doubts’ about football future after death of his father https://www. theguardian.com/football/2026/ aug/12/lionel-messi-doubts-football-future-death-of-his-father-jorge # LionelMessi # Argentina # InterMiami # UsSports # Football # Sport
argentina,Ola de despidos e incremento del desempleo impactan a las provincias en Argentina https:// fed.brid.gy/r/https://www.tele surtv.net/despidos-desempleo-impactan-argentina/
argentina,Provincias de Argentina refuerzan su presencia en el espacio mediático de los BRICS https:// fed.brid.gy/r/https://www.tele surtv.net/provincias-argentina-espacio-mediatico-brics/
argentina,"New museum in Argentina honours Lola Mora, a pioneering female sculptor https://www. theartnewspaper.com/2026/08/12 /lola-mora-argentine-sculptor-museum-opens?utm_source=dlvr.it&amp;utm_medium=mastodon # MuseumsHeritage # Argentina"
argentina,"🚨 WARNELY SAFETY ALERT Paraje 29, Argentina · Natural disaster M6.0 earthquake — South Sandwich Islands region A magnitude 6.0 earthquake struck South Sandwich Islands region. Follow local authority guidance. https://www. warnely.com/news/m6-0-earthqua ke-south-sandwich-islands-region-afe54ab8-569b-4477-8250-1cc9131d384c?utm_source=mastodon&amp;utm_medium=social&amp;utm_campaign=incident # WarnelyAlert # Argentina"
argentina,"Argentina: repudian represión contra comunidad originaria en Humahuaca, Jujuy https:// fed.brid.gy/r/https://www.tele surtv.net/argentina-repudian-represion-jujuy/"
argentina,Pinarayi Vijayan says there was no irregularity in the LDF government’s efforts to bring Lionel Messi and the Argentina football team to Kerala https:// english.mathrubhumi.com/news/k erala/pinarayi-vijayan-messi-kerala-visit-probe-qf1618c9?utm_source=dlvr.it&amp;utm_medium=mastodon # PinarayiVijayan # LionelMessi # Messi # Argentina # Kerala
argentina,"Mariano Idelman ( # Hebrew : מריאנו אידלמן; born 27 June 1974, # Argentina ) is an Argentinian-born Israeli actor and # comedian . He is well known for acting in the popular TV show # EretzNehederet ."
argentina,Argentina Ends Free Public Healthcare and Expels Foreigners Over Hate Speech https:// fed.brid.gy/r/https://www.tele surenglish.net/argentina-ends-free-healthcare-foreign/
argentina,"San Ignacio Miní — San Ignacio, Argentina 📍 📷 Leandro Kibisz · CC BY-SA 3.0 # Argentina https:// show.pictures/world/argentina/ san-ignacio/san-ignacio-min/"
argentina,"In Defense of the Land, Your Memory Burns!!! Brujo Presente Last Monday, August 3rd, at 6:40 AM, we decided to block the train line connecting the capital (Buenos Aires) and the city of La Plata in the territory dominated by the Zionist state of Argentina. This action takes place within the framework of commemorating the memory of our anarchist comrade Santiago Maldonado, “El Lechu,” nine years after his murder at the hands of the National Gendarmerie in the Mapuche community of Cushamen. Every August serves as a call to both reflect and act, not only through remembrance, but also through anarchist struggle, solidarity, and mutual support. Every August we try to remember him through action, not as a martyr, but because Santiago was one of us and because his murder resonated within the anarchist movement. We despise the way the state, the press, and the left have manipulated his identity, and because every day that passes in this sinister, technologized society reminds us of what truly matters: the defense of nature and the struggle for total liberation. In that spirit, we decided to block the road at the El Gato stream, where they plan to build the new City Bell highway exit, devastating wetlands along the way to facilitate the movement of people and goods, further destroying what little wildlife remains in large cities. Death to industrial society and its defenders! Freedom for Milton and Aeneas and all prisoners! Long live anarchy! Sent to: La Zarzamora https:// abolitionmedia.noblogs.org/?p= 36037 #anarchist #argentina #barricades #DirectAction #SantiagoMaldonado #southAmerica"
argentina,Things are going great in TrumpLand. Remember when he cut a deal with that Milei wack-job after bailing him out to the tune of $2B? Yeah… # Trump # Argentina https://aus.social/@DenisCOVIDinfoguy/117079741331679160
argentina,"Station: Radio Disney 94.3 - Buenos Aires, Argentina Stream: https:// playerservices.streamtheworld. com/api/livestream-redirect/DISNEY_ARG_BA_ADP.aac Homepage: https:// ar.radiodisney.com/ Country: Argentina Tags: #94.3 fm # américa # argentina # buenos aires # disney # entretenimiento # español # estación # familia # family # fm # juvenil # latinoamérica # moi merino # música # música en español e inglés # música pop # pop # pop en español e inglés # pop music # pop rock # radio # radio disney # suramérica # top 40 #..."
argentina,Facundo Medina se convierte en nuevo jugador del Bayer Leverkusen https:// fed.brid.gy/r/https://www.elna cional.com/2026/08/facundo-medina-se-convierte-en-nuevo-jugador-del-bayer-leverkusen/
argentina,Goya-Nominated Zoe Bonafonte Leads Spain-Argentina Soccer Pioneer Drama ‘Veleta’ (EXCLUSIVE) # Variety # MarketsFestivals # News # AmayaMuruzábal # Argentina # RTVA # Soccer # Spain # Veleta https:// variety.com/2026/film/markets- festivals/zoe-bonafonte-veleta-spain-argentina-soccer-drama-1236831557/
argentina,"Global uprising against neo-imperialism: Argentina edition Protesters filled the Plaza de Congreso in Buenos Aires last week, demanding changes to the Inviability of Private Property Act, which would have seen caps on foreign ownership of land raised to 25%. The government caved on Thursday. # Argentina # EndNeoImperialism # ClassWar"
argentina,Argentina-Kerala match mystery: Why Messi and his team never arrived https:// english.mathrubhumi.com/sports /why-argentinas-kerala-visit-collapsed-despite-rs-120-crore-plus-payment-eat37h4h?utm_source=dlvr.it&amp;utm_medium=mastodon # Argentina # LionelMessi # Messi # Kerala # ArgentinaKerala
argentina,"https://www. tkhunt.com/2492476/ Rachmaninoff: Vocalise, Op. 34 ｜Ayako Tanaka # # コンサート # argentina # ayako # buenosaires # coloratura # Concert # director # Live # Rachmaninov # Sergei # Tanaka # TV # VOCALISE # ヴォカリーズ # オーケストラ # コロラトゥーラ # ソプラノ # たなかあやこライブ # テレビ # ラフマニノフ # 協奏曲 # 彩子 # 指揮者 # 田中 # 田中彩子 # 管弦楽"
argentina,No proof Argentina accepted Kerala’s Messi invite as a report flags financial irregularities. https:// english.mathrubhumi.com/news/k erala/messi-kerala-visit-argentina-invite-financial-irregularities-report-fq228urc?utm_source=dlvr.it&amp;utm_medium=mastodon # LionelMessi # Messi # Argentina # Kerala # KeralaNews
argentina,"More than 100 Indigenous families were evicted in Humahuaca, Jujuy, as the accelerated eviction model promoted by Milei’s reforms moves forward. Indigenous communities that have inhabited their territories for generations are being displaced by operations that prioritize other interests. Another # video . # Indigenous # Argentina # eviction # HumanRights https://www. youtube.com/watch?v=Xa7uvYOieCU"
argentina,"# Argentina : Members of the indigenous community of Santa Rosa, in Argentina, reported a violent eviction operation carried out on Monday in Jujuy. At least ten people were injured by rubber bullets. Three homes were completely destroyed by heavy machinery. The most serious institutional violation involved the removal of children—aged 1, 2, 5, and 7—from the evicted families without proper notification or authorization from their parents. # Indigenous # HumanRights # video https://www. telesurtv.net/argentina-brutal -desalojo-originaria-jujuy/"
argentina,Argentina: denuncian brutal desalojo en comunidad originaria de Jujuy https:// fed.brid.gy/r/https://www.tele surtv.net/argentina-brutal-desalojo-originaria-jujuy/
argentina,"Puente de la Mujer — Buenos Aires, Argentina 📍 📷 Mr. Tickle · CC BY 2.5 # Argentina https:// show.pictures/world/argentina/ buenos-aires/puente-de-la-mujer/"
argentina,Argentina también se puso a la orden de Colombia para enviar ayudar a víctimas del terremoto https:// fed.brid.gy/r/https://lapatill a.com/2026/08/10/argentina-tambien-se-puso-a-la-orden-de-colombia-para-enviar-ayudar-a-victimas-del-terremoto/
argentina,Malvinas. Una causa de soberanía que sigue pendiente https:// fed.brid.gy/r/https://periodis modeizquierda.com/malvinas-una-causa-de-soberania-que-sigue-pendiente/
argentina,"RE: https:// cyberplace.social/@GossiTheDog /117072580714955435 Chainsaw economics, in action! “Two deeply dumb men are posing for a photo in a formal setting. One man is holding a chainsaw and smiling, while the other man gives a thumbs-up and is also smiling. Flags from the United States and Argentina are visible in the background.” (From Alt text) Unfortunately, these two deeply dumb men are also deeply clever —and they have millions of desperate voters and/or consumers buying into their cleverness as answers to real problems. Inflation. Waste. Governance. Their chainsaw economics provides theatre that gives the illusion of problem-solving. Meanwhile, the plight of the descamisados becomes fodder for fascism. This should be a time of leadership. Instead, the theatre of fascism prevails. # uspoli # argentina # fascism # economy"
argentina,El delantero ecuatoriano Enner Valencia se suma a Boca Juniors https:// fed.brid.gy/r/https://www.tele surtv.net/ecuatoriano-enner-valencia-se-suma-a-boca-juniors/
argentina,El “intenso” clásico sudamericano: Argentina supera a Brasil en el Mundial Voleibol U17 Chile 2026 | vía # UChileRadio https:// radio.uchile.cl/2026/08/10/el- intenso-clasico-sudamericano-argentina-supera-a-brasil-en-el-mundial-voleibol-u17-chile-2026/ # argentina # brasil # chile # croacia # españa # estadionacional # japón # lauradias # mundialvoleibolsub17 # sofiabaldo
argentina,🏆 Opta Spain Argentina Betting Guide Everything you need to know about opta spain argentina — a practical betting guide for African punters. 🔗 https:// puntersure-tips.com/blogs/opta -spain-argentina-betting-guide # Opta # Spain # Argentina # Betting
argentina,Los Libertadores seguirá cerrado por nevadas y fuertes vientos: Hoy suma 28 días | vía # UChileRadio https:// radio.uchile.cl/2026/08/10/los -libertadores-seguira-cerrado-por-nevadas-y-fuertes-vientos-hoy-suma-28-dias/ # argentina # chile # lluvias # loslibertadores # pasocerrado # sistemafrontal
argentina,"Adnkronos - ultimoratop: Liam Payne, spuntano foto e chat inedite sulle ultime ore prima della sua morte (Adnkronos) - Oltre tremila atti dell’inchiesta argentina ricostruiscono la permanenza dell'ex One Direction in hotel prima della caduta dal balcone della sua stanza Photos and chats from Liam Payne's last hours before his death are emerging. (Adnkronos) – More than three thousand investigation documents from Argentina reconstruct the ex One Direction singer’s stay at a hotel before his fall from the balcony of his room. # LiamPaynes # Argentina https://www. adnkronos.com/spettacoli/liam- payne-foto-chat-inedite-prima-morte-cosa-ce-scritto_2eLwUGqUAVyMt5lU7GHsyN"
argentina,Argentina venció a Venezuela en la final del Sudamericano de Baloncesto Femenino https:// fed.brid.gy/r/https://lapatill a.com/2026/08/10/argentina-vencio-a-venezuela-en-la-final-del-sudamericano-de-baloncesto-femenino/
argentina,The Morning I Fell for Argentina https:// gallivanting-rainbows.com/read /2026-08-10/the-morning-i-fell-for-argentina # Argentina # BuenosAires # LGBTQTravel # Palermo # WellnessTravel
argentina,"Iran names new security chief who’s wanted by Interpol in connection with deadly AMIA bombing Mohsen Rezai, ex-IRGC chief, sought by Argentina for alleged role in 1994 attack on Jewish center that killed 85; he&#39;s 2nd to lead Supreme National Security Council since Israel killed Larijani in March https://www. timesofisrael.com/iran-names-n ew-security-chief-whos-wanted-by-interpol-in-connection-with-deadly-amia-bombing/ # TopNews # News # Rezaei # Iran # Argentina"
argentina,"Plaza del Congreso — Buenos Aires, Argentina 📍 📷 Alexis González Molina · CC BY-SA 3.0 # Argentina https:// show.pictures/world/argentina/ buenos-aires/plaza-del-congreso/"
argentina,Argentina: Milei es cada vez más rechazado también por los jóvenes https:// fed.brid.gy/r/https://www.tele surtv.net/argentina-milei-rechazado-tambien-jovenes/
argentina,"🚨Peter Thiel’s Puppet Javier Millei is trying to destroy Argentina 👇 The protesters mobilized by left-wing movements and unions were undeterred by earlier concessions removing one change that would have made it easier for foreigners or foreign entities to buy land in Argentina. Demonstrators carried Argentine flags and banners reading ""The homeland is not for sale,"" an Agence France-Presse (AFP) correspondent observed. The ""Inviolability of Private Property"" bill being debated in Congress aims to make changes to property ownership in Argentina, such as streamlining eviction procedures, changing rural land use rules and making it more difficult for the state to take ownership of private property. # argentina # news # javiermilei # peterthiel https://www. lemonde.fr/en/international/ar ticle/2026/08/07/thousands-protest-private-property-legislation-in-argentina-as-clashes-erupt-with-police_6756236_4.html"
argentina,"Estadio Brigadier General Estanislao López https:// en.wikipedia.org/wiki/Estadio_ Brigadier_General_Estanislao_L%C3%B3pez Capacity: 42000 Location: Santa Fe, Argentina, Argentina Team: Club Atlético Colón # SantaFe # Argentina # stadium # soccer # football # fussball # fedifc # mastodonFC"
argentina,Argentina: Lionel Messi arriba a su ciudad natal por duelo familiar https:// fed.brid.gy/r/https://www.tele surtv.net/argentina-messi-arriba-ciudad-duelo-familiar/
argentina,Memories of Buenos Aires for # SilentSunday # BuenosAires # Argentina # Travel
argentina,Lionel Messi despide a su padre Jorge en un cementerio privado de Rosario https:// fed.brid.gy/r/https://www.elmu ndo.es/deportes/2026/08/09/6a789ff5e85ecef7048b4599.html
argentina,# TheNerdReich @ gilduran # PeterThiel Bought a Mansion in # Argentina . Here's What It Really Means # tech # techfascism # techsurveillance # TechCrackheadBillionaires # BillionairesSUCK https:// m.youtube.com/watch?v=skV5W13V uUs This podcast is REALLY important
argentina,"Patrick Barkham: ‘Panda of the insect world’: the moscardón # bumblebee creates buzz for invertebrate of the year. Bombus dahlbomii, a giant ginger bumblebee fondly known as the flying mouse, is in decline in its native # Patagonia due to commercial farming. # Argentina # Chile # entomology https://www. theguardian.com/environment/20 26/aug/09/moscardon-bumblebee-invertebrate-of-the-year-2026"
argentina,Messi llegó a Argentina para despedir a su padre Jorge tras su muerte https:// fed.brid.gy/r/https://www.elna cional.com/2026/08/messi-llego-a-argentina-para-despedir-a-su-padre-jorge-tras-su-muerte/
argentina,"Adnkronos - ultimoratop: Messi torna in Argentina, oggi i funerali e l'ultimo saluto a papà Jorge (Adnkronos) - La Pulce ha fatto rientro nel suo Paese insieme ai figli e alla compagna Antonela Roccuzzo Messi returns to Argentina, today is the funeral and the last farewell to father Jorge. (Adnkronos) - Messi has returned to his country with his children and partner Antonella Roccuzzo. # Messi # Argentina # Jorge # AntonellaRoccuzzo https://www. adnkronos.com/sport/morte-jorg e-messi-oggi-funerali-leo-torna-argentina-ultimo-saluto-papa_6xs5pk9hGTjP9slBPPRCtC"
argentina,Lionel Messi misses Inter Miami defeat after death of father Lionel Messi misses Inter Miami&#39;s Leagues Cup defeat by Monterrey on Saturday night after the death of his father. https://www. bbc.com/sport/football/article s/czrj0yd2p4ro # TopNews # News # Messi # Jorge # Argentina
argentina,"Alicia Penalba (1913-1982) Alicia Penalba (1913-1982) was an Argentine sculptor, tapestry designer, and weaver. via W #PalianSHOW https:// palianshow.wordpress.com/2026/ 08/09/alicia-penalba/"
argentina,"Argentina: Protesters March Against Privatization of National Territory, Face Police Repression – Orinoco Tribune https:// orinocotribune.com/argentina-p rotesters-march-against-privatization-of-national-territory-face-police-repression/ # Argentina # RightWing"
argentina,"Plaza de la República (Buenos Aires) — Buenos Aires, Argentina 📍 📷 Barcex · CC BY-SA 3.0 # Argentina https:// show.pictures/world/argentina/ buenos-aires/plaza-de-la-rep-blica-buenos-aires/"
argentina,"Parque Thays — Buenos Aires, Argentina 📍 📷 Schummy · Public domain # Argentina https:// show.pictures/world/argentina/ buenos-aires/parque-thays/"
argentina,Reconciliation or recolonization? What Canada can learn by looking&nbsp;abroad # IndigenousPeoples # Reconciliation # IndigenousRights # Recolonization # Canada # Politics # Colonialism # NewZealand # Māori # Argentina # Mapuche # FirstNations # IndigenousSovereignty # LandRights https:// the-14.com/reconciliation-or-r ecolonization-what-canada-can-learn-by-looking-abroad/
argentina,"Jorge Messi, father and agent of Argentina great, dies aged 68 Lionel Messi’s father and agent Jorge has died at the age of 68 at a medical clinic in the ⁠Argentinian city of ⁠Rosario after ​a long illness, the family have announced https://www. theguardian.com/football/2026/ aug/08/jorge-messi-dies-father-agent-lionel-messi-argentina-inter-miami # TopNews # News # LionelMessi # JorgeMessi # Argentina"
argentina,"Il Fatto Quotidiano: “Farò saltare in aria Messi con 4 bombe legate al mio corpo”: un uomo voleva fare un attentato ai Mondiali. La scoperta choc dell’Fbi “Farò saltare in aria Messi con quattro bombe legate al mio corpo“. Questa la minaccia che avrebbero intercettato i sistemi di sicurezza statunitensi e internazionali durante i Mondiali del 2026. Secondo il sito del quotidiano spagnolo Marca, un rapporto della polizia statunitense ha svelato le minacce alla sicurezza che sia l’Fbi che l’Ipcc (Centro di Cooperazione Internazionale di Polizia) hanno dovuto affrontare durante i Mondiali vinti dalla Spagna. Messi il giocatore che avrebbe ricevuto il maggior numero di minacce durante tutto il torneo. “Prima della partita della fase a gironi tra Argentina e Giordania – scrive Marca -, un uomo ha chiamato l’aeroporto di Dallas minacciando di fare irruzione nello stadio con altre due persone, muniti di bombe artigianali e un fucile AR-15, indicando specificamente Messi come obiettivo“. Le minacce si sono ripetute prima della partita degli ottavi di finale tra Argentina ed Egitto. “Entrerò allo stadio di Atlanta e farò saltare in aria Messi con quattro bombe legate al corpo”, ha scritto uno dei sospettati sui social media. Sempre per lo stesso match venne segnalata la presenza di tre bombe all’interno dello stadio, poi i controlli immediatamente scattati, anche con l’ausilio dei cani addestrati per individuare materiale epslosivo, fecero rientrare ogni timore. A Houston e a Toronto, informa il rapporto della polizia Usa, furono fermati due uomini sospettati di voler in qualche modo creare problemi a Cristiano Ronaldo. Segnalate anche minacce di morte per gli arbitri, con il francese François Letexier che avrebbe ricevuto più di 6mila messaggi d’odio su WhatsApp dopo avere arbitrato Argentina–Egitto. Lo stesso è accaduto all’arbitro Var del match, Willy Delajod. A causa delle minacce, è stato necessario rafforzare la sicurezza delle loro case e delle loro famiglie in Francia. L'articolo “Farò saltare in aria Messi con 4 bombe legate al mio corpo”: un uomo voleva fare un attentato ai Mondiali. La scoperta choc dell’Fbi proviene da Il Fatto Quotidiano. ""I will blow up Messi with 4 bombs tied to my body"": a man wanted to carry out an attack on the World Cup. The shocking discovery by the FBI. “I will blow up Messi with four bombs tied to my body.” This was the threat intercepted by US and international security systems during the 2026 World Cup. According to the website of the Spanish daily Marca, a police report revealed the security threats faced by both the FBI and the ICC (International Police Coordination Centre) during the World Cup won by Spain. Messi, the player who would have received the most threats throughout the tournament. “Before the group stage match between Argentina and Jordan – writes Marca -, a man called the Dallas airport threatening to storm into the stadium with another two people, armed with homemade bombs and an AR-15 rifle, specifically indicating Messi as the target.” The threats repeated themselves before the eighth final match between Argentina and Egypt. “I will enter the Atlanta stadium and blow up Messi with four bombs tied to my body,” wrote one of the suspects on social media. For the same match, the presence of three bombs inside the stadium was reported, then immediately triggered checks, even with the help of trained dogs to detect explosive material, dispelled all fears. In Houston and Toronto, the US police report states that two men were stopped suspected of wanting to create problems for Cristiano Ronaldo in some way. Threats of death were also reported for the referees, with French François Letexier receiving more than 6,000 hate messages on WhatsApp after arbitrating Argentina–Egypt. The same happened to the VAR referee of the match, Willy Delajod. Due to the threats, security had to be strengthened around their homes and families in France. The article “I will blow up Messi with 4 bombs tied to my body”: A man wanted to carry out an attack on the World Cup. The shocking discovery by the FBI comes from Il Fatto Quotidiano. # Messi # theWorldCup # the2026WorldCup # Spanish # Marca # Spain # Argentina # Jordan # Dallas # AR -15 # eighth # Egypt # Atlanta # Houston # Toronto # CristianoRonaldo # French # FrançoisLetexier # WhatsApp # WillyDelajod # France # IlFattoQuotidiano https://www. ilfattoquotidiano.it/2026/08/0 8/mondiali-2026-minacce-messi-attentato-bombe-fbi/8474313/"
argentina,Jorge Messi: Lionel Messi&#39;s father dies aged 68 after long illness Lionel Messi&#39;s father and agent Jorge dies at the age of 68 following a long illness. https://www. bbc.com/sport/football/article s/c70gn3w5ek5o # TopNews # News # Jorge # Lionel # Argentina
argentina,"Jorge Messi, father of Argentina soccer great Lionel Messi, dies at 68 Jorge Messi served as his son&#39;s agent and accompanied him to Europe when he signed with Barcelona as a teenager. https://www. cbsnews.com/news/jorge-messi-f ather-of-argentina-great-lionel-messi-dies-at-68/ # TopNews # News # LionelMessi # JorgeMessi # Argentina"
argentina,Fallece Jorge Messi en Rosario dejando un legado clave en el fútbol mundial https:// fed.brid.gy/r/https://www.tele surtv.net/fallece-jorge-messi-rosario-legado-futbol/
argentina,"Agi: Morto a 68 anni il padre di Messi, al Mondiale Leo pianse per lui AGI – Jorge Messi, padre di Leo Messi, è deceduto venerdì in un ospedale di Rosario, in Argentina, all'età di 68 anni. Agente e nume tutelare della Pulce, da tempo combatteva contro una malattia e le sue condizioni di salute si erano aggravate negli ultimi mesi, al punto che durante il mondiale americano l'attaccante ex Barcellona si era più volte commosso spiegando poi di essere preoccupato per ""problemi familiari"". Sposato con Celia Cuccittini e padre di altri quattro figli oltre a Lionel, Jorge Messi ha avuto un ruolo cruciale nella carriera del 'Dies' che ha seguito fin da bambino per poi accompagnarlo in Europa quando approdò al Barcellona dal Newell's. Pur restando sempre defilato, era stato lui a firmare contratti, negoziare i trasferimenti e a curare gli affari del figlio. The father of Messi, who died at 68, Leo cried for him at the World Cup. A.G.I. – Jorge Messi, father of Leo Messi, died Friday in a hospital in Rosario, Argentina, at the age of 68. Agent and legal guardian of “The Flea,” he had long been battling an illness, and his health conditions had worsened over the past months, to the point that during the Copa America the former Barcelona striker had repeatedly been moved to tears explaining then that he was worried about ""family problems."" Married to Celia Cuccittini and father of four other children in addition to Lionel, Jorge Messi played a crucial role in the “Little One’s” career, following him from childhood and accompanying him to Europe when he arrived at Barcelona from Newell's. While always staying out of the spotlight, he was the one who signed contracts, negotiated transfers, and handled his son's affairs. # Messi # theWorldCup # JorgeMessi # LeoMessi # Rosario # Argentina # TheFlea # theCopaAmerica # Barcelona # CeliaCuccittini # Lionel # Europe # Newells https://www. agi.it/sport/news/2026-08-08/p adre-leo-messi-morto-38450238/"
argentina,"Jorge Messi, father and agent of Argentina great, dies aged 68 https://www. theguardian.com/football/2026/ aug/08/jorge-messi-dies-father-agent-lionel-messi-argentina-inter-miami # LionelMessi # Football # InterMiami # Argentina # Sport # UsSports"
argentina,"Jorge Messi, father and agent of Argentina great, dies aged 68 By Guardian sport Messi family report death at medical clinic in Rosario https://www. theguardian.com/football/2026/ aug/08/jorge-messi-dies-father-agent-lionel-messi-argentina-inter-miami # LionelMessi # Football # InterMiami # Argentina # Sport # TheGuardian # Guardiansport"
argentina,"È morto Jorge Messi, il padre di Lionel: aveva 68 anni. Due mesi fa il campione argentino pianse per lui https:// fed.brid.gy/r/https://www.ilfa ttoquotidiano.it/2026/08/08/morte-jorge-messi-padre-lionel-68-anni-malattia/8474176/"
argentina,Lionel Messi’s father Jorge Messi passed away at 68 after health battle; family had sought privacy https:// english.mathrubhumi.com/sports /football/jorge-messi-death-lionel-messi-father-euvdivv0?utm_source=dlvr.it&amp;utm_medium=mastodon # LionelMessi # JorgeMessi # Messi # Argentina # InterMiami
argentina,"New # earthquake detected: M 4.6 - 77 km WSW of San Antonio de los Cobres, # Argentina 2026/08/08, 12:44:22 UTC GPS: -24.3920, -67.0572 Depth: 163.582 km 🔗 https:// earthquake.usgs.gov/earthquake s/eventpage/us6000tj96"
argentina,"📍 77 km WSW of San Antonio de los Cobres, Argentina 🕐 Sat 08 Aug 2026 12:44 UTC 🌍 M4.6 Earthquake 🟢 Light 📊 Magnitude: 4.6 📏 Depth: 163.6 km — Intermediate depth 🗺️ -24.392, -67.0572 🔗 https:// earthquake.usgs.gov/earthquake s/eventpage/us6000tj96 # Earthquake # Seismic # EarthAlerts # DisasterAlert # BreakingNews # Environment # Nature # Science # Prepping # SanAntonioDeLosCobres # Argentina"
argentina,"Mb 4.60 earthquake (reviewed) occurred at 2026-08-08T12:44:22 UTC, 77 km WSW of San Antonio de los Cobres, Argentina # quake # earthquake # sanantoniodeloscobres # argentina https:// earthquake.usgs.gov/earthquake s/eventpage/us6000tj96"
argentina,Fuerzas federales argentinas y policía de Buenos Aires son acusadas por represión https:// fed.brid.gy/r/https://www.tele surtv.net/fuerzas-federales-argentinas-policia-buenos-aires-acusadas/
argentina,"Cuando el gobierno necesita reprimir para tapar su # falsorelato # Argentina # Propaganda Porque una cosa es que las fuerzas de seguridad intervengan ante un hecho concreto de violencia. Otra, muy diferente, es que la represión termine convirtiéndose en el mecanismo mediante el cual el Estado decide cuándo una protesta deja de ser legítima. https://www. diariolonuestro.com.ar/single- post/cuando-el-gobierno-necesita-reprimir-para-tapar-su-falso-relato"
argentina,"Mb 4.40 earthquake (reviewed) occurred at 2026-08-08T06:06:41 UTC, 108 km W of San Antonio de los Cobres, Argentina # quake # earthquake # sanantoniodeloscobres # argentina https:// earthquake.usgs.gov/earthquake s/eventpage/us6000tj73"
argentina,"Argentina Official alert: Viento Area: Argentina Severity: Extreme La zona cordillerana será afectada por vientos del sector oeste con velocidades entre 60 y 80 km/h, con ráfagas que pueden superar los 100 km/h, especialmente en los Source: Argentina Servicio Meteorologico Nacional https:// ssl.smn.gob.ar/feeds/CAP/xml_g enerados/CAP_20260807201301_Viento_Cordillera_alertas_alertas_32.xml App Store: https:// apps.apple.com/us/app/weather- now-radar-forecast/id1371461117 # WeatherNow # Argentina"
argentina,"Parque de la Ciudad — Buenos Aires, Argentina 📍 📷 Nataliafrances · CC BY-SA 4.0 # Argentina https:// show.pictures/world/argentina/ buenos-aires/parque-de-la-ciudad/"
argentina,We respect this ancient wisdom too: here in # Argentina we do Pride on the late spring (to avoid the chaos of Xmas/new year/summer vacations) and recently we started an # Antifa Pride in early February. https:// bikeshed.vibber.net/@brooke/11 7057369221579078
argentina,🏷️ # Venezuela # SiliconValley # PeterThiel # PaypalMafia # CharterCities # Honduras # Argentina # NaturalResources # TechnoFascism 🔗 https:// guacamayave.com/en/what-intere sts-draw-peter-thiel-to-venezuela/
argentina,"✅ Resolved: Internet disruption detected in San Juan, Argentina — observed 2026-08-07 18:20–19:16 UTC (56m) (source: IODA). https:// partially.online/?country=AR # PartialyOnline # Argentina # SanJuan # Disruption"
argentina,"Joystick ▶️ “Diarios de Humo” Con el lanzamiento de Diarios de humo, su cuarto trabajo de estudio, la agrupación argentina Joystick consolida una notable madurez compositiva. Alejándose de las convenciones más estrictas del género, la banda propone una aguda exploración sonora y temática que privilegia la vulnerabilidad humana, el cuestionamiento interno y la experimentación instrumental. Arquitectura sonora: El álbum traza un recorrido dinámico y versátil. Oscila entre el ímpetu explosivo de las guitarras en […] https:// musicwayatx.com/2026/08/07/joy stick-%e2%96%b6%ef%b8%8f-diarios-de-humo/"
argentina,Real Madrid cede a Franco Mastantuono a la Fiorentina hasta junio de 2027 https:// fed.brid.gy/r/https://www.elna cional.com/2026/08/real-madrid-cede-a-franco-mastantuono-a-la-fiorentina-hasta-junio-de-2027/
argentina,Talk about # mainCharacterSyndrome # argentina https://www. irishtimes.com/world/americas/ 2026/08/07/were-already-in-world-war-three-tech-titans-prepare-argentinian-ranch-for-apocalypse/
argentina,"Argentina’s government posts ICE-style video of immigration operation By Tiago Rogero South America correspondent Social media video shows 60-year-old woman being led away in handcuffs, but she was released minutes later https://www. theguardian.com/world/2026/aug /07/argentina-immigration-operation-video # Argentina # JavierMilei # ICEUSImmigrationandCustomsEnforcement # DonaldTrump # TheGuardian # TiagoRogeroSouthAmericacorrespondent"
argentina,"Internet disruption detected in San Juan, Argentina — Significant Disruption — ongoing since 2026-08-07 18:20 UTC (source: IODA). https:// partially.online/?country=AR # PartialyOnline # Argentina # SanJuan # Disruption"
argentina,Next Level - Issue 41 (November 2002) [ARGENTINA] # magazine # retrogaming # reviews # johnnygameovermag # jgomag # magazine # videogamemagazine # retrogaming # games # gaming # reviews # sp # argentina # ar # nextlevel #41 # november #2002 https://www. youtube.com/shorts/nTZsdhft9oc
argentina,"Agi: Il pallone della 'Mano di Dio' va all'asta per 10 milioni di dollari AGI - Il pallone con cui Diego Maradona segnò, in particolare con la mano, durante la leggendaria vittoria dell'Argentina contro l'Inghilterra ai Mondiali del 1986 potrebbe essere venduto all'asta negli Stati Uniti alla fine di agosto per oltre 10 milioni di dollari. L'asta, organizzata dalla casa d'aste americana Heritage Auctions, che ha fornito la stima iniziale, si terrà dal 21 al 23 agosto. Il prezzo di partenza è stato fissato a 2,5 milioni di dollari.&nbsp; Il simbolismo della partita Argentina-Inghilterra ai Mondiali del 1986 La maglia indossata dalla stella argentina durante quella partita dei quarti di finale, vinta 2-1 dalla sua squadra il 22 giugno 1986 a Città del Messico, è stata venduta per la cifra record di 9,3 milioni di dollari nel 2022. Il pallone stesso è stato messo all'asta nel 2022 e nel 2023, con offerte che hanno raggiunto quasi i 2 milioni di dollari in entrambe le occasioni. Questa partita, carica di simbolismo a quattro anni dalla guerra delle Falkland tra i due Paesi, ha contribuito in modo determinante alla complessa leggenda di Maradona, scomparso nel novembre 2020 all'età di 60 anni. Al 51esimo minuto, il capitano argentino segnò, chiaramente con la mano, e a fine partita si riferì ironicamente a quel gesto come ""la mano di Dio"". Solo quattro minuti dopo, ""El Pibe de Oro"" realizzò un gol indimenticabile, partendo dalla propria metà campo e superando quattro avversari prima del portiere inglese. L'Argentina vinse poi la Coppa del Mondo. Heritage Auctions spiega sul suo sito web che l'arbitro, il tunisino Ali Bennaceur, dichiarò in una lettera del 2023 di aver recuperato l'unico pallone utilizzato durante la partita, di averlo fatto autografare dai suoi assistenti e di averlo conservato per oltre trent'anni. La casa d'aste aggiunge di aver fatto autenticare l'oggetto da due società specializzate in cimeli sportivi, in particolare sulla base di fotografie. The ‘Hand of God’ ball is going up for auction for $10 million. AGI - The ball with which Diego Maradona scored, particularly with his hand, during the legendary victory of Argentina against England at the 1986 World Cup could be sold at auction in the United States at the end of August for over $10 million. The auction, organized by American auction house Heritage Auctions, which provided the initial estimate, will take place from August 21st to 23rd. The starting price has been set at $2.5 million. The symbolism of the Argentina-England match at the 1986 World Cup The jersey worn by the Argentine star during that quarter-final match, won 2-1 by his team on June 22, 1986, in Mexico City, was sold for a record $9.3 million in 2022. The ball itself was put up for auction in 2022 and 2023, with bids reaching almost $2 million each time. This match, charged with symbolism four years after the Falklands War between the two countries, contributed significantly to Maradona’s complex legend, who died in November 2020 at the age of 60. In the 51st minute, the Argentine captain scored, clearly with his hand, and at the end of the match he ironically referred to that gesture as ""the Hand of God.” Just four minutes later, “El Pibe de Oro” scored an unforgettable goal, starting from his own half and overcoming four opponents before the English goalkeeper. Argentina then won the World Cup. Heritage Auctions explains on its website that the referee, Tunisian Ali Bennaceur, declared in a letter of 2023 that he had recovered the only ball used during the match, had it autographed by his assistants, and kept it for over thirty years. The auction house adds that the item has been authenticated by two specialist memorabilia companies, particularly based on photographs. # DiegoMaradona # Argentina # England # WorldCup # theUnitedStates # American # HeritageAuctions # WorldCup # Argentine # MexicoCity # theFalklandsWar # Maradona # theHandofGod # ElPibedeOro # English # theWorldCup # Tunisian # AliBennaceur https://www. agi.it/sport/news/2026-08-07/p allone-maradona-asta-38439881/"
argentina,"“Milei, the Tech Bros and AI Dreams” By Richard M. Sanders, July 2026 #PeterThiel #Argentina Milei, the Tech Bros and AI Dr..."
argentina,"Milo J Cierra en Kempes Argentina Después de recorrer América Latina, Europa y Estados Unidos, Milo J regresará a la Argentina el próximo 5 de diciembre para despedir el recorrido de 2026 de La Vida Era Más Corta Tour Mundial. El Estadio Mario Alberto Kempes será el escenario del primer show 360° del artista en el país, un formato que debutó meses atrás en el Palacio de los Deportes de Ciudad de México y que ahora encontrará su primera función frente al público argentino. El anuncio se realizó de la misma […] https:// musicwayatx.com/2026/08/07/mil o-j-cierra-en-kempes-argentina/"
argentina,"# Argentina : Milei's property bill triggers protests, anger Emmy Sasipornkarn with AFP, EFE 15 hours ago15 hours ago Police clashed with protesters in Buenos Aires after thousands rallied against President Javier Milei's private property bill. The government had already dropped a provision on foreigners buying land in Argentina. https://www. dw.com/en/argentina-mileis-pro perty-bill-triggers-protests-anger/a-78272866"
argentina,"Agenzia Nova: Argentina-Israele: Milei incontra ministro degli Esteri Sa'ar, ribadito il partenariato strategico 07 ago 18:22 - (Agenzia Nova) - Il presidente dell'Argentina, Javier Milei, ha incontrato il ministro degli Esteri di Israele, Gideon Sa'ar,... (Abu) Argentina-Israel: Milei meets with Foreign Minister Saar, reaffirmed the strategic partnership. August 7, 6:22 PM – (Agenzia Nova) – The President of Argentina, Javier Milei, met with the Minister of Foreign Affairs of Israel, Gideon Sa’ar,… (Abu) # Argentina # AgenziaNova # JavierMilei # GideonSa ’ar https://www. agenzianova.com/a/6a7607056602 d6.42552873/7681854/2026-08-07/argentina-israele-milei-incontra-ministro-degli-esteri-sa-ar-ribadito-il-partenariato-strategico"
argentina,"Club Atletico Boca Juniors 🇦🇷 Liga Profesional de Fútbol 2026 Home Kit If you’d like one, I sell these 5.5-inch tall brick collectibles on Etsy: https://www. etsy.com/listing/4528493753/55 -inch-boca-juniors-brick-collectible # Boca # Argentina # 3dprinting # mastofut"
argentina,"Daniela Spalla ➡ “La Espina” La Artista Argentina que conquista México inicial una Nueva era con el lanzamiento de ""La Espina"" single con el que comienza a revelar su proximo álbum. Daniela Spalla, nacida en Argentina radicada en México donde avanza en su carrera profesional, presenta ""La Espina"", el sencillo con el que abre una nueva etapa en su carrera artística. Reconocida por una propuesta que ha hecho de la vulnerabilidad y la honestidad emocional su sello distintivo, la cantautora argentina da un paso hacia […] https:// musicwayatx.com/2026/08/07/dan iela-spalla-%e2%9e%a1-la-espina/"
argentina,"Google Blog: Step into the world of tango on Google Arts &amp; Culture. “Google Arts &amp; Culture has long been committed to preserving and celebrating Argentina’s rich heritage, having collaborated with 25 local partners across the country. Following the success of Argentina’s Table — our exploration of the nation’s diverse culinary scene — we’re now turning our focus to the dance and […] https://rbfirehose.com/2026/08/07/google-blog-step-into-the-world-of-tango-on-google-arts-culture/"
argentina,"Maradona, testimonianza choc del massaggiatore: “Non voleva alzarsi dal letto, non voleva mangiare, non voleva lavarsi e nessuno interveniva” https:// fed.brid.gy/r/https://www.ilfa ttoquotidiano.it/2026/08/07/morte-maradona-testimonianza-massaggiatore-non-voleva-alzarsi-dal-letto-non-voleva-mangiare-non-voleva-lavarsi-nessuno-interveniva/8473408/"
argentina,"✅ Resolved: Internet disruption detected in San Juan, Argentina — observed 2026-08-07 11:40–12:36 UTC (56m) (source: IODA). https:// partially.online/?country=AR # PartialyOnline # Argentina # SanJuan # Disruption"
argentina,"“The # libertarian ’s free-market reforms — and more outlandish pledges to allow “non-human corporations” run by AI agents — have elicited adoration from some corners of # SiliconValley . Thiel, who secretly acquired New Zealand citizenship in 2011, purchased a mansion in # BuenosAires in April and moved his family there for two months. # Varsavsky , who says he knows # Thiel professionally and has spoken to him about # Argentina , said they did not plan their investments together. “We coincidentally came to the same conclusion that of all the places you could go in case of World War III, Argentina is the best,” he said.” &lt; https:// archive.md/KwFYr &gt; / (paywall) &lt; https://www. ft.com/content/0e9c3c2e-1d67-4 b70-981b-73bcdf409a6c &gt;"
argentina,"Adnkronos - ultimoratop: L'Argentina si schiera con Infantino: ""Governance trasparente e rispetto delle procedure democratiche"" (Adnkronos) - L'Afa, che ha grande peso nella Conmebol, ha preso posizione con una nota ufficiale, dopo le polemiche degli ultimi giorni legate al tentativo del presidente della Fifa di 'privatizzare' il Mondiale di calcio e altri tornei Argentina aligns with Infantino: “Transparent governance and respect for democratic procedures.” (Adnkronos) – The Afa, which holds significant weight in the Conmebol, has taken a position with an official statement, following the controversies of recent days related to FIFA president’s attempt to ‘privatize’ the World Cup and other tournaments. # Argentina # Infantino # Conmebol # theWorldCup https://www. adnkronos.com/sport/argentina- difende-infantino-governance-trasperente-rispetto-democrazia_1rcKOcpOFBCEeXuTk4VLpG"
argentina,"Internet disruption detected in San Juan, Argentina — Significant Disruption — ongoing since 2026-08-07 11:40 UTC (source: IODA). https:// partially.online/?country=AR # PartialyOnline # Argentina # SanJuan # Disruption"
argentina,China denuncia que EE.UU. amenaza a empresa argentina por alianza con Huawei https:// fed.brid.gy/r/https://www.tele surtv.net/china-eeuu-amenaza-empresa-argentina-huawei/
argentina,Senado argentino aprueba proyecto de Inviolabilidad sin capítulos de Ley de Tierras y Manejo del Fuego https:// fed.brid.gy/r/https://www.tele surtv.net/senado-argentino-da-media-sancion-al-proyecto-de-inviolabilidad-sin-capitulos-de-ley-de-tierras-y-ley-de-manejo-del-fuego/
argentina,"New # earthquake detected: M 4.5 - 29 km S of Mendoza, # Argentina 2026/08/07, 00:00:38 UTC GPS: -33.1527, -68.8413 Depth: 10.000 km 🔗 https:// earthquake.usgs.gov/earthquake s/eventpage/us6000tits"
argentina,"📍 29 km S of Mendoza, Argentina 🕐 Fri 07 Aug 2026 00:00 UTC 🌍 M4.5 Earthquake 🟢 Light 📊 Magnitude: 4.5 📏 Depth: 10 km — Shallow 🗺️ -33.1527, -68.8413 👥 Felt by 2 people 🔗 https:// earthquake.usgs.gov/earthquake s/eventpage/us6000tits # Earthquake # Seismic # EarthAlerts # DisasterAlert # BreakingNews # Environment # Nature # Science # Prepping # Mendoza # Argentina"
argentina,"Mb 4.50 earthquake (reviewed) occurred at 2026-08-07T00:00:38 UTC, 29 km S of Mendoza, Argentina # quake # earthquake # mendoza # argentina https:// earthquake.usgs.gov/earthquake s/eventpage/us6000tits"
argentina,A &#39;weaponized&#39; yen: How the U.S.-Japan intervention may reshape global currency markets The unprecedented U.S.-Japan intervention to support the yen may end up shaping market behavior. https://www. cnbc.com/2026/08/07/japan-us-y en-intervention-global-currency-markets.html # TopNews # News # Washington # Argentina # Treasury
buenosaires,Los desalojos sin juez ya son mayoría en la Ciudad y la ley busca darle respaldo legal al mecanismo https:// fed.brid.gy/r/https://www.eldi arioar.com/sociedad/desalojos-juez-son-mayoria-ciudad-ley-busca-darle-respaldo-legal-mecanismo_1_13443547.html
buenosaires,"Il Fatto Quotidiano: “Aveva paura di aver inviato foto esplicite a una minore. Sotto effetto di droghe diventava un’altra persona, ma voleva vivere”: le rivelazioni sulla morte di Liam Payne Un archivio di circa 3mila tra documenti, fotografie, dichiarazioni giurate e rapporti ufficiali raccolti dagli investigatori riguardo la morte di Liam Payne ha riaperto il dibattito sulle ultime ore di vita dell’ex membro degli One Direction. L’artista è morto il 16 ottobre 2024 a Buenos Aires dopo essere precipitato dal balcone della stanza 310 dell’Hotel CasaSur. A pubblicarne i contenuti inediti è il Daily Mail. Le immagini delle telecamere di sorveglianza dell’albergo mostrano l’artista, un’ora prima della caduta, con il volto scavato e gli occhi incavati mentre vaga barcollando nei corridoi. Secondo i documenti, nelle ultime quarantotto ore prima della morte, Payne aveva chiesto droga allo staff dell’hotel e ordinato numerose bottiglie di whisky al servizio in camera, arrivando a un conto di 550 dollari nel solo ultimo giorno. “Questa persona sarà molto intensa durante tutto il suo soggiorno. È importante dirgli sempre no, gentilmente e con scuse, per evitare che continui a essere aggressivo”, aveva scritto la direttrice del CasaSur Gilda Martin in una chat di gruppo con i dipendenti su Whatsapp. Tanto che, a una cameriera incaricata di portargli il whisky, è stato detto detto di farsi accompagnare dalla sicurezza. Due dipendenti dell’hotel, Ezequiel Pereyra e Braian Paiz, sono accusati di aver procurato cocaina a Payne: entrambi si sono dichiarati non colpevoli e starebbero negoziando un patteggiamento con la procura. L'articolo “Aveva paura di aver inviato foto esplicite a una minore. Sotto effetto di droghe diventava un’altra persona, ma voleva vivere”: le rivelazioni sulla morte di Liam Payne proviene da Il Fatto Quotidiano. He was afraid he had sent explicit photos to a minor. Under the influence of drugs, he became another person, but wanted to live: revelations about the death of Liam Payne. An archive of approximately 3,000 documents, photographs, sworn statements, and official reports collected by investigators regarding the death of Liam Payne has reopened the debate about the last hours of life of the former One Direction member. The artist died on October 16, 2024, in Buenos Aires after falling from the balcony of room 310 of the CasaSur Hotel. The Daily Mail is publishing its previously unpublished contents. The hotel’s surveillance camera footage shows the artist, an hour before the fall, with hollowed cheeks and sunken eyes as he stumbles through the corridors. According to the documents, in the last forty-eight hours before his death, Payne had asked staff at the hotel for drugs and ordered numerous bottles of whisky via room service, totaling $550 on the final day alone. “This person will be very intense throughout his stay. It is important to always say no to him, politely and with apologies, to prevent him from continuing to be aggressive,” wrote CasaSur director Gilda Martin in a group chat with employees on WhatsApp. So much so that a waitress tasked with delivering the whisky was told to be accompanied by security. Two hotel employees, Ezequiel Pereyra and Braian Paiz, are accused of supplying cocaine to Payne: both have pleaded not guilty and are negotiating a plea bargain with prosecutors. The article “He was afraid he had sent explicit photos to a minor. Under the influence of drugs he became another person, but he wanted to live”: the revelations about the death of Liam Payne comes from Il Fatto Quotidiano. # LiamPayne # BuenosAires # theCasaSurHotel # TheDailyMail # Payne # CasaSur # GildaMartin # WhatsApp # EzequielPereyra # BraianPaiz # IlFattoQuotidiano https://www. ilfattoquotidiano.it/2026/08/1 0/aveva-paura-di-aver-inviato-foto-esplicite-a-una-minore-sotto-effetto-di-droghe-diventava-unaltra-persona-ma-voleva-vivere-le-rivelazioni-sulla-morte-di-liam-payne/8475186/"
buenosaires,"@ debacle &amp; # DebConf26 people still hanging around in # BuenosAires . I have another recommendation for you: this producer's market at the Faculty of Agronomy of the Uni. of BA: https:// agendacultural15.com/feria-de- agronomia-34/ happens on the second weekend of every month IIRC (&amp; if it doesn't rain). Avenida De las Casuarinas, Agronomía Ubicación: geo:-34.59403,-58.48329?z=19&amp;q=-34.59403,-58.48329(Avenida+De+las+Casuarinas%2C+Agronom%C3%ADa) https:// osmand.net/map?pin=-34.59403,- 58.48329#19/-34.59403/-58.48329 # Agronomía # feria # FAUBA # UBA # FeriaDelProductorAlConsumidor"
buenosaires,"""As the protest drew to a close, scuffles broke out on Congress Square with protesters targeting police with stones and other projectiles, and security forces responding with tear gas, rubber bullets and a water cannon. The protesters were mobilized by left-wing movements and unions. Demonstrators carried Argentine flags and banners reading ""The homeland is not for sale""."" # BuenosAires # Argentina # protest https://www. rfi.fr/en/international-news/2 0260807-thousands-protest-private-property-legislation-in-argentina"
buenosaires,RE: https:// mastodon.social/@naidajazmin8a /117051457636054705 # Argentina : Police cracked down hard on thousands of protesters today in Buenos Aires. They are protesting a bill proposed by Javier Milei’s government to allow the sale of rural land to foreigners. # Milei # BuenosAires # ACAB
buenosaires,Not to mention revolt against gated communities in # BuenosAires https://www. huffpost.com/entry/capybaras-m ake-surprise-stop-at-brazilian-legislature_n_6a7352e9e4b02974827c204d?origin=top-ad-recirc My earlier take here https://www. salon.com/2024/09/07/revolt-of -the-capybaras-have-these-large-rodents-taken-over-or-reclaimed-whats-theirs/ # capybara # wildlife # climate # brazil # science # evolution # darwin
buenosaires,"Agenzia Nova: Argentina-Ecuador: Buenos Aires dichiara organizzazione terroristica la banda ""Chone Killers"" 06 ago 21:34 - (Agenzia Nova) - Il governo argentino ha dichiarato la banda ecuadoriana ""Chone Killers"" un'organizzazione terroristica, disponendone... (Abu) Argentina-Ecuador: Buenos Aires declares the gang “Chone Killers” a terrorist organization. August 06 21:34 - (Agenzia Nova) - The Argentinian government has declared the Ecuadorian band “Chone Killers” a terrorist organization, ordering… (Abu) # Argentina # BuenosAires # ChoneKillers # AgenziaNova # Argentinian # Ecuadorian https://www. agenzianova.com/a/6a74e3c427eb 04.18451306/7679153/2026-08-06/argentina-ecuador-buenos-aires-dichiara-organizzazione-terroristica-la-banda-chone-killers"
buenosaires,En Buenos Aires la crueldad contra los pobres se puso de moda https:// fed.brid.gy/r/https://ipsnotic ias.net/2026/08/en-buenos-aires-la-crueldad-contra-los-pobres-se-puso-de-moda/
buenosaires,"RaiNews: Papa Leone XIV in viaggio apostolico in Uruguay, Argentina e Perù dal 6 al 17 novembre In particolare si recherà a Montevideo, Paisandú e Florida dal 6 all'8 novembre; a Buenos Aires, Córdoba e Luján dall'8 all'11 novembre; e a Lima, Chiclayo, Cusco e Pucallpa dall'11 al 17 novembre Pope Leo XIV on a papal mission/journey to Uruguay, Argentina and Peru from November 6th to 17th. Specifically, he will travel to Montevideo, Paysandú, and Florida from November 6th to 8th; Buenos Aires, Córdoba, and Luján from November 8th to 11th; and Lima, Chiclayo, Cusco, and Pucallpa from November 11th to 17th. # LeoXIV # Uruguay # Argentina # Montevideo # Paysandú # Florida # BuenosAires # Córdoba # Luján # Chiclayo # Cusco # Pucallpa https://www. rainews.it/articoli/2026/08/pa pa-leone-xiv-in-viaggio-apostolico-in-uruguay-argentina-e-peru-dal-6-al-17-novembre-f4cf5ac7-5287-4808-a83e-fc7c77130eb3.html"
buenosaires,"Today: ""Buttare la sigaretta a terra fa chic"", la risposta di Belen a una fan che le fa notare il brutto gesto. Il video Solitamente è molto amata e riceve tanti complimenti, stavolta però ha commesso uno scivolone. Avrebbe potuto scusarsi e invece ha deciso di replicare a tono perseguendo nell'errore. Si sta parlando di Belén Rodriguez. La showgirl - nata a Buenos Aires nel 1984 - è al centro delle polemiche per... Throwing a cigarette on the ground is bad,” Belen’s response to a fan who pointed out the unsightly gesture. The video She is usually very loved and receives many compliments, but this time she has made a blunder. She could have apologized instead she decided to retort and persisted in her mistake. It’s about Belén Rodriguez. The showgirl – born in Buenos Aires in 1984 – is at the center of controversy because… # Belen # BelénRodriguez # BuenosAires https://www. today.it/gossip/vip/belen-lanc ia-sigaretta-polemica.html"
buenosaires,My First Night Out in Argentina https:// gallivanting-rainbows.com/read /2026-08-04/my-first-night-out-in-argentina # BuenosAires # Argentina # LGBTQTravel # FirstNightOut # PersonalTravelMemories
buenosaires,Rosalía pide disculpas en Argentina tras polémica por el Mundial https:// fed.brid.gy/r/https://www.elna cional.com/2026/08/rosalia-disculpas-argentina-mundial/
buenosaires,🎥 Bauti Rivas 'NUNCA SE SABE' 📡 https://www. youtube.com/watch?v=C83jy5P5scI # skateboarding # BuenosAires # argentina
buenosaires,‘Não dá mais para tolerar’: metade dos argentinos rechaça medidas de austeridade de Milei https:// fed.brid.gy/r/https://www.bras ildefato.com.br/2026/07/30/nao-da-mais-para-tolerar-metade-dos-argentinos-rechaca-medidas-de-austeridade-de-milei/
buenosaires,"Agenzia Nova: Brasile-Argentina: insulti di Milei contro Lula, ambasciatore a Brasilia riferira' al governo di Buenos Aires 27 lug 19:04 - (Agenzia Nova) - L'ambasciatore argentino in Brasile, Daniel Raimondi, ha comunicato al ministro degli Esteri brasiliano Mauro... (Brs) Brazil-Argentina: Milei’s insults against Lula, ambassador in Brasília will report to the Buenos Aires government. July 27 19:04 - (Agenzia Nova) – The Argentine ambassador to Brazil, Daniel Raimondi, has informed Brazilian Foreign Minister Mauro… (Brs) # Brazil # Milei # Brasília # BuenosAires # AgenziaNova # Argentine # DanielRaimondi # Brazilian # Mauro https://www. agenzianova.com/a/6a679142d3ff 59.79836832/7646055/2026-07-27/brasile-argentina-insulti-di-milei-contro-lula-ambasciatore-a-brasilia-riferira-al-governo-di-buenos-aires"
buenosaires,"Repubblica.it: Brasile-Argentina, match politico. Milei sostiene Flavio Bolsonaro e offende Lula: è crisi Richiamato l’ambasciatore dopo che il presidente di ultradestra di Buenos Aires si è recato a San Paolo per la campagna elettorale del figlio dell’ex leader e ha definito l’omologo ""spazzatura socialista” e “ladro”. E anche Trump si prepara a condizionare il voto Brazil-Argentina, political match. Milei supports Flavio Bolsonaro and insults Lula: it’s a crisis. The ambassador was recalled after the far-right president of Buenos Aires visited São Paulo for his son’s election campaign and called the counterpart “socialist trash” and “thief.” And Trump is also preparing to influence the vote. # Brazil # Argentina # Milei # FlavioBolsonaro # BuenosAires # SãoPaulo # Trump https://www. repubblica.it/esteri/2026/07/2 7/news/brasile_argentina_milei_flavio_bolsonaro_lula-425495929/"
buenosaires,"CF Signals: Morgana Parel – Estímulo [Audio&nbsp;Alert] The archaeology of future techno demands labels that understand rhythm as an extension of urban industrial dynamics. Buenos Aires-based imprint Audio Alert —spearheaded by Kid Riot , a key figure from the first wave of the Argentine scene—presents volume four of its acclaimed various artists series, marking the ninth reference point in its catalog. Faithful to its vocation for science fiction and analog hybridization, this compilation gathers global producers such as Nicko Shuo, Kid Riot himself, and Brazilian duo Lost My Keys, unified under a singular raw, authentic vision of the underground. https://clubfuries.com.mx/2025/12/15/cfp-citizen-noise-pragmatic-aa008/ The vanishing point of this release solidifies with our exclusive Premiere: Estímulo , a piece signed by leading Peruvian DJ and producer Morgana Parel . Living up to a word that defines any physical or mechanical agent capable of triggering a functional reaction within an organism, the track operates as a biological catalyst upon the dancer’s body. From the very first bars, the sonic matter reveals itself as dense and intense, like an erupting volcano that, nonetheless, does not fully explode , holding back a massive amount of modular energy within its core. https://soundcloud.com/clubfuriess/cfs-morgana-parel-estimulo-aa009 The composition’s architecture subtly warps the club’s temporality. As the minutes progress, the track unwinds from its moorings and its density , releasing the accumulated tension to streamline the sonic structure and brighten the rhythm . Enveloping landscapes and an energetic drive coexist masterfully, demonstrating a refined sound design that awakens the senses without resorting to easy stridency. Towards the denouement, the structure rejects any complacent resolution or traditional fading closure. The industrial drive cuts off abruptly mid-analog containment, leaving the residual vibration and the synths’ echo suspended like an unfinished interference in the dark. With Estímulo , Morgana Parel and Audio Alert sign a flawless editorial stance against the current Latin American scene: a manifesto proving that cult techno reaches its peak potency when it manages to fuse geological force with future precision. Label: Audio Alert Artist: Various Artists Title: Curated series Vol.4 Catalogue: AA009 Artwork: Activity Vision Masterized by: Seph Bandcamp Release Date: July 27, 2026 All Major Stores and Platforms: August 3, 2026 Support &amp; Buy:&nbsp; Bandcamp Tracklist 1. Nicko Shuo “Futurism” 2. Morgana Parel “Estímulo” 3. Kid Riot “The Gaze” 4. Lost My Keys “Ondrem” Morgana Parel SoundCloud | Instagram | Beatport | Facebook | Linktree Audio Alert SoundCloud &nbsp;|&nbsp; Instagram &nbsp;|&nbsp; Bandcamp &nbsp;|&nbsp; Facebook Club Furies Website &nbsp;|&nbsp; SoundCloud &nbsp;|&nbsp; Instagram &nbsp;|&nbsp; Threads &nbsp;|&nbsp; TikTok &nbsp;|&nbsp; Facebook &nbsp;|&nbsp; Bandcamp &nbsp;|&nbsp; Linktree #Argentina #AudioAlert #BuenosAires #CFPremiere #clubFuries #ClubFuriesPremiere #CuratedSeries #Electrónica #Electronic #Electronica #Lima #MorganaParel #Peru #Premiere #premiereCF #PremiereClubFuries #techno"
buenosaires,# sunset # buenosaires # photo # photography
buenosaires,Sangre negra. La película que Hollywood no se animó a filmar https:// fed.brid.gy/r/https://periodis modeizquierda.com/sangre-negra-la-pelicula-que-hollywood-no-se-animo-a-filmar/
buenosaires,GENDEMA – Where It Hurts Less # ambient # argentina # buenosaires # chillwave # downtempo # drumandbass # electronic # experimental # idm # instrumental # Chile CC BY (#CreativeCommons Attribution) # ccmusic https:// noproblematapes.bandcamp.com/a lbum/where-it-hurts-less
buenosaires,"Il Tempo: Mondiali, l'Argentina rientra a Buenos Aires senza festa e senza Messi dopo il ko in finale Roma, 21 lug. - (Adnkronos) - La delusione per la finale persa contro la Spagna ha accompagnato il ritorno in patria della nazionale argentina, atterrata nella nottata italiana a Buenos Aires dopo il ko per 1-0 ai supplementari nell'ultimo atto dei Mondiali 2026. Ad accogliere la selezione di Lionel Scaloni, all'aeroporto internazionale di Ezeiza, si sono radunati centinaia di sostenitori. Ad attendere l'aereo di Aerolíneas Argentinas c'erano una breve cerimonia istituzionale, un massiccio dispositivo di sicurezza e una grande scritta ""Gracias"", allestita lungo la pista su un'area di circa 150 metri come tributo ai vicecampioni del mondo. Tra gli assenti figuravano Lionel Messi e Rodrigo De Paul, rimasti negli Stati Uniti. Malgrado la presenza dei tifosi davanti allo scalo, non sono stati organizzati festeggiamenti. La Federcalcio argentina (Afa) ha deciso di rinunciare a qualsiasi evento pubblico dopo la sconfitta in finale e, di conseguenza, anche il governo di Javier Milei ha abbandonato l'idea di proclamare una giornata festiva nazionale. Prima del rompete le righe per le vacanze la 'Selección' si è diretta al al centro sportivo della Federcalcio argentina a Ezeiza e qui ha ricevuto un abbraccio ancora più caloroso da alcune migliaia di tifosi che sfidando la pioggia hanno voluto ringraziare la loro nazionale World Cup, Argentina returns to Buenos Aires without celebration and without Messi after the defeat in the final. Rome, July 21 – (Adnkronos) - The disappointment of losing the final against Spain accompanied Argentina’s return home as the national team landed in Buenos Aires overnight following a 1-0 defeat to extra time in the World Cup final. Hundreds of supporters greeted Lionel Scaloni’s selection at Ezeiza International Airport. A brief institutional ceremony, a massive security presence, and a large banner reading “Gracias” – set up along the runway over an area of approximately 150 meters as a tribute to the vice-world champions – awaited the Aerolíneas Argentinas flight. Lionel Messi and Rodrigo De Paul, who remained in the United States, were among those absent. Despite the presence of fans at the stopover, no celebrations were organized. The Argentine Football Federation (Afa) decided to abandon any public event after the final defeat, and as a result, Javier Milei’s government also abandoned the idea of declaring a national holiday. Before breaking off for vacation, the ‘Selección’ headed to the Argentine Football Federation's sports center in Ezeiza, where it received an even warmer embrace from several thousand fans who, defying the rain, wanted to thank their nation. # WorldCup # Argentina # BuenosAires # Messi # Spain # theWorldCup # LionelScaloni ’s # Gracias # LionelMessi # RodrigoDePaul # theUnitedStates # JavierMilei ’s # Ezeiza https://www. iltempo.it/adnkronos/2026/07/2 1/news/mondiali-l-argentina-rientra-a-buenos-aires-senza-festa-e-senza-messi-dopo-il-ko-in-finale-48620530/"
buenosaires,"Adnkronos - ultimoratop: Mondiali, l'Argentina rientra a Buenos Aires senza festa e senza Messi dopo il ko in finale (Adnkronos) - Numerosi tifosi hanno comunque abbracciato e ringraziato la nazionale albiceleste World Cup, Argentina returns to Buenos Aires without celebration and without Messi after the defeat in the final. (Adnkronos) – Numerous fans nevertheless embraced and thanked the Albiceleste national team. # WorldCup # Argentina # BuenosAires # Messi # Albiceleste https://www. adnkronos.com/sport/mondiali-m ondiali-2026-argentina-afa-messi-de-paul_5BcPJwyhV0kw0Kw3OatP9b"
buenosaires,"Estadio Pedro Bidegain https:// en.wikipedia.org/wiki/Estadio_ Pedro_Bidegain Capacity: 43494 Location: Buenos Aires, Argentina Team: San Lorenzo de Almagro # BuenosAires # Argentina # stadium # soccer # football # fussball # fedifc # mastodonFC"
buenosaires,"RaiNews: Caos a Buenos Aires dopo la finale persa: i tifosi lanciano pietre contro la polizia La delusione per la sconfitta ai Mondiali degenera in violenza. Lanci di pietre e bottiglie contro gli agenti, che hanno risposto con idranti e reparti antisommossa. Chiuse alcune strade del centro Chaos in Buenos Aires after the lost final: fans throw stones at police. Disappointment over the defeat at the World Championships turned into violence. Stone and bottle throwing against police officers, who responded with hoses and riot control units. Some streets in the center were closed. # BuenosAires https://www. rainews.it/video/2026/07/caos- a-buenos-aires-dopo-la-finale-tifosi-lanciano-pietre-contro-la-polizia-25db74c1-cb4a-4464-b8d2-ba75eaee6cfe.html"
buenosaires,"Repubblica.it: Mondiali: scontri tra tifosi e polizia a Buenos Aires dopo la finale Il post-partita nella capitale degenerata in tafferugli, 12 persone arrestate World Cup: clashes between fans and police in Buenos Aires after the final The post-match celebration in the capital turned into a riot, with 12 people arrested. # WorldCup # BuenosAires https://www. repubblica.it/esteri/2026/07/2 0/news/mondiali_scontri_tra_tifosi_e_polizia_a_buenos_aires_dopo_la_finale-425481454/"
buenosaires,"With so much attention on # Argentina due to the # WorldCup , it's important to distinguish between the # white # capitalist pro- # USA # elite mostly in # BuenosAires , and the rest of the country. The experience, ideology, and # history of that elite is not representative of the average Argentine. Most Argentines are brown, poor, and left-leaning."
buenosaires,"Primo piano ANSA - ANSA.it: L'Argentina in finale, Buenos Aires fa festa: fuochi d'artificio e tifosi in piazza Buenos Aires si illumina di biancoceleste dopo la vittoria dell’Argentina Argentina in the final, Buenos Aires celebrates: fireworks and fans in the square. Buenos Aires is illuminated in light blue and white after Argentina's victory. # Argentina # BuenosAires https://www. ansa.it/sito/videogallery/shor t_video/2026/07/16/largentina-in-finale-buenos-aires-fa-festa-fuochi-dartificio-e-tifosi-in-piazza_d8e77d9a-d853-471b-8dfb-71a1b1bb94bf.html"
buenosaires,"Il Fatto Quotidiano: Delirio a Buenos Aires: una marea umana festeggia l’Argentina in finale ai Mondiali | Video Fuochi d’artificio e migliaia di tifosi in piazza a Buenos Aires dopo la vittoria sull’Inghilterra. La capitale si illumina di biancoceleste per festeggiare il ritorno in finale ai Mondiali. Una marea umana in Plaza de la República per celebrare il successo per 2-1. Le immagini dall’alto mostrano la capitale argentina illuminata dai fuochi d’artificio, mentre la festa dei sostenitori della Selección invade le strade della città. Grazie alla rimonta firmata dagli assist di Lionel Messi per Enzo Fernández e Lautaro Martínez, l’Argentina ha raggiunto l’ultimo atto del torneo, dove affronterà la Spagna. L'articolo Delirio a Buenos Aires: una marea umana festeggia l’Argentina in finale ai Mondiali | Video proviene da Il Fatto Quotidiano. Delirium in Buenos Aires: A human tide celebrates Argentina's final at the World Cup | Video Fireworks and thousands of fans in the square in Buenos Aires after the victory over England. The capital is illuminated with blue and white for celebrating the return to the World Cup final. A human tide in Plaza de la República to celebrate the 2-1 success. Images from above show the Argentine capital illuminated by fireworks, while the celebration of the Selección fans invades the city’s streets. Thanks to the comeback spearheaded by Lionel Messi assists for Enzo Fernández and Lautaro Martínez, Argentina has reached the final stage of the tournament, where it will face Spain. Article: Frenzy in Buenos Aires: A human tide celebrates Argentina in the World Cup Final | Video comes from Il Fatto Quotidiano. # BuenosAires # Argentina # England # theWorldCup # PlazadelaRepública # Argentine # Selección # LionelMessi # EnzoFernández # LautaroMartínez # Spain # IlFattoQuotidiano https://www. ilfattoquotidiano.it/2026/07/1 6/delirio-buenos-aires-marea-umana-festeggia-argentina-finale-mondiali-video/8450438/"
buenosaires,"Primo piano ANSA - ANSA.it: Mondiali, Buenos Aires festeggia l’Argentina in finale Fuochi d’artificio e migliaia di tifosi in piazza dopo la vittoria sull’Inghilterra World Cup, Buenos Aires celebrates Argentina in the final Fireworks and thousands of fans in the square after the victory over England. # WorldCup # BuenosAires # Argentina # England https://www. ansa.it/sito/notizie/sport/cal cio/speciali/mondiale-calcio-2026/videogallery/2026/07/16/mondiali-buenos-aires-festeggia-largentina-in-finale_deded319-276e-4235-a538-11dbed3c2d4b.html"
buenosaires,Delirio a Buenos Aires: una marea umana festeggia l’Argentina in finale ai Mondiali | Video https:// fed.brid.gy/r/https://www.ilfa ttoquotidiano.it/2026/07/16/delirio-buenos-aires-marea-umana-festeggia-argentina-finale-mondiali-video/8450438/
buenosaires,"View from the other side: inside Argentina’s celebrations after semi-final win against England Watching England lose is one thing. Watching them lose surrounded by millions celebrating Argentina’s march to another World Cup final, is completely different https://www. theguardian.com/football/2026/ jul/16/argentina-england-celebrations-buenos-aires-world-cup # TopNews # News # Argentina # England # BuenosAires"
buenosaires,RaiNews: Argentina in finale: a Buenos Aires esplode la festa con migliaia di tifosi in piazza Gli Albiceleste hanno battuto l'Inghilterra in semifinale per 2 reti a 1. Domenica la sfida contro la Spagna per il titolo Argentina in final: A Buenos Aires explodes with celebration as thousands of fans take to the streets. Argentina defeated England in the semi-final 2-1. Sunday’s match against Spain is for the title. # Argentina # BuenosAires # England # Spain https://www. rainews.it/video/2026/07/argen tina-in-finale-a-buenos-aires-migliaia-di-tifosi-festeggiano-in-piazza-485849f8-6649-4737-bf9a-905923a00360.html
buenosaires,‘As Malvinas são argentinas’: jogadores provocam ingleses após virada histórica nos acréscimos da semifinal https:// fed.brid.gy/r/https://www.bras ildefato.com.br/2026/07/15/as-malvinas-sao-argentinas-jogadores-provocam-ingleses-apos-virada-historica-nos-acrescimos-da-semifinal/
buenosaires,"RaiNews: Mondiali 2026, l’ambasciata britannica a Buenos Aires: “Se vinciamo festeggiate con eleganza” L'invito diffuso dalla sede diplomatica nel Paese sudamericano in una nota interna inviata al responsabile dei social media che delinea alcune regole di condotta per il post Argentina-Inghilterra World Cup 2026, the British embassy in Buenos Aires: ""If we win, celebrate with elegance."" The invitation distributed by the diplomatic mission in the South American country in an internal note sent to the social media manager outlining some conduct rules for the Argentina-England match. # WorldCup # British # BuenosAires # SouthAmerican https://www. rainews.it/articoli/2026/07/ca lcio-mondiali-2026-semifinale-argentina-inghilterra-ambasciata-britannica-invita-moderazione-0d73e307-55c4-4532-aac5-259e4c6343e1.html"
buenosaires,Saludos desde Baires # buenosaires
buenosaires,"Agenzia Nova: Business news: Argentina-Fmi, Georgeva a Buenos Aires entro fine mese 12 lug 23:00 - (Agenzia Nova) - La direttrice generale del Fondo monetario internazionale (Fmi), Kristalina Georgeva, si rechera' a fine mese... (Abu) Business news: Argentina-IMF, Georgeva in Buenos Aires by the end of the month 12 Jul 23:00 - (Agenzia Nova) - The Managing Director of the International Monetary Fund (IMF), Kristalina Georgieva, will arrive at the end of the month… (Abu) # Argentina -IMF # Georgeva # BuenosAires # AgenziaNova # KristalinaGeorgieva https://www. agenzianova.com/a/6a5401541d53 69.21747010/7595811/2026-07-12/business-news-argentina-fmi-georgeva-a-buenos-aires-entro-fine-mese"
buenosaires,"Javier Negre Inc, la multinacional del bulo https:// fed.brid.gy/r/https://elpais.c om/espana/2026-07-12/javier-negre-inc-la-multinacional-del-bulo.html"
buenosaires,"La Xunta compra una nueva sede en Buenos Aires por 1,4 millones en plena cruzada del PP por el voto exterior https:// fed.brid.gy/r/https://www.info libre.es/politica/xunta-compra-nueva-sede-buenos-aires-1-4-millones-plena-cruzada-pp-voto-exterior_1_2221416.html"
buenosaires,"CF Signals: Lucas Loyato – Any Sound You Like [Spektro&nbsp;Records] The core pursuit of underground electronic music does not lie in blind automation, but rather in the tension generated at the frontier where silicon meets flesh. Hailing from Buenos Aires, Argentine producer Lucas Loyato unveils his third outing for Spektro Records under an existential premise: exploring the raw relationships between machines and humans. Titled Scientific Funk , this release marks the artist’s debut on vinyl through a collection of four original tracks intertwining sci-fi coldness with the elasticity of funk. Three explosive cuts and a mysterious introduction strike a surgical balance between emotion, body, and consciousness. The core of this intergalactic immersion manifests with sophistication on Any Sound You Like , a track boasting a highly compact yet agile sound design. The piece evades genre clichés to deploy an imposing, subtle sci-fi hypnotism of an analog nature. Intensive and extensive, the progressions refuse immediacy; they advance via liquid transformations building a lunar texture over near-black marine blue backgrounds —a universal visual correlative placing the listener within the immensity of outer space void. https://soundcloud.com/clubfuriess/cfs-lucas-loyato-any-sound-you-like-it-spk011 The sonic narrative dispenses with abrupt breaks; the climax arrives with surgical delicacy, a vanishing point after which the machine’s rough, scratching frequencies cause the heart to physically pulse. The intricate sonic labyrinths built by Loyato suddenly reveal their exit, leaving a spaceship stranded on the outermost fringes of the universe. The track transutes into a series of sonic transmissions toward a long-abandoned control tower , sustaining an undaunted, impregnable drive. The closing shuns the complacency of summaries or progressive dissolution; the rhythmic signal simply cuts off mid-spatial tension, leaving a resonance floating in the dim light. With Scientific Funk , Lucas Loyato and Spektro Records sign a lucid editorial stance for the contemporary Latin American scene: they prove that futuristic techno does not have to be monolithic or inert, but a living organism capable of making mathematical precision dialogue with the vibration of the body. Artist: Lucas Loyato Label: Spektro Records Title: Scientific Funk Catalogue: SPK011 Format: Digital / Vinyl Mastering: Coeur Artwork: dj Bahia Release Date: July 13, 2026 Buy link:&nbsp; Bandcamp Tracklist 1. Jazz Voyeur 2. Inear 3. Seeds 4. Any Sound You Like Lucas Loyato SoundCloud | Instagram | Facebook Spektro Records SoundCloud | Instagram | Bandcamp Club Furies Website &nbsp;|&nbsp; SoundCloud &nbsp;|&nbsp; Instagram &nbsp;|&nbsp; Threads &nbsp;|&nbsp; TikTok &nbsp;|&nbsp; Facebook &nbsp;|&nbsp; Bandcamp &nbsp;|&nbsp; Linktree #Argentina #BerlinTechno #BuenosAires #CFPremiere #clubFuries #ClubFuriesPremiere #DarkTechno #DetroitTechno #Electrónica #Electronic #Electronica #Hardgroove #HypnoticTechno #LucasLoyato #Premiere #premiereCF #PremiereClubFuries #SciFiTechno #SpektroRecords #techno"
buenosaires,""" # Soccer fans around the world are familiar with the crest worn by # Argentina and its star # LionelMessi : a vertical shield with laurel branches symbolizing victory and glory at the bottom and three stars at the top representing the team’s three World Cup titles. But few are aware that the crest has its roots in Argentina’s close-knit world of # Jewish # sports clubs, where its designer developed his affinity for soccer. Norberto “Toto” Rud was in his late 20s and a member of Club # NáuticoHacoaj , a Jewish club, when he proposed the crest in 1976, drawing on the branding acumen and graphic design skills he would use throughout his career as a businessman and soccer aficionado in # BuenosAires ."" https://www. jta.org/2026/07/07/sports/the- iconic-crest-worn-by-messi-and-argentinas-soccer-team-was-designed-by-a-jewish-superfan-50-years-ag"
buenosaires,"# Somaliland &#39;s Minister of @somalilandmfa, @min_abdirahman joined lawmakers from across # LatinAmerica at the # IsaacAccords summit in # BuenosAires , highlighting # Hargeisa &#39;s expanding diplomatic outreach &amp; efforts to build new int&#39;l partnerships focused on # Democracy , # Security &amp; # Economic cooperation. https:// saxafimedia.com/somaliland-isa ac-accords-argentina-diplomatic/"
buenosaires,Venezolanos en Argentina homenajearon a víctimas de los terremotos https:// fed.brid.gy/r/https://www.elna cional.com/2026/07/venezolanos-en-argentina-homenajearon-a-victimas-de-los-terremotos/
buenosaires,Looking for the best coffee shops in Buenos Aires? https:// feca.app/coffee-shops/best/bue nos-aires # BuildInPublic # coffee # buenosaires
buenosaires,Observatorio de Argentina alerta por hacinamiento en comisarías de Buenos Aires https:// fed.brid.gy/r/https://www.tele surtv.net/argentina-hacinamiento-comisarias-buenosaires/
buenosaires,"CF Signals: void alive – Patria&nbsp;[Holobeat] South American techno finds a crucial vanishing point in the Santa Fe province. Based in Rosario, the Holobeat imprint consolidates itself as a trench for digital exploration and human connection, operating under a concept that intertwines the futuristic avant-garde of the Holo with the rhythmic energy of the Beat . Its catalog, imbued with a distinct sci-fi aesthetic, serves as the platform for its latest release: Patria o Muerte , a two-track EP signed by local producer Void Alive . The record rescues the foundations of classic techno, filtering them through analog recordings and high-tension textured atmospheres. https://clubfuries.com.mx/2025/12/17/cfp-juan-castillo-roxbury-hb021/ The first half of this political and aesthetic duality materializes in Patria , a track whose title evokes one of the most powerful historical slogans of sovereign liberation in Latin America. Far from blatant, textbook obviousness, the track’s evolution is subtle, delicate, and almost velvet-like . The piece advances with surgical patience and precision, sustained by clean atmospheric environments and brilliant flashes hanging over an intergalactic, architectural space. https://soundcloud.com/clubfuriess/cfs-void-alive-patria-hb026 The progression fractures as it enters a valley of calm and introspection . On the dancefloor, this void functions as a catalyst for deep psychic tribulations—a suspended vortex where the body processes the density of the message. Following this lethargy, the sound blunts out to empower the effects of the previously poured matter, mutating into an imposing sonic delta of a hybrid nature and expansive movement that consumes the room. Patria evades the complacency of a functional ending and cuts its pulse mid-tension, leaving an open resonance that immediately locks into its counterpart, Muerte . With this release, Void Alive and Holobeat sign a flawless editorial stance: they prove that historical memory and the coldness of analog technology can inhabit the very same hypnotic loop, delivering one of the most forceful EPs in contemporary regional techno. Label: Holobeat Artist: void alive Title: Patria o Muerte Catalogue: HB026 Release Date: 2026 Support &amp; Buy:&nbsp; Beatport Tracklist 1. void alive – Patria (Original Mix) 2. void alive – Muerte (Original Mix) void alive SoundCloud | Instagram | Threads Holobeat Website &nbsp;|&nbsp; SoundCloud &nbsp;|&nbsp; Instagram &nbsp;|&nbsp; Beatport Club Furies Website &nbsp;|&nbsp; SoundCloud &nbsp;|&nbsp; Instagram &nbsp;|&nbsp; Threads &nbsp;|&nbsp; TikTok &nbsp;|&nbsp; Facebook &nbsp;|&nbsp; Bandcamp &nbsp;|&nbsp; Linktree #Argentina #BuenosAires #CFPremiere #clubFuries #ClubFuriesPremiere #Electrónica #Electronic #Electronica #Holobeat #HypnoticTechno #Premiere #premiereCF #PremiereClubFuries #RawTechno #Rosario #techno #voidAlive"
buenosaires,"Estadio Pedro Bidegain https:// en.wikipedia.org/wiki/Estadio_ Pedro_Bidegain Capacity: 43494 Location: Buenos Aires, Argentina Team: San Lorenzo de Almagro # BuenosAires # Argentina # stadium # soccer # football # fussball # fedifc # mastodonFC"
buenosaires,"I can neither confirm nor deny that this is the bar... https://www. google.com/maps/place/Bar+Brit anico/@-34.6257423,-58.3718252,617m/data=!3m1!1e3!4m6!3m5!1s0x95a334cd48ec24cb:0x818b6562117a30c7!8m2!3d-34.6252274!4d-58.3710431!16s%2Fg%2F12nvpp93m https:// commons.wikimedia.org/wiki/Fil e:Bar_Britanico_San_Telmo.JPG https:// en.wikipedia.org/wiki/Lezama_P ark https:// en.wikipedia.org/wiki/Argentin e_cuisine#Popular_short-order_dishes # CyberSix # Meridiana # Food # Argentina # BuenosAires # BarBritanico # LezamaParc # ParqueLezama # Cuisine # ArgentinianCuisine # Cuisine # Tourism # Anime # Cartoon # Comic # RealLife # Locations # AnimeVsRealLife # ComicVsRealLife # CartoonVsRealLife # Comparison # Art # TV # Animation # Series # Park # Lezama # LaBoca # DineOut"
buenosaires,"CF Signals: Santiago Nech – Contractura&nbsp;[RI7MO] From Córdoba, Argentina, Santiago Nech delivers his contribution to the latest various artists compilation from Buenos Aires-based label RI7MO , Tranzas Del Swing . Spanning ten tracks, the release once again highlights the diversity of approaches currently shaping contemporary electronic music. Within that framework, Nech’s contribution stands out through its particular interest in abstract sound design, a territory where rhythm, texture, and perception carry equal weight. The artist describes his work as an exploration of abstract sound design within electronic music, and that pursuit finds a precise expression in Contractura . The title refers to the involuntary and sustained contraction of one or more muscle groups, a condition where tension and resistance become inseparable. Rather than serving as a simple conceptual reference, the idea permeates the entire composition, becoming deeply embedded in the way the track organizes its internal forces. https://clubfuries.com.mx/2025/10/21/cfp-yoikol-loose-fit-ri7mo/ From the opening moments, a constant friction emerges between momentum and restraint. The rhythm arrives restless and determined, carrying an energy that seems eager to accelerate beyond itself. Around it, however, calmer layers unfold, creating spacious surfaces and textures that introduce an unexpected sense of stillness. The tension originates precisely from this coexistence. The sonic contracture does not manifest as an explosion but as a sustained pressure running through the entire structure. Speed and calm remain opposed while simultaneously depending on one another, generating a motion that never fully settles. https://soundcloud.com/clubfuriess/cfs-santiago-nech-contractura-r7m048 This is where much of Contractura’s fascination resides. What initially appears contradictory gradually transforms into a unique form of balance. The track discovers unity within divergence, allowing contrasting elements to coexist without dissolving their differences. As it progresses, the textures become increasingly immersive and the groove expands naturally, slowly embedding itself into both body and perception. By the time it reaches its most intense passages, the piece has already established its own gravitational field, where tension ceases to be conflict and becomes propulsion, feeding a nocturnal current that lingers long after the final sound has faded. Label: RI7MO Title: Tranzas Del Swing Vol.13 by Various Artists Artist: Various Artists Catalogue: R7M048 Format: Digital Mastering by Frontman Management Artwork by Lucas Sosa Release Date: June 19, 2026 Support &amp; Buy:&nbsp; Bandcamp Tracklist 1. FALN – Ironhide 2. Isa Tchesnokova – Isa In Wonderland 3. M.F.S: Observatory, Andrey Sirotkin – Crazy Kicks 4. MPHS – Head 5. Octavio Octavio – Cuánto tiempo nos queda 6. Santiago Nech – Contractura 7. Sarica, Sub.Vision – Basic Instinct 8. Surface Division – Echoes In Low Light 9. Veiga – Down The Rabbit Hole 10. Cenk Tripper – TO THE NIGHT Santiago Nech SoundCloud | Instagram | Threads | Bandcamp RI7MO SoundCloud &nbsp;|&nbsp; Instagram &nbsp;|&nbsp; Bandcamp Club Furies Website &nbsp;|&nbsp; SoundCloud &nbsp;|&nbsp; Instagram &nbsp;|&nbsp; Threads &nbsp;|&nbsp; TikTok &nbsp;|&nbsp; Facebook &nbsp;|&nbsp; Bandcamp &nbsp;|&nbsp; Linktree #Argentina #BuenosAires #CFPremiere #clubFuries #ClubFuriesPremiere #Cordoba #DubTechno #Electrónica #Electronic #Electronica #GrooveTechno #house #Premiere #premiereCF #PremiereClubFuries #RI7MO #techno #TranzasDelSwing #VA #VariousArtists"
buenosaires,🗓 18 de junio de 2026 · # México 9:00 # BuenosAires 12:00 # Madrid 17:00 Inscríbete 👇 https:// twp.ai/4hrcSR # OELATAM # EducaciónAbierta # OEGlobal # IAGenerativa # EquidadDelConocimiento 2/2
buenosaires,"""Telepatía, baby!"" SIRENA by: B4DE, CÓSIMA [Buenos Aires, Argentina] released: 26 AUG 2021 #electronic #coldwave #dance #dark #darkwave #drone #drum &amp; #bass #ebm #goth #house #industrial #postpunk #techno #vampire #witch #buenosaires cosimafricke.bandcamp.com/track/sirena SIRENA, by B4DE, CÓSIMA"
buenosaires,En imágenes: Miles de argentinos despiden a la defensora de derechos humanos Taty Almeida https:// fed.brid.gy/r/https://www.tele surtv.net/argentinos-despiden-defensora-taty-almeida/
buenosaires,Hello everyone! # RadioPitohue - # SonidosdelSur is presenting you all the second # album of # AngelVargas . Enjoy! 🇦🇷🎶🎶 # Argentina # Tango # Milonga # BuenosAires # EditionEstela # TesorosMusicales # Music # Latin Ángel Vargas Vol.2 - El CantorPorteño https:// open.spotify.com/playlist/39Aj CeqvxdLBJkQMZfCloI?si=b98adca4a72644c5
buenosaires,"And yes, in Italy, Spaghetti are an appetizer. They don't get served as a huge platter in that case either… https:// mstdn.party/@asm/1164631706227 12133 But then again, Meridiana is obviously more inspired by Buenos Aires than Rome, as it's geography and features map more to the former than latter… And there lunch is way bigger… https:// en.wikipedia.org/wiki/Argentin e_cuisine # CyberSix # Meridiana # BuenosAires # Rome # Italy # Spaghetti # Food # Argentinia"
buenosaires,"Argentine football club inaugurates 120 kW solar system - pv magazine Global # Erneuerbare # Renewable # Solar # Photovoltaik # Fussball # WM2026 # Argentinia # BuenosAires # Wm26 pv-magazine.com/2026/06/02/el-… Buenos Aires-based Club Atlético Vélez Sarsfield has switched on a 120 kW rooftop solar system on top of its football stadium, expected to cover up to 20% of its annual electricity demand."
buenosaires,"Pirelli frena en Merlo y enciende una nueva alarma industrial: suspensiones, recorte salarial y temor por el&nbsp;empleo La decisión de Pirelli de paralizar durante una semana la producción de su planta de Merlo y eliminar desde julio las horas extras de fin de semana vuelve a poner en evidencia el deterioro que atraviesa buena parte de la industria argentina. Aunque la empresa mantendrá el pago de salarios durante las suspensiones, cientos de trabajadores sufrirán una fuerte caída de ingresos en un contexto ya golpeado por la pérdida de poder adquisitivo y la retracción económica. Por Celina […] https:// noticiaslainsuperable.com.ar/2 026/06/04/pirelli-frena-en-merlo-y-enciende-una-nueva-alarma-industrial-suspensiones-recorte-salarial-y-temor-por-el-empleo/"
buenosaires,Milhares de mulheres exigem ações contra o feminicídio e o machismo na Argentina https:// fed.brid.gy/r/https://www.bras ildefato.com.br/2026/06/03/milhares-de-mulheres-exigem-acoes-contra-o-feminicidio-e-o-machismo-na-argentina/
buenosaires,"Today: Wanda Nara, c'è la decisione del giudice: la cifra astronomica che aveva chiesto a Icardi (e perché non la riceverà) Sperava di ricevere un (ingente) assegno di mantenimento ma, invece, non lo avrà. Si sta parlando di Wanda Nara. Showgirl, modella, influencer, imprenditrice nata a Boulogne Sur Mer (cittadina in provincia di Buenos Aires, Argentina). Di lei si sta parlando ormai da mesi per un unico motivo: la... Wanda Nara, here’s the judge’s decision: the astronomical amount she asked from Icardi (and why she won’t receive it). I was hoping to receive a (substantial) alimony check, but instead, she won’t. This is about Wanda Nara. Showgirl, model, influencer, entrepreneur born in Boulogne Sur Mer (a town in the province of Buenos Aires, Argentina). She has been talked about for months for only one reason: the... # WandaNara # BoulogneSurMer # BuenosAires # Argentina https://www. today.it/gossip/wanda-nara-nie nte-assegno-icardi.html"
buenosaires,"CF Signals: Fer Torres – Partner en Viaje [SHURIKEN&nbsp;手裏剣] Born in Córdoba, Argentina, Fer Torres has developed a sonic identity rooted in the deeper territories of house music. His productions unfold through precise structures, restrained grooves, and a distinctive sensitivity for creating atmospheres that reveal themselves gradually. Depth, in his work, emerges not simply from density but from the way each sound interacts with the space and time surrounding it. His latest release arrives via SHURIKEN 手裏剣 , a Buenos Aires-based label guided by a compelling principle. The discovery of hidden rhythms. Sounds waiting to be uncovered, frequencies that reveal their full character only when placed in the right environment. https://clubfuries.com.mx/2025/03/18/cfp-ivo-reiderman-the-source-shuriken/ Partner en Viaje brings together three original compositions — From a Distance , Xtrx Mxxd , and Partner en Viaje — alongside a remix of the title track by Gus Bonani . It is this original version that captures our attention for today’s Premiere. From the outset, Partner en Viaje moves with remarkable restraint. The track emerges from a carefully shaded darkness, avoiding dramatic gestures in favour of subtle development. Individual sounds appear almost hesitantly, like isolated signals searching for connection before forming a shared direction. The sensation recalls walking through a landscape illuminated only by distant flickers of light. Fireflies suspended in the night. Fragile points of brightness capable of completely altering one’s perception of the surrounding space. https://soundcloud.com/clubfuriess/sfs-fer-torres-partner-en-viaje-shkn007 As the composition unfolds, that initial darkness gradually acquires warmth. Rhythmic elements begin to interlock with quiet confidence, allowing the track to breathe while maintaining a steady internal momentum. Each layer seems designed to support the next, creating movement that never feels forced or imposed. There is something deeply tactile about the way Fer Torres handles texture. The grooves feel velvety and fluid, almost organic in their movement. Rather than occupying space aggressively, they move through it gently, reshaping the environment from within and generating a powerful sense of intimacy. The warmth running through the track avoids obvious nostalgia. Instead, it emerges from the meeting of different temporalities. Emotional echoes from somewhere familiar coexist with a distinctly contemporary production style, precise in its details and confident in its use of space. This balance is precisely where Partner en Viaje finds its strength. Between contemplation and motion. Between intimacy and openness. Between memory and the present moment. By the time the track reaches its fullest expression, it no longer feels like a journey toward a destination. It becomes a companion. A steady presence moving alongside the listener, synchronising thought, emotion, and rhythm into the same flowing current. Like certain journeys that continue resonating long after they have ended. Label: SHURIKEN – 手裏剣 Artist: Fer Torres Title: Partner en Viaje Catalogue: SHKN007 Format: Digital Mastering: Dani Labb Artwork: Guido Jg Illustration: Caro Crisis Release Date: June 6, 2026 Support &amp; Buy:&nbsp; Bandcamp Tracklist 1. From a distance 2. Xtrx Mxxd 3. Partner en Viaje 4. Partner en Viaje (Gus Bonani Remix) Fer Torres SoundCloud | Instagram | Bandcamp | Linktree | Date Lab SHURIKEN 手裏剣 SoundCloud &nbsp;|&nbsp; Instagram &nbsp;|&nbsp; Bandcamp Club Furies Website &nbsp;|&nbsp; SoundCloud &nbsp;|&nbsp; Instagram &nbsp;|&nbsp; Threads &nbsp;|&nbsp; TikTok &nbsp;|&nbsp; Facebook &nbsp;|&nbsp; Bandcamp &nbsp;|&nbsp; Linktree #Ambient #Argentina #BuenosAires #CFPremiere #clubFuries #ClubFuriesPremiere #Cordoba #Electrónica #electro #Electronic #Electronica #FerTorres #house #HouseMusic #MinimalHouse #Premiere #premiereCF #PremiereClubFuries #SHURIKEN #techno"
buenosaires,RaiNews: I tifosi accolgono la squadra argentina a Kansas City La squadra è atterrata dopo un volo di 11 ore da Buenos Aires The fans welcome the Argentinian team to Kansas City. The team landed after an 11-hour flight from Buenos Aires. # Argentinian # KansasCity # BuenosAires https://www. rainews.it/video/2026/05/i-tif osi-accolgono-la-squadra-argentina-a-kansas-city--70865328-8b11-4ca7-ae39-2982c5d98413.html
buenosaires,Crisis argentina: una pareja de adultos mayores necesita 1.5 millones de pesos al mes https:// fed.brid.gy/r/https://www.tele surtv.net/argentina-pareja-jubilados-mas-mil-usd-mes/
buenosaires,"Milo J, toda a diversidade do mundo em um só canto https:// fed.brid.gy/r/https://www.bras ildefato.com.br/2026/05/27/milo-j-toda-a-diversidade-do-mundo-em-um-so-canto/"
buenosaires,Ditadura brasileira infiltrou seis agentes em países vizinhos e ajudou plano para depor Allende https:// fed.brid.gy/r/https://www.bras ildefato.com.br/2026/05/26/ditadura-brasileira-infiltrou-seis-agentes-em-paises-vizinhos-e-ajudou-plano-para-depor-allende/
buenosaires,Ripio - Entrevista con Beto Bocchia del programa Siglo metalico por Choice Radio (20-5-2026) # Ripio # BetoBocchia # SigloMetalico # ChoiceRadio # Radio # BuenosAires # Argentina
buenosaires,Lolu Menayed – 44CUPIDS RECORDS EP 001 # DeepHouse # Electronic # House # acid # dance # deep # deephouse # dub # electronic # house # housemusic # housemusic # BuenosAires CC BY-NC-ND (#CreativeCommons Attribution Non Commercial No Derivatives) # ccmusic https:// lolumenayed.bandcamp.com/album /44cupids-records-ep-001
buenosaires,La Bomba de Tiempo cumple 20 años: el ritual colectivo que convirtió los lunes en una fiesta https:// fed.brid.gy/r/https://www.eldi arioar.com/espectaculos/bomba-tiempo-cumple-20-anos-ritual-colectivo-convirtio-lunes-fiesta_1_13243471.html
buenosaires,"CF Signals: Pont – No Time [Subsist&nbsp;Records] From Buenos Aires, Pont —the project of Federico Ponti —places his debut on Subsist Records slightly outside the usual frame of contemporary techno. The album avoids relying on repetition as its core mechanism, leaning instead into immersion. The dancefloor becomes a field of perception, where sound reshapes attention and alters the way time is felt. Its language moves toward a more material density. Structures unfold with a curved logic: each layer carries weight, tension remains suspended, and movement feels continuous. The atmosphere holds a lunar quality, suspended and breathing in its own cycles, detached from any straightforward linear path. https://clubfuries.com.mx/2026/04/15/cfp-marekspolzki-reprogram-the-soul-subsist280d/ The album unfolds like a map of what is not immediately visible. Each track defines its own territory, yet together they form a narrative that leans into abstraction and spatial awareness. Within this movement, techno regains a forward-looking dimension, connecting machine, body, and perception into a shared system of exploration. It doesn’t predict the future; it inhabits an undefined zone. This debut marks a point of consolidation for Pont . Intention sharpens, language stabilizes, and direction becomes clear without needing emphasis. The work carries a consistent vision, treating sound as an ongoing process rather than a fixed outcome. https://soundcloud.com/clubfuriess/cfp-pont-no-time-subsist-282d Within this structure, “No Time” stands at the core. The track unfolds through steady temporal sequences, building a stable foundation where intermittent signals emerge, almost like encrypted transmissions. Flickers pass through the surface, leaving traces that resist full resolution. Its texture becomes hybrid. Metallic, fluid, and airy elements intertwine into a substance that keeps shifting states. Sound refuses to settle; it moves, reshapes, and reconfigures itself with each cycle. Perception widens, and time begins to loosen. https://clubfuries.com.mx/2026/05/06/cfp-crime-as-service-the-shadow-brokers-subsist281d/ There is a sense of travel driven by depth rather than speed. “No Time” opens a corridor where listening turns inward, nearly meditative, yet charged with a persistent tension. The track doesn’t resolve; it continues to orbit, like a signal that remains active beyond its own duration. Club Furies Signals Label: Subsist Records Artist: Pont Title: Existence Gateway Catalogue: SUBSIST.282D Artwork by Fon Mastering at Magic Studio Release Date: May 27, 2026 Support &amp; Buy:&nbsp; Bandcamp “Sound Expression Against World Pressure” Tracklist 1. From Behind 2. Sustaining an Unwanted Memory 3. They Can See Us 4. End of Physical Body 5. Mercury Orb 6. Metacognition 7. In Reality 8. No Time 9. Molecular Teleport 10. Fake it 11. You are Not 12. Racky 13. Leaf 14. Centering 15. Existence Gateway Pont SoundCloud | Instagram Subsist Records&nbsp; SoundCloud &nbsp;|&nbsp; Instagram &nbsp;|&nbsp; Facebook &nbsp;|&nbsp; Bandcamp &nbsp;|&nbsp; Formaviva &nbsp;|&nbsp; YouTube &nbsp;|&nbsp; Linktree Club Furies Website &nbsp;|&nbsp; SoundCloud &nbsp;|&nbsp; Instagram &nbsp;|&nbsp; Threads &nbsp;|&nbsp; TikTok &nbsp;|&nbsp; Facebook &nbsp;|&nbsp; Bandcamp &nbsp;|&nbsp; Linktree #Argentina #BuenosAires #CFPremiere #clubFuries #ClubFuriesPremiere #DarkTechno #Electrónica #Electronic #Electronica #HypnoticTechno #Pont #Premiere #premiereCF #PremiereClubFuries #SciFiTechno #Spain #SubsistRecords #techno #Valencia"
buenosaires,"El ajuste llega al invierno: diputados aprobó el recorte a las zonas frías y millones de hogares podrían pagar más&nbsp;gas La Cámara de Diputados le dio media sanción al proyecto impulsado por el Gobierno para reformar el régimen de Zonas Frías y avanzar con un fuerte recorte de subsidios al gas. La iniciativa, respaldada por La Libertad Avanza y bloques aliados, elimina la ampliación aprobada en 2021 y deja al borde de perder el beneficio a millones de hogares de clase media y trabajadora en distintas provincias del país. Por Ignacio Álvarez Alcorta para NLI La votación significó una nueva victoria […] https:// noticiaslainsuperable.com.ar/2 026/05/21/el-ajuste-llega-al-invierno-diputados-aprobo-el-recorte-a-las-zonas-frias-y-millones-de-hogares-podrian-pagar-mas-gas/"
buenosaires,"# BuenosAires : time for # huacatay # labneh , # quirquiña and # feijoa # papadom , and membrillo # dosa https:// culinarybackstreets.com/storie s/buenos-aires/local-eats-heat-acid-spice-and-crunch-at-gran-dabbang # food # restaurant"
buenosaires,"The European soul lives in Buenos Aires, Argentina. # buenosaires # tango # recoleta # porteño # travel"
buenosaires,Folks who are kind to animals are a blessing on this Earth: https:// apnews.com/article/argentina-t eam-ratas-lab-rodents-rats-mice-dc1f59c28dc0b8d4af2d48328b5b1213?utm_source=join1440&amp;utm_medium=email&amp;utm_placement=newsletter&amp;user_id=66c4c2c1600ae1507590e099 # animalwelfare # kindness # labrats # foreverhome # argentina # buenosaires # Ratapalooza # animaladoption # TeamRatas # mice # pets # animalcompanions # veterinary # foodexpenses # fosteranimals # labrats # ap @ apnews_bot # associatedpress # DominiqueVerdier # latinamerica # rehoming # rodents # veterinarian # universityresearch # news # rescuenetwork # animalfacility # university # experimentation
buenosaires,"Agenzia Nova: Argentina-Italia: ambasciatore Nicoletti incontra il ministro degli Esteri Quirno a Buenos Aires 19 mag 06:59 - (Agenzia Nova) - L'ambasciatore d'Italia in Argentina, Fabrizio Nicoletti, ha incontrato a Buenos Aires il ministro degli Esteri... (Abu) Argentina-Italy: Ambassador Nicoletti meets Foreign Minister Quirno in Buenos Aires May 19 06:59 - (Agenzia Nova) - The Italian Ambassador to Argentina, Fabrizio Nicoletti, met in Buenos Aires with the Foreign Minister... (Abu) # Argentina # Nicoletti # Quirno # BuenosAires # AgenziaNova # Italian # FabrizioNicoletti https://www. agenzianova.com/a/6a0bf0c48527 d0.81211840/7399111/2026-05-19/argentina-italia-ambasciatore-nicoletti-incontra-il-ministro-degli-esteri-quirno-a-buenos-aires"
buenosaires,El ínclito Madrid https:// fed.brid.gy/r/https://elpais.c om/opinion/2026-05-18/el-inclito-madrid.html
buenosaires,# nowPlaying Sequence at the end of the world [CYD 0023] by Cartas de Japón https:// cyclicaldreams.bandcamp.com/al bum/sequence-at-the-end-of-the-world-cyd-0023 # fedimusic # music # ambient # berlinschool # drone # electronic # modular # synth # soundscape # spacemusic # BuenosAires
buenosaires,"il manifesto: Sara Gallardo, la lingua sfida il senso Quando morì all’improvviso per una crisi d’asma, malattia che la tormentava sin dall’infanzia, Sara Gallardo aveva cinquantasette anni ed era da poco tornata a Buenos Aires per una breve visita; […] The post Sara Gallardo, la lingua sfida il senso first appeared on il manifesto. Sara Gallardo, the language defies meaning. When she died suddenly from an asthma attack, a disease that had tormented her since childhood, Sara Gallardo was fifty-seven years old and had recently returned to Buenos Aires for a brief visit; […] The post Sara Gallardo, the language challenges sense first appeared on il manifesto. # SaraGallardo # BuenosAires # first https:// ilmanifesto.it/sara-gallardo-l a-lingua-sfida-il-senso"
buenosaires,Denuncian operativo represivo «Tormenta Negra» en barrios populares de Buenos Aires https:// fed.brid.gy/r/https://www.tele surtv.net/represion-tormenta-negra-barrios-buenos-aires/
buenosaires,"CF Signals: Pablo Gomez – Brutal Circuit [Simplecoding&nbsp;Recordings] Pablo Gomez , a young producer from Buenos Aires, develops a vision of techno driven by intuition, rhythmic pressure, and a direct understanding of the dancefloor. His sound moves through different layers of the genre without losing focus: physical structures, sustained tension, and an energy that remains active even during moments of apparent restraint. One of the most compelling aspects of his approach lies in the way intensity is managed. The tracks never rely on permanent overload; instead, they unfold through careful accumulation, with every element reinforcing the pulse from within. https://clubfuries.com.mx/2025/11/16/cfp-mmo-brittle-simpo102/ With ‘Brutal Circuit EP’ , his debut release on Simplecoding , Pablo Gomez delivers a project shaped by industrial resonance, trance-driven impulses, hypnotic passages, and a forceful techno foundation. The EP operates through a sensation of mechanical enclosure: compact percussion, constant low-end pressure, and metallic textures moving like signals through narrow concrete corridors. The dancefloor stops functioning as a simple space for movement and becomes a system of physical and psychological absorption , where repetition reshapes perception from the inside. https://soundcloud.com/clubfuriess/cfs-pablo-gomez-brutal-circuit-simco104 The title track, “Brutal Circuit,” strikes immediately with sharply defined rawness. That initial aggression quickly stabilizes into a deeply hypnotic sequence, capable of drilling into the psyche through subtle and almost invisible variations. The rhythm moves like a continuous metallic drill cutting through overheated surfaces , while hardened pulses and synthetic layers consolidate a texture that feels compact, dense, and devastatingly efficient within club environments. As the track unfolds, immersion becomes increasingly physical. The body locks itself into a rhythmic machinery that neither accelerates nor retreats; it simply persists. That persistence gradually produces a trance-like state where time itself begins to fracture beneath industrial flashes and deep reverberations. It is precisely there that “Brutal Circuit” reveals its strongest dimension: its power lies not in an instant jolt, but in how it can keep up the pressure and maintain control as everything around it seems to catch fire. Label: Simplecoding Recordings Artist: Pablo Gomez Title: Brutal Circuit Catalogue: SIMC0104 Release Date: May 22, 2026 Support &amp; Buy:&nbsp; Bandcamp Tracklist 1. Break It Back 2. Brutal Circuit 3. Expression Pablo Gomez SoundCloud | Instagram Simplecoding Recordings SoundCloud &nbsp;|&nbsp; Instagram &nbsp;|&nbsp; Facebook &nbsp;|&nbsp; Bandcamp Club Furies Website &nbsp;|&nbsp; SoundCloud &nbsp;|&nbsp; Instagram &nbsp;|&nbsp; Threads &nbsp;|&nbsp; TikTok &nbsp;|&nbsp; Bandcamp &nbsp;|&nbsp; Facebook &nbsp;|&nbsp;|&nbsp; Linktree #Argentina #BuenosAires #CFPremiere #clubFuries #ClubFuriesPremiere #Electrónica #Electronic #Electronica #HypnoticTechno #industrial #LaPlata #PabloGomez #Premiere #premiereCF #PremiereClubFuries #RawTechno #SimplecodingRecordings #techno #Trance"
buenosaires,"Agenzia Nova: Argentina-Cile: ministro Esteri Quirno riceve ministra dell'Energia cilena Rincon 15 mag 05:23 - (Agenzia Nova) - Il ministro degli Esteri dell'Argentina, Pablo Quirno, ha ricevuto a Buenos Aires la ministra dell'Energia... (Abu) Argentina-Chile: Minister of Foreign Affairs Quirno receives Chilean Energy Minister Rincon May 15 05:23 - (Agenzia Nova) - Argentine Foreign Minister Pablo Quirno received in Buenos Aires the Minister of Energy... (Abu) # Argentina # ChileanEnergy # Rincon # AgenziaNova # Argentine # PabloQuirno # BuenosAires https://www. agenzianova.com/a/6a069638eec7 b2.97428699/7387282/2026-05-15/argentina-cile-ministro-esteri-quirno-riceve-ministra-dell-energia-cilena-rincon"
buenosaires,"# nowPlaying Inspirado Ciclo, Episodio 39 (2025) Considering their government, this isn't the weirdest thing coming out of Argentina. # experimental # improvisation # buenosAires https:// hamfuggirecords.bandcamp.com/a lbum/episodio-39"
buenosaires,"il manifesto: La remuntada di Luli dispera Zverev. Anche Musetti crolla Musica maestro. Un ultimo tango, por favor. Come si diceva un tempo nelle orillas, i vecchi postriboli di Buenos Aires, oggi bisogna festeggiare con «un pensiero triste che balla». Luciano […] The post La remuntada di Luli dispera Zverev. Anche Musetti crolla first appeared on il manifesto. Luli’s comeback devastates Zverev. Musetti also collapses. Master music. One last tango, please. As it was said in the past in the waterfronts of Buenos Aires, today one must celebrate with “a sad thought that dances.” Luciano […] The Post Luli’s comeback disappoints Zverev. Musetti collapses first appeared on il manifesto. # Zverev # BuenosAires # Luciano # Zverev # first https:// ilmanifesto.it/la-remuntada-di -luli-dispera-zverev-anche-musetti-crolla"
buenosaires,Venezolanos en Buenos Aires protestan por el cierre consular y la exclusión electoral https:// fed.brid.gy/r/https://www.elna cional.com/2026/05/venezolanos-en-buenos-aires-protestan-por-el-cierre-consular/
buenosaires,"For # DoorsDay , here's a famous door (roll-up door) in the San Telmo area of Buenos Aires... It seems to get reinterpreted every once in a while - the most recent version I recall seeing has a red background. This pic was from June 2023 (the graffiti is signed Naso 2021). # StreetArt # Graffiti # Cats # BlackCat # BuenosAires # SanTelmo # Naso"
buenosaires,projection à 20h : https:// festivaldessortileges.fr/2026. html 📚 Éditions du Sous-sol : https:// editions-du-sous-sol.com/publi cation/la-descente-cest-le-pire/ 💶 https://www. leslibraires.fr/offres/26331873 # Argentine # littérature # BuenosAires # jeunesse # marginalité # excès # autodestruction # chaos
buenosaires,"CF Signals: Martin Villalba – Love And Stop [Tlaloc&nbsp;Records] Tlaloc Records , the Mexican vinyl and digital label founded in 2014, develops a line focused on minimal and techno through an identity shaped by references to Mexican indigenous roots and a dark, hypnotic, experimental sonic sensibility. Its catalog explores the relationship between perception, rhythm, and atmospheric depth through a curatorial approach centered on tension, detail, and immersive construction. Over the years, the label has established a recognizable presence within the international minimal circuit thanks to a consistent artistic direction and a strong network of collaborations with artists and producers aligned with its aesthetic vision. Each release expands a language where ritual, mental immersion, and physical energy converge within the same listening experience. https://clubfuries.com.mx/2024/06/09/club-furies-premiere-martin-villalba-dark-soul-tlaloc-records/ For one of its most recent releases, Tlaloc Records presents Argentine producer Martin Villalba , born in Buenos Aires and connected to music from an early age through his interest in different instruments and compositional forms. Over time, that exploration evolved toward electronic music and particularly techno, where he consolidated a practice centered on rhythmic precision and atmospheric design. At the age of 25, he deepened his mixing technique and musical training at Arjaus , one of Latin America’s most respected academies. That process expanded his creative perspective and connected him with other DJs and producers, strengthening both his technical knowledge and the development of a personal identity focused on progressive tension and hypnotic techno structures. https://soundcloud.com/clubfuriess/cfp-martin-villalba-love-and-stop-tlr161 The release “Love And Stop” unfolds through a sustained energy that constantly remains on the edge of total combustion. Its structure advances through a sonic architecture alternating between explicit intensity and contained intensity, generating a sensation of continuous pressure that never fully releases itself. Volcanic peaks, underground currents, and dense pulsations move through the track simultaneously, maintaining a permanent state of expectation on the dancefloor. The sound design handles shifts in energy and perception with surgical precision. Slowly rising layers, metallic resonances, and hypnotic sequences build an enveloping texture where every element seems to revolve around a core in constant eruption. Tension remains active throughout the entire journey, allowing the track to sustain both power and depth without losing control. Label: Tlaloc Records Artist: Martin Villalba Title: Love And Stop Catalog: TLR161 Release Date: May, 2026 Support &amp; Buy:&nbsp; Bandcamp Martin Villalba SoundCloud &nbsp;|&nbsp; Instagram &nbsp;|&nbsp; Linktree Tlaloc Records SoundCloud &nbsp;|&nbsp; Instagram &nbsp;|&nbsp; Facebook &nbsp;|&nbsp; Bandcamp &nbsp;|&nbsp; Linktree Club Furies Website &nbsp;|&nbsp; SoundCloud &nbsp;|&nbsp; Instagram &nbsp;|&nbsp; Threads &nbsp;|&nbsp; TikTok &nbsp;|&nbsp; Facebook &nbsp;|&nbsp; Bandcamp &nbsp;|&nbsp; Linktree #Argentina #BuenosAires #CFPremiere #clubFuries #ClubFuriesPremiere #Electrónica #Electronic #Electronica #Experimental #Groovy #MartinVillalba #Mexico #Premiere #premiereCF #PremiereClubFuries #techno #TlalocRecords"
buenosaires,"CF Signals: D MONSH – No Hay Techo [DTKTD&nbsp;Records] Founded in 2017 as an event platform, DETEKTED became a driving force for underground artists within the Argentine electronic scene. In 2024, the project expanded its vision through the creation of DTKTD Records , carrying that same curatorial energy into a label format. https://clubfuries.com.mx/2026/01/21/cfp-hiroshina-sigo-de-largo-dtktd007/ Its new compilation, BASEMENT TOOLS , operates like a partial map of contemporary techno tensions. The release moves through raw, hypnotic, groove-heavy territory while absorbing influences from UK garage, dubstep, and other strands of club-oriented electronic music. It also introduces new artists into the label’s orbit, including Merlina , Agustina Alcober , MAGEM , Mxrtin (AR) , Jeremy LP , D MONSH , and Ramiro Koaz . Among them appears D MONSH , a producer and DJ whose practice has evolved through techno, drum &amp; bass, UK garage, and dubstep. His contribution, “No Hay Techo,” brings a distinct energy into the compilation: sustained pressure, mental tension, and a rhythmic sensibility that gradually reshapes the atmosphere of the dancefloor. https://soundcloud.com/clubfuriess/cfp-d-monsh-no-hay-techno-dtktd008 From the opening moments, the track establishes a relentless hammering pulse running through the entire structure. Percussion strikes with insistence while wrapped in a soft, almost velvety texture. That contrast creates a peculiar sensation: the body absorbs the impact while the sonic surface remains smooth and restrained. Like wet concrete barely lit by stroboscopic light. Repetition slowly takes control of perception. Subtle shifts open fractures inside the loop, guiding the listener toward increasingly deeper hypnotic states. The groove settles into the body with patience, altering the way time seems to circulate inside the club. https://clubfuries.com.mx/2025/08/31/cfp-alan-berbel-b3nz-traccion-sonora-dtktd005/ As the track develops, the texture grows rougher. New layers emerge like metallic residue attached to the rhythm, redirecting its emotional charge. The initial trance mutates into nervous movement, into a semi-frenetic dance where energy remains contained while constantly approaching rupture. “No Hay Techo” thrives within that ongoing tension between softness and friction. A track that understands the club as a space of perceptual transformation, where sound becomes physical pressure, atmosphere, and shared mental state. Label: DTKTD Records Artist: Various Artists Title: BASEMENT TOOLS Catalogue: DTKTD008 Mastered: FRONTMAN MANAGEMENT Artwork: RUMANU Format: Digital Release Date: May 4, 2026 Support &amp; Buy:&nbsp; Bandcamp Tracklist: 1. Jeremy LP – Untitled003 (Original Mix) 2. Merlina – Judgement (Original Mix) 3. Ramiro Koaz – My Big Room (Original Mix) 4. D MONSH – NO HAY TECHO (Original Mix) 5. Mxrtin (AR) – Reply to the Unknown (Original Mix) 6. Agustina Alcober – New Flava (Original Mix) 7. MAGEM – It’s Basic Chinese (Original Mix) 8. RUMANU – RITUAL (Original Mix) D MONSH SoundCloud | Instagram | Bandcamp DTKTD Records SoundCloud &nbsp;|&nbsp; Instagram &nbsp;|&nbsp; Bandcamp | YouTube Club Furies Website &nbsp;|&nbsp; SoundCloud &nbsp;|&nbsp; Instagram &nbsp;|&nbsp; Threads &nbsp;|&nbsp; TikTok &nbsp;|&nbsp; Facebook &nbsp;|&nbsp; Bandcamp &nbsp;|&nbsp; Linktree #Argentina #BASEMENTTOOLS #BuenosAires #CFPremiere #clubFuries #ClubFuriesPremiere #DMONSH #DTKTDRecords #DTKTD008 #Electrónica #Electronic #Electronica #GroovyTechno #HardGroove #Hypnotic #Premiere #premiereCF #PremiereClubFuries #techno #VA #VariousArtists"
buenosaires,"Archbishop Jorge Mario Bergoglio (later known as Pope Francis) riding the subway in Buenos Aires, Argentina, 2008 https:// piefed.social/c/historyphotos/ p/2028519/archbishop-jorge-mario-bergoglio-later-known-as-pope-francis-riding-the-subway-in-bueno"
buenosaires,Damián Szifron To Direct Netflix Film ‘El Sobrino’ Starring Leonardo Sbaraglia # News # Argentina # BuenosAires # DamiánSzifron # LeonardoSbaraglia # Netflix # TheEternaut https:// deadline.com/2026/04/damian-sz ifron-netflix-film-el-sobrino-leonardo-sbaraglia-1236873249/
buenosaires,"El nacimiento de Buenos Aires: entre el fracaso colonial y el&nbsp;mito La historia de Buenos Aires no es lineal ni épica en el sentido clásico: es una historia de intentos fallidos, abandono y refundación. Pero también es una historia simbólica, atravesada por la fe, los intereses imperiales y una decisión clave que terminaría definiendo el nombre de una de las ciudades más importantes de América Latina. Por Alcides Blanco para NLI La ciudad que nació dos veces no es una casualidad: es el resultado de la precariedad del proyecto colonial español en […] https:// noticiaslainsuperable.com.ar/2 026/04/26/el-nacimiento-de-buenos-aires-entre-el-fracaso-colonial-y-el-mito/"
buenosaires,Deu burro na cabeça https:// fed.brid.gy/r/https://www.bras ildefato.com.br/colunista/carlos-castelo/2026/04/24/deu-burro-na-cabeca/
buenosaires,Agenzia Nova: Argentina-Italia: segretario Societa' Dante Alighieri a Buenos Aires per iniziative con Universita' Catolica (2) 24 apr 06:59 - (Agenzia Nova) - All'incontro partecipera' il rettore Miguel Angel Schiavone. Per assistere e' richiesta l'iscrizione preventiva... (Abu) Argentina-Italy: Secretary of the Dante Alighieri Society in Buenos Aires for initiatives with the Catholic University (2) Apr 24 06:59 - (Agenzia Nova) - Rector Miguel Angel Schiavone will attend the meeting. Registration is required to assist… (Abu) # Argentina # BuenosAires # AgenziaNova https://www. agenzianova.com/a/69eafad02553 e9.55911640/7313251/2026-04-24/argentina-italia-segretario-societa-dante-alighieri-a-buenos-aires-per-iniziative-con-universita-catolica-2
buenosaires,Javier Milei barra jornalistas na Casa Rosada por suposta espionagem https:// fed.brid.gy/r/https://www.bras ildefato.com.br/2026/04/23/javier-milei-barra-jornalistas-na-casa-rosada-por-suposta-espionagem/
buenosaires,Very good # BuenosAires very # classic but I'll take the # milanesa de # soya por favor https:// culinarybackstreets.com/storie s/buenos-aires/rituals-of-coffee-rituals-of-city # vegan # animalrights # nutrition # animals
buenosaires,"Primo piano ANSA - ANSA.it: Un prete-Dj fa ballare Buenos Aires in ricordo di Francesco Oltre 120mila persone a Plaza de Mayo con la musica techno di padre Guilherme Peixoto A priest-DJ is making Buenos Aires dance in memory of Francis. Over 120,000 people in Plaza de Mayo with the techno music of Father Guilherme Peixoto # BuenosAires # Francis # PlazadeMayo # GuilhermePeixoto https://www. ansa.it/sito/notizie/mondo/202 6/04/21/un-prete-dj-fa-ballare-baires-in-ricordo-di-francesco_b9cb19e4-7a7b-4ae0-953b-c5841c84d957.html"
buenosaires,"That&#39;s the 20th time we&#39;ve visited Costa Rica 🇨🇷 The last time was 2 weeks, 2 days ago : Iglesia de Paraíso in # BuenosAires - https:// mastodon.social/@pilgrimsonlin e/116348107691750771 # VisitCostaRica # StepByStep 👣 # PlacesOfWorship 5/6"
buenosaires,Argentina: Buenos Aires mixes faith and techno in tribute to Pope Francis http:// newsfeed.facilit8.network/TS6N SZ # Argentina # BuenosAires # PopeFrancis # Tributo # MúsicaElectrónica
buenosaires,"RaiNews: A Buenos Aires l'omaggio dance del ""prete DJ"" a Papa Francesco Sabato migliaia di persone si sono radunate a Plaza de Mayo per un concerto gratuito di musica elettronica guidato dal sacerdote portoghese Guilherme Peixoto In Buenos Aires, the ""priest DJ"" dedicated a performance to Pope Francis. On Saturday, thousands of people gathered in Plaza de Mayo for a free concert of electronic music led by Portuguese priest Guilherme Peixoto. # BuenosAires # Francis # PlazadeMayo # Portuguese # GuilhermePeixoto https://www. rainews.it/video/2026/04/a-bue nos-aires-lomaggio-dance-del-prete-dj-a-papa-francesco-246b4fa9-0613-489d-abec-bedabc244cc0.html"
buenosaires,"CONTEC Buenos Aires Highlights Audio, PoD, Metadata, and AI For the third time, Frankfurter Buchmesse brings the CONTEC summit to Buenos Aires to discuss innovation, technology, and business models in Latin America and globally. The post CONTEC Buenos Aires Highlights Audio, PoD, Metadata, and AI appeared first on Publishing Perspectives. https:// publishingperspectives.com/202 6/04/contec-buenos-aires-highlights-audio-pod-metadata-and-ai/ # AI # Audio # BuenosAires # BuenosAiresBookFair # CONTEC"
buenosaires,"CONTEC Buenos Aires Highlights Audio, PoD, Metadata, and AI For the third time, Frankfurter Buchmesse brings the CONTEC summit to Buenos Aires to discuss innovation, technology, and business models in Latin America and globally. The post CONTEC Buenos Aires Highlights Audio, PoD, Metadata, and AI appeared first on Publishing Perspectives. https:// publishingperspectives.com/202 6/04/contec-buenos-aires-highlights-audio-pod-metadata-and-ai/ # AI # Audio # BuenosAires # BuenosAiresBookFair # CONTEC"
buenosaires,"CONTEC Buenos Aires Highlights Audio, PoD, Metadata, and AI For the third time, Frankfurter Buchmesse brings the CONTEC summit to Buenos Aires to discuss innovation, technology, and business models in Latin America and globally. The post CONTEC Buenos Aires Highlights Audio, PoD, Metadata, and AI appeared first on Publishing Perspectives. https:// publishingperspectives.com/202 6/04/contec-buenos-aires-highlights-audio-pod-metadata-and-ai/ # AI # Audio # BuenosAires # BuenosAiresBookFair # CONTEC"
buenosaires,"CONTEC Buenos Aires Highlights Audio, PoD, Metadata, and AI For the third time, Frankfurter Buchmesse brings the CONTEC summit to Buenos Aires to discuss innovation, technology, and business models in Latin America and globally. The post CONTEC Buenos Aires Highlights Audio, PoD, Metadata, and AI appeared first on Publishing Perspectives. https:// publishingperspectives.com/202 6/04/contec-buenos-aires-highlights-audio-pod-metadata-and-ai/ # AI # Audio # BuenosAires # BuenosAiresBookFair # CONTEC"
buenosaires,"CONTEC Buenos Aires Highlights Audio, PoD, Metadata, and AI For the third time, Frankfurter Buchmesse brings the CONTEC summit to Buenos Aires to discuss innovation, technology, and business models in Latin America and globally. The post CONTEC Buenos Aires Highlights Audio, PoD, Metadata, and AI appeared first on Publishing Perspectives. https:// publishingperspectives.com/202 6/04/contec-buenos-aires-highlights-audio-pod-metadata-and-ai/ # AI # Audio # BuenosAires # BuenosAiresBookFair # CONTEC"
buenosaires,"CONTEC Buenos Aires Highlights Audio, PoD, Metadata, and AI For the third time, Frankfurter Buchmesse brings the CONTEC summit to Buenos Aires to discuss innovation, technology, and business models in Latin America and globally. The post CONTEC Buenos Aires Highlights Audio, PoD, Metadata, and AI appeared first on Publishing Perspectives. https:// publishingperspectives.com/202 6/04/contec-buenos-aires-highlights-audio-pod-metadata-and-ai/ # AI # Audio # BuenosAires # BuenosAiresBookFair # CONTEC"
buenosaires,"CONTEC Buenos Aires Highlights Audio, PoD, Metadata, and AI For the third time, Frankfurter Buchmesse brings the CONTEC summit to Buenos Aires to discuss innovation, technology, and business models in Latin America and globally. The post CONTEC Buenos Aires Highlights Audio, PoD, Metadata, and AI appeared first on Publishing Perspectives. https:// publishingperspectives.com/202 6/04/contec-buenos-aires-highlights-audio-pod-metadata-and-ai/ # AI # Audio # BuenosAires # BuenosAiresBookFair # CONTEC"
buenosaires,"CONTEC Buenos Aires Highlights Audio, PoD, Metadata, and AI For the third time, Frankfurter Buchmesse brings the CONTEC summit to Buenos Aires to discuss innovation, technology, and business models in Latin America and globally. The post CONTEC Buenos Aires Highlights Audio, PoD, Metadata, and AI appeared first on Publishing Perspectives. https:// publishingperspectives.com/202 6/04/contec-buenos-aires-highlights-audio-pod-metadata-and-ai/ # AI # Audio # BuenosAires # BuenosAiresBookFair # CONTEC"
buenosaires,"Palermo, # BuenosAires"
buenosaires,Retrial over Maradona's death opens in Buenos Aires http:// newsfeed.facilit8.network/TS2G 2s # Maradona # BuenosAires # DiegoMaradona # Trial # MedicalNegligence
buenosaires,"Evidence that # BuenosAires is # Meridiana City: - Sunrise to the Seaside = Harbour to the East / Northeast. - Some opposing coastal features. - Hilly topography coarsely matching Buenos Aires - Obviously Trilio &amp; Meglia lived there and copied most of the Architecture and Design from it. - The name fits # Argentinia , but they purposefully left it obscure and it could easily be Barcelona. - Real-life fact: Argentinia endorsed Nazis fleeing to them [under Perón]... # CyberSix # art"
buenosaires,"Caos en la General Paz: un camión quedó trabado bajo un puente y paraliza el&nbsp;tránsito Un nuevo episodio de descontrol vial volvió a golpear una de las arterias más transitadas del país: un camión de gran porte quedó atascado debajo de un puente y obligó a cortar totalmente la circulación, generando demoras y complicaciones para miles de conductores. Por Leticia Graciani Fainel para NLI La escena, que ya parece repetirse con alarmante frecuencia, ocurrió sobre la Avenida General Paz, una de las principales autopistas del área metropolitana, clave para conectar la […] https:// noticiaslainsuperable.com.ar/2 026/04/13/caos-en-la-general-paz-un-camion-quedo-trabado-bajo-un-puente-y-paraliza-el-transito/"
buenosaires,Presidente Kast: «Tarde o temprano el prófugo Apablaza rendirá cuenta ante la justicia» | vía # UChileRadio https:// radio.uchile.cl/2026/04/06/pre sidente-kast-tarde-o-temprano-el-profugo-apablaza-rendira-cuenta-ante-la-justicia/ # argentina # buenosaires # comitecontralatorturadelasnacionesunidas # galvarinoapablaza # kast # milei # onu
buenosaires,Video: Massive protest in support of the law protecting glaciers in Buenos Aires yesterday. # Argentina # LeyGlaciares # Caba # BuenosAires # environment https:// x.com/i/status/204060138082241 3431
buenosaires,"Iglesia Santa Ana in # Nandaime , # Nicaragua -🇳🇮 is around 305 km or 191 miles from our previous place of worship Buenos Aires in # BuenosAires , # CostaRica - 🇨🇷 - https:// mastodon.social/@pilgrimsonlin e/116348107691750771 # VisitNicaragua # StepByStep 👣 # PlacesOfWorship 2/6"
buenosaires,Principal diplomata do Irã deixa a Argentina após expulsão ordenada por Milei https:// fed.brid.gy/r/https://www.bras ildefato.com.br/2026/04/04/principal-diplomata-do-ira-deixa-a-argentina-apos-expulsao-ordenada-por-milei/
buenosaires,"Iglesia de Paraíso in # BuenosAires , # CostaRica has no wikipedia page, why not become an editor and add one? https:// en.wikipedia.org/wiki/Wikipedi a:Contributing_to_Wikipedia # VisitCostaRica # StepByStep 👣 # PlacesOfWorship 4/6"
buenosaires,Ripio en Fm La tribuna 103.5 https:// youtu.be/KByMw53kUVE # Ripio # ColgadosDeLaTribuna # FmLaTribuna1035 # Mercedes # BuenosAires # Argentina
buenosaires,"@ VisualInspiration 1/35 ~~~~ 1833 ~~~~ They come in from the Pampas into Buenos Aires, dust rising in their wake. Dust covers their chests, heavy with fossils and rocks, notebooks filled with observations and diagrams and sketches. And below Darwin&#39;s seat, the chest with their most unusual finding, the Heart. Darwin can feel it beating slowly in the chest below him. # shortstory # argentina # sciencefiction # alternatehistory # buenosaires"
buenosaires,"Enzo Fernández has stated that he would love to live in Madrid someday, as he feels it is exactly like Buenos Aires. 🇦🇷🤝🇪🇸 🇳🇬 Ademola Lookman - CM 🇪🇸 Pablo Barrios - CM 🇦🇷 Enzo Fernández - CM 🇦🇷 Giuliano Simeone - CM 🔴⚪️ If he joins Atlético Madrid, he would link up with the six Argentine players who are already at the club. — # EnzoFernández # Atlético # BuenosAires # America # zflixfootball ....."
buenosaires,by Santiago Sito https:// tmblr.co/Z7VXvxj61xNfey00 # argentina # bw # buenosaires # ciudad # demonstration # manifestación # people # protest # santiagosito # social # urban # street # woman # antifaz # mask # eyemask # flickr # thingsdavidlikes
buenosaires,"Agenzia Nova: Argentina-Italia: ambasciatore Nicoletti incontra governatore Buenos Aires a La Plata 26 mar 20:50 - (Agenzia Nova) - L'ambasciatore d'Italia in Argentina, Fabrizio Nicoletti, ha incontrato a La Plata il governatore della provincia... (Abu) Argentina-Italy: Ambassador Nicoletti meets Buenos Aires governor in La Plata 26 mar 20:50 - (Agenzia Nova) - The Italian Ambassador to Argentina, Fabrizio Nicoletti, met in La Plata the governor of the province... (Abu) # Argentina # Nicoletti # BuenosAires # LaPlata # AgenziaNova # Italian # FabrizioNicoletti https://www. agenzianova.com/a/69c58ec5ad49 90.54411723/7204390/2026-03-26/argentina-italia-ambasciatore-nicoletti-incontra-governatore-buenos-aires-a-la-plata"
buenosaires,"Agenzia Nova: Argentina-Italia: ambasciatore Nicoletti incontra governatore Buenos Aires a La Plata (2) 26 mar 20:50 - (Agenzia Nova) - La visita ha incluso anche tappe presso l'ospedale Italiano, fondato dalla comunita' di immigrati italiani,... (Abu) Argentina-Italy: Ambassador Nicoletti meets Buenos Aires governor in La Plata (2) 26 mar 20:50 - (Agenzia Nova) - The visit also included stops at the Italiano Hospital, founded by the Italian community,... (Abu) # Argentina # Nicoletti # BuenosAires # LaPlata # AgenziaNova # theItalianoHospital # Italian https://www. agenzianova.com/a/69c58ec5ad3a 78.24268438/7204391/2026-03-26/argentina-italia-ambasciatore-nicoletti-incontra-governatore-buenos-aires-a-la-plata-2"
buenosaires,"Viajes Recomendados “Buenos Aires, Argentina” Buenos Aires es una metrópolis vibrante conocida como la “París de América” por su arquitectura europea y su intensa vida cultural. A continuación, se detallan los datos solicitados para tu viaje: [1, 2, 3] Datos de la Ciudad Superficie: Aproximadamente 203 km² . Población: Alrededor de 3,1 millones de habitantes (CABA) según el censo 2022. Población del área metropolitana (AMBA): Se estima en 13,5 millones de habitantes . Alcalde (Jefe de Gobierno): Jorge Macri (periodo 2023-2027). Fundación: Tuvo dos: la primera por Pedro de Mendoza en 1536 y la definitiva por Juan de Garay en 1580 . Prefijo telefónico: El código de área es 11 . Para llamadas internacionales: +54 9 11 (celulares) o +54 11 (fijos). [4, 5, 6, 7, 8, 9, 10, 11] Clima El clima es templado y húmedo con estaciones bien definidas. [12] Meses más cálidos (Verano – Dic a Feb): Medias de 24,5 °C , con máximas que pueden superar los 30 °C . Enero es el mes más caluroso y lluvioso. Meses más fríos (Invierno – Jun a Ago): Medias de 11,5 °C (Julio es el más frío). Temperaturas invernales suelen oscilar entre 8 °C y 16 °C . Precipitaciones: Promedio anual de 1.243 mm . Las temporadas más lluviosas son otoño y primavera. [13, 14, 15, 16, 17] Seguridad Ciudadana Buenos Aires se posiciona como una de las capitales más seguras de América Latina, con una baja tasa de homicidios ( 2,5 por cada 100.000 hab. ). [7, 8] Consejos: Se recomienda precaución ante arrebatos y hurtos por distracción , especialmente en zonas concurridas y transporte público. Zonas seguras: Palermo, Recoleta, Belgrano y Puerto Madero son los barrios más recomendados para turistas. [18, 19, 20] Historia La ciudad nació como un puerto estratégico del Imperio Español. Tras un primer intento fallido en 1536, se consolidó en 1580. Fue capital del Virreinato del Río de la Plata y cuna de la Revolución de Mayo en 1810 , que inició la independencia argentina. A finales del siglo XIX y principios del XX, recibió una inmigración masiva europea que moldeó su identidad actual. [10, 21, 22, 23, 24] Transporte Público El sistema es extenso y funciona con la tarjeta SUBE . [25, 26] Subte (Metro): Cuenta con 6 líneas (A, B, C, D, E y H) que conectan los puntos principales de la ciudad. Colectivos (Autobuses): Más de 130 líneas que operan las 24 horas. Es el medio más utilizado. Trenes Metropolitanos: Conectan la ciudad con el Gran Buenos Aires (líneas Mitre, Roca, Sarmiento, San Martín y Belgrano). Calidad: El servicio es frecuente y económico, aunque puede estar muy congestionado en horas pico. [19, 27, 28, 29, 30] Distritos y Municipios Distritos (Comunas): La ciudad se divide en 15 Comunas que agrupan 48 barrios oficiales. Municipios del Área Metropolitana (Gran Buenos Aires): Incluye distritos como Avellaneda, Lanús, Lomas de Zamora, Quilmes, San Isidro, Vicente López, San Martín, Morón y La Matanza, entre otros. [31, 32, 33, 34, 35] Fotos de la Ciudad [1] https://mapy.com [2] https://www.instagram.com [3] https://www.instagram.com [4] https://censo.gob.ar [5] https://www.estadisticaciudad.gob.ar [6] https://www.caf.com [7] https://www.youtube.com [8] https://www.youtube.com [9] https://buenosaires.gob.ar [10] https://frba.utn.edu.ar [11] https://cancilleria.gob.ar [12] https://www.assistcard.com [13] https://turismo.buenosaires.gob.ar [14] https://ripioturismo.com [15] https://www.allavamos.com [16] https://rpubs.com [17] https://buenosaireshistoria.org [18] https://www.youtube.com [19] https://www.gov.uk [20] https://gowithguide.com [21] https://www.youtube.com [22] https://www.youtube.com [23] https://www.youtube.com [24] https://www.youtube.com [25] https://ba-h.com.ar [26] https://www.zonaprop.com.ar [27] https://buenosaires.gob.ar [28] https://www.hellotickets.es [29] https://saltaconmigo.com [30] https://www.instagram.com [31] https://es.wikipedia.org [32] https://www.argentina.gob.ar [33] https://www.youtube.com [34] https://observatorioamba.org [35] https://observatorioamba.org #Argentina #BuenosAires #dailyprompt #Sudamerica"
buenosaires,"il manifesto: Pablo Maurette, una Buenos Aires tra luci e opacità Un titolo e una quarta di copertina ingannevoli e un testo ben più complesso e sofisticato di quanto non facciano supporre lo stile diretto, il tono colloquiale e l’obbedienza ad […] The post Pablo Maurette, una Buenos Aires tra luci e opacità first appeared on il manifesto. Pablo Maurette, a Buenos Aires between light and opacity. A misleading title and front cover, and a text considerably more complex and sophisticated than suggested by the straightforward style, conversational tone, and adherence to […] The post Pablo Maurette, a Buenos Aires between lights and opacity first appeared on il manifesto. # PabloMaurette # BuenosAires # first https:// ilmanifesto.it/pablo-maurette- una-buenos-aires-tra-luci-e-opacita"
buenosaires,Argentina conmemora los 50 años de la dictadura mientras Milei desafía la memoria histórica https:// fed.brid.gy/r/https://www.info libre.es/internacional/argentina-conmemora-50-anos-dictadura-milei-desafia-memoria-historica_1_2165454.html
buenosaires,Primo piano ANSA - ANSA.it: L'INTERVISTA - L'ex console Calamai: 'Oggi in Argentina stesso piano neoliberale del '76' Salvò 300 persone dalla morte è a Buenos Aires per i 50 anni dal golpe THE INTERVIEW - Former Consul Calamai: 'Today in Argentina the same neoliberal plan of '76' He saved 300 people from death and is in Buenos Aires for the 50th anniversary of the coup. # Calamai # Argentina # BuenosAires https://www. ansa.it/sito/notizie/mondo/202 6/03/21/lintervista-lex-console-calamai-oggi-in-argentina-stesso-piano-neoliberale-del_56c0bdb7-6338-4813-862b-fdfcf7b9e399.html
buenosaires,"Tribute to Amy Winehouse in Buenos Aires (4 photos) Street Artist Jesses Fields By Jesses Fields (Campos Jesses) in La Birreria, Honduras y Humboldt, Buenos Aires, Argentina. Comments: pic.twitter.com/VhMk5kHNNu— STREET ART UTOPIA 🖼️ (@StreetArtUtopia) December 16, 2021 https:// streetartutopia.com/2024/01/18 /tribute-to-amy-winehouse-in-buenos-aires/"
buenosaires,"Bird mural by Fio Silva in Buenos Aires Street Artist Fio Silva By Fio Silva in San Miguel, Buenos Aires, Argentina. Comments: pic.twitter.com/cVnEHr5Tj7— STREET ART UTOPIA 🖼️ (@StreetArtUtopia) December 9, 2021 https:// streetartutopia.com/2021/12/09 /bird-mural-by-fio-silva-in-buenos-aires/"
buenosaires,Buenos Aires 1992: The day Iran's terror came for my family https:// fed.brid.gy/r/https://www.isra elhayom.com/2026/03/16/buenos-aires-1992-iran-hezbollah-embassy-bombing-anniversary/
buenosaires,"Last night in # BuenosAires , Argentine film composer Gustavo Pomeranec surprising the guests at his 60th birthday with a beautiful performance of a song about aging. # soundtrack # music # cinema"
buenosaires,"12 beloved Street Art Photos – May 2013 This is some of the most beloved photos on our&nbsp;Facebook Page&nbsp;April 2013! Click on a photo to see it bigger. —————————————————————————————— On Facebook. By&nbsp;Wild Drawing&nbsp;in Athens, Greece. On Facebook.&nbsp;By&nbsp;David Walker. In Paris, France.&nbsp;More&nbsp;by David Walker on Street Art Utopia. On Facebook. By David Zinn:&nbsp;Homepage/Facebook. See more:&nbsp;Chalk Art by David Zinn – A Collection. On Facebook. By&nbsp;memeIRL&nbsp;in France. On […] https:// streetartutopia.com/2013/06/04 /12-beloved-street-art-photos-may-2013/"
buenosaires,"Central and South America Panama City, Panama: High 33°C. Partial sun with afternoon showers. Tonight: 24°C and humid. Canavu Starline global reach: # Panama # Weather Quito, Ecuador: High of 19°C with afternoon thunderstorms. Tonight: 10°C. High altitude weather metrics: # Quito # Ecuador Buenos Aires, Argentina: Currently 23°C and mostly sunny. High of 24°C today. Tonight: Clear and 19°C. Your southern hemisphere connection: https:// canavu.com/cavanu-starline-wea ther-page/ # BuenosAires # Argentina"
buenosaires,# Ripio # ColgadosDeLaTribuna # FmLaTribuna1035 # Mercedes # BuenosAires # Argentina
buenosaires,"I get my # medialuna at # Confiteria Rio de la Plata in # Corona # Queens , just across the way from # CarlosGardel shrine https://www. youtube.com/watch?v=KuCKjtRSKb 8 # tango # pastry # buenosaires"
buenosaires,"... general strike on Feb. 19. Advertisement. Advertisement. Advertisement. Advertisement. For nearly 80 years, unions in Argentina have been able to ... # JavierMilei # BUENOSAIRES # Argentina # labourlaws # informalmarket # severancepay # informality # labourmarket Your privacy choices"
buenosaires,"Buenos Aires, Argentina A beautiful late-summer day. High of 27°C with clear blue skies and light breezes from the east. Perfect evening for outdoor dining with temperatures hovering around 20°C. 🍷 Southern cone: https:// canavu.com/cavanu-starline-wea ther-page/ # BuenosAires # Arg"
buenosaires,"Il Fatto Quotidiano: Rosalia: “Il mio uomo ideale? Quello gay”. Il botta e risposta con l’intervistatrice: “Allora siamo in due” Qual è l’uomo ideale per Rosalía? La risposta della popstar catalana è diretta e inaspettata: “L’uomo gay”. La rivelazione è arrivata durante una conversazione registrata a Buenos Aires con la nota scrittrice argentina Mariana Enríquez, parte di un progetto di Spotify ideato per raccontare al pubblico latinoamericano il processo creativo e le ispirazioni intime degli artisti. Una confessione accolta con divertita complicità dalla stessa intervistatrice, che ha subito replicato: “Beh, allora siamo in due”. Partendo da questa battuta, l’intervista si è trasformata in un’analisi lucida e fattuale della visione sentimentale dell’artista, toccando i temi dell’attrazione, della libertà sessuale e del senso profondo dell’impegno. Spostando il focus su ciò che la colpisce nelle donne, Rosalía ha sottolineato come trovi anacronistico tracciare una linea di demarcazione netta tra i sessi quando si parla di interesse romantico o fisico. “È un po’ bizzarro che si separino le due cose”, ha riflettuto la cantante, spiegando il suo approccio universale alle relazioni. “La prima cosa che mi viene in mente è: qual è la qualità che spicca di più o che cattura la tua attenzione in qualsiasi persona?”. Ribaltando poi la domanda alla scrittrice argentina, Enríquez ha indicato nel “senso dell’umorismo” la caratteristica per lei fondamentale in una donna. L'articolo Rosalia: “Il mio uomo ideale? Quello gay”. Il botta e risposta con l’intervistatrice: “Allora siamo in due” proviene da Il Fatto Quotidiano. Rosalia: “My ideal man? A gay man.” The back-and-forth with the interviewer: “So, that’s two of us.” What is Rosalía’s ideal man? The popstar’s Catalan answer is direct and unexpected: “A gay man.” The revelation came during a recorded conversation in Buenos Aires with renowned Argentine writer Mariana Enríquez, part of a Spotify project designed to tell the Latin American public about the creative process and intimate inspirations of artists. A confession met with amused complicity from the interviewer herself, who immediately retorted: “Well, then we’re two.” Starting from this joke, the interview transformed into a lucid and factual analysis of the artist’s sentimental vision, touching on the themes of attraction, sexual freedom, and the deep sense of commitment. Shifting the focus to what impresses her in women, Rosalía emphasized how she finds it anachronistic to draw a clear line between the sexes when it comes to romantic or physical interest. “It’s a bit bizarre that the two things are separated,” reflected the singer, explaining her universal approach to relationships. “The first thing that comes to mind is: what is the quality that stands out the most or that captures your attention in any person?” Reversing the question to the Argentine writer, Enríquez indicated that “a sense of humor” was the fundamental characteristic in a woman for her. Article: Rosalia: “My ideal man? The gay one.” The back-and-forth with the interviewer: “Then we’re two” comes from Il Fatto Quotidiano. # Rosalía # Catalan # BuenosAires # Argentine # MarianaEnríquez # Spotify # LatinAmerican # first # Enríquez # IlFattoQuotidiano https://www. ilfattoquotidiano.it/2026/03/0 6/rosalia-il-mio-uomo-ideale-quello-gay-il-botta-e-risposta-con-lintervistatrice-allora-siamo-in-due/8315225/"
buenosaires,"Adnkronos - ultimoratop: Harry Styles sulla morte di Liam Payne: ""Perderlo è stato molto difficile"" (Adnkronos) - Il cantante 31enne morì a Buenos Aires nel 2024. Insieme furono parte della band 'One Direction' Harry Styles on Liam Payne’s death: “Losing him was very difficult.” (Adnkronos) - The 31-year-old singer died in Buenos Aires in 2024. They were part of the band ‘One Direction’ together. # HarryStyles # LiamPayne ’s # BuenosAires https://www. adnkronos.com/spettacoli/harry -styles-morte-liam-payne_1umtWdvjSJHINthYP8RHvG"
buenosaires,"The General Confederation of Labor (CGT), which called a general strike earlier this month that brought Argentina to a halt, has also announced plans ... # argentinaunions # BUENOSAIRES # cgtprotests # economicreform # employmentrules # LabourLaw # legalchallenge # mileireform # PoliticalDispute # workerrights Milei’s flagship labour reform challenged in court"
buenosaires,"# FotoVorschlag - Ketten Photo theme - chains I've already posted one photo from this day in 2016 and here's another for this theme, taken in La Recoleta cemetery in Buenos Aires, Argentina. # Photography # Travel # BuenosAires # Argentina # Cemetery # Chains # Rust # Metal # LaRecoleta"
buenosaires,Beautiful weather for takeoff from Jorge Newbery Airpark airport in Buenos Aires area (Argentina) “SABE 011400Z 36005KT 320V020 CAVOK 24/18 Q1015 NOSIG” : See what it means on https://www. bigorre.org/aero/meteo/sabe/en # jorgenewberyairparkairport # airport # buenosaires # argentina # sabe # aep # metar # aviation # aviationweather # avgeek vl
buenosaires,"From this day in 2016 this is Buenos Aires, Argentina. We'd had a full day touring this fantastic city, seeing Eva Perón's tomb, visiting the cathedral, eating the best steak, watching a tango show, and finishing with the historic, colourful La Boca area. # Photography # Travel # Argentina # BuenosAires # LaBoca"
buenosaires,"On the last day of February ten years ago we arrived in Buenos Aires, the first time we'd travelled to the southern hemisphere. Our view from our cruise ship balcony was not the prettiest unless you like industrial container ports but for something like this it's more what it represents: being on holiday, seeing new places. # Travel # Photography # BuenosAires # Argentina # Cruise"
buenosaires,Therian trend: Masked youth identifying as animals gather in Buenos Aires http:// newsfeed.facilit8.network/TRBm L4 # TherianTrend # BuenosAires # YouthCulture # ViralPhenomenon # MentalHealthAwareness
buenosaires,"The unions have tried to halt the reform with street protests and a general strike . “Political leaders tell us how we have to work and how much we ... The ultra‑right government is preparing to celebrate the approval of a law that allows 12‑hour workdays, makes dismissals cheaper, and strips power from unions # JavierMilei # Argentina # DonaldTrump # BuenosAires # MauricioMacri # CarlosMenem # FernandodelaRúa # Uber Milei pushes through a labor reform that Argentina resisted under previous right‑wing governments"
buenosaires,Aviation weather for Ministro Pistarini International airport in Buenos Aires area (Argentina) is “SAEZ 231400Z 05011KT 9999 FEW030 SCT090 BKN200 27/19 Q1012 NOSIG” : See what it means on https://www. bigorre.org/aero/meteo/saez/en # ministropistariniinternationalairport # airport # buenosaires # argentina # saez # eze # metar # aviation # aviationweather # avgeek vl
buenosaires,"Buenos Aires, Argentina Late summer warmth. High of 24°C with pleasant breezes. Clear skies expected through the evening—perfect for an outdoor dinner. 🇦🇷 # BuenosAires # ArgentinaWeather # Summer2026 Details: https:// canavu.com/cavanu-starline-wea ther-page/"
buenosaires,"Mass protests against Milei’s anti-labour laws # Argentina Hundreds of injuries reported as Senate approves strike restrictions, 12-hour working day ‚Thousands of protesters took to the streets in Argentina’s capital # BuenosAires last week (11 February) to oppose # labour reforms that restrict the right to strike and roll back employment benefits. The protests, supported by the country’s largest unions, were repeatedly attacked by policeusing tear gas, rubber bullets, and water cannons.&nbsp; According to Argentina’s union federation, more than 700,000 people marched in Buenos Aires and 1.5 million took part across the country in support of “people’s rights, the separation of powers, democracy and the constitution.”&nbsp; https:// freedomnews.org.uk/2026/02/16/ argentina-mass-protests-against-mileis-anti-labour-laws/"
buenosaires,"Argentina: Mass protests against Milei's anti-labour laws https:// freedomnews.org.uk/2026/02/16/ argentina-mass-protests-against-mileis-anti-labour-laws/ Hundreds of injuries reported as Senate approves strike restrictions, 12-hour working day… # Argentina # Protests # AntiLabor # Laws # 12HourWorkday # AntiStrike # AntiEmploymentBenefits # Slavery # Milei # Fascism # UnionBuster # PoliceState # BuenosAires # SeparationOfPowers # HumanRights # Unlivable # Brutality # Injuries # Repression # Pensions # Unemployment # Impoverishment # BillionaireProfits # Slavery # Trump"
buenosaires,"Estadio Pedro Bidegain https:// en.wikipedia.org/wiki/Estadio_ Pedro_Bidegain Capacity: 43494 Location: Buenos Aires, Argentina Team: San Lorenzo de Almagro # BuenosAires # Argentina # stadium # soccer # football # fussball # fedifc # mastodonFC"
buenosaires,Beautiful weather for takeoff from Ministro Pistarini International airport in Buenos Aires area (Argentina) “SAEZ 101400Z 34005KT CAVOK 31/16 Q1009 NOSIG” : See what it means on https://www. bigorre.org/aero/meteo/saez/en # ministropistariniinternationalairport # airport # buenosaires # argentina # saez # eze # metar # aviation # aviationweather # avgeek vl
buenosaires,"Good attitude, # Sanchez of # Spain https://www. nytimes.com/2026/02/04/opinion /spain-migrants-europe.html My take from 2021 here https:// cooperativecity.org/redefining -post-coronavirus-travel-does-barcelona-hold-the-key/ # migration # migrants # tourism # ecotourism # cooperatives # barcelona # buenosaires"
buenosaires,"Buenos Aires, Argentina (SMN/Local) Summer is in full swing in BA! 🇦🇷 High of 29°C with plenty of sunshine. A perfect evening for a walk in Palermo or a dinner outdoors. Stay cool and enjoy the heat! ☀️🍷 # BuenosAires # Argentina # Clima"
buenosaires,Beautiful weather for takeoff from Jorge Newbery Airpark airport in Buenos Aires area (Argentina) “SABE 021600Z 02006KT 350V070 CAVOK 29/21 Q1007 NOSIG” : See what it means on https://www. bigorre.org/aero/meteo/sabe/en # jorgenewberyairparkairport # airport # buenosaires # argentina # sabe # aep # metar # aviation # aviationweather # avgeek vl
buenosaires,Aviation weather for Jorge Newbery Airpark airport in Buenos Aires area (Argentina) is “SABE 311300Z COR 07009KT 030V090 9999 FEW017 24/18 Q1014 NOSIG” : See what it means on https://www. bigorre.org/aero/meteo/sabe/en # jorgenewberyairparkairport # airport # buenosaires # argentina # sabe # aep # metar # aviation # aviationweather # avgeek vl
buenosaires,Aviation weather for Ministro Pistarini International airport in Buenos Aires area (Argentina) is “SAEZ 291400Z 12006KT 9999 SCT036 30/17 Q1016 NOSIG” : See what it means on https://www. bigorre.org/aero/meteo/saez/en # ministropistariniinternationalairport # airport # buenosaires # argentina # saez # eze # metar # aviation # aviationweather # avgeek vl
buenosaires,"Buenos Aires, Argentina Summer in the city! ☀️ Buenos Aires is sizzling with a high of 30°C. It’s a great day for a walk in Palermo, but stay hydrated and seek out the shade. The evening will be perfect for some outdoor dining. # BuenosAires # Argentina # SummerVibes"
buenosaires,Beautiful weather for takeoff from Ministro Pistarini International airport in Buenos Aires area (Argentina) “SAEZ 241600Z 01008KT CAVOK 30/17 Q1014 NOSIG” : See what it means on https://www. bigorre.org/aero/meteo/saez/en # ministropistariniinternationalairport # airport # buenosaires # argentina # saez # eze # metar # aviation # aviationweather # avgeek vl
buenosaires,Beautiful weather for takeoff from Jorge Newbery Airpark airport in Buenos Aires area (Argentina) “SABE 241300Z 36010KT CAVOK 26/19 Q1015 NOSIG” : See what it means on https://www. bigorre.org/aero/meteo/sabe/en # jorgenewberyairparkairport # airport # buenosaires # argentina # sabe # aep # metar # aviation # aviationweather # avgeek vl
buenosaires,"Buenos Aires, Argentina Summer is in full swing! ☀️🇦🇷 High: 31°C Low: 21°C A hot, humid day ahead. Perfect for a late-night dinner on a patio. 🍷 # BuenosAires # Argentina"
buenosaires,Quito Generally cool with breezy conditions and a wet climate today. Average temperatures are holding around 12°C. Keep an umbrella handy! ☔ # Quito # Ecuador Buenos Aires Warm and moist today with an average temperature of 24°C. Expect breezy conditions with light winds around 6 knots. 🇦🇷 # BuenosAires # Argentina
buenosaires,"Quito: ⛰️ Spring-like as always in the Andes! Highs of 18°C with a mix of sun and clouds. Remember, the UV is intense at this altitude—protect your skin! # Quito # Ecuador Buenos Aires: ☀️ Summer is in full swing! It’s a hot 31°C today. Finding some shade and a cold drink is the best plan for the afternoon. Stay hydrated, BA! 🥤 # BuenosAires # Argentina"
buenosaires,Venezolanos en Buenos Aires pidieron la liberación de todos los presos políticos durante procesión de la Divina Pastora https:// web.brid.gy/r/https://www.elna cional.com/2026/01/venezolanos-en-buenos-aires-pidieron-la-liberacion-de-los-presos-politicos/
buenosaires,"Buenos Aires, Argentina Summer is in full swing! High of 28°C with high humidity. There might be some evening thunderstorms to cool things down. Perfect weather for a late-night dinner outdoors. 🍖⚡ # BuenosAires # SummerVibes"
buenosaires,"Today in Labor History January 16, 1919: Semana Tragica (Tragic week) ended on this date in Buenos Aires. The authorities slaughtered as many as 700 workers and wounded 2,000. The government repression that followed decimated the militant Argentinean anarchist labor movement. From 1902 until 1909, the Federacion Obrera Regional Argentina had waged a series of General Strikes against the bosses and anti-labor legislation. The Semana Tragica began as a strike at the Vasena metal works. On January 3, striking workers fired on the police, wounding three. On January 7, the maritime workers voted for a General Strike for better wages and hours. On that same date, militant workers shot and killed an army lieutenant at the Vasena metal works. The police responded by killing five workers. That night, militant workers killed two more soldiers. On January 8, the waterfront strike began, halting all loading and unloading of cargo. On January 8, hundreds marched in a funeral procession for the workers who had been killed by the cops. Along the way, they attacked property and burned cars. The police fired into the procession, killing several people. Mobs then rampaged throughout Buenos Aires, burning streetcars and buildings, looting sporting goods stores for guns and ammunition. 3,000 stormed the Lacrose Station. The Argentine Chamber of Deputies fought with each other, but took no action on the violence in the streets. The violence and killings continued for days, with right-wing vigilantes joining the police and soldiers, assaulting workers and committing pogroms against the city’s Jews. # workingclass # LaborHistory # argentina # pogrom # antisemitism # anarchism # generalstrike # police # acab # massacre # buenosaires # policebrutality"
buenosaires,"Sofía, split light portrait. by Adolfo Rozenfeld https:// tmblr.co/Z7VXvxil6DxWye00 # buenosaires # slrmagiccine35mmf12fe # portrait # café # shadows # retrato # redhead # actress # sombras # pelirroja # gobo # lightpatterns # actriz # splitlighting # manuallens # luznatural # portraitworkshop # tallerderetratos # barghida # patronesdesombras # flickr # thingsdavidlikes"
buenosaires,"Buenos Aires, Argentina ☀️ Buenos Aires: ¡Calor de verano! We are heading for a high of 32°C (90°F) today. It’s a bright, sunny day with high humidity, so stay hydrated and seek out the shade in the parks of Palermo. A perfect night for an al-fresco dinner as the breeze picks up. 🍦 Best heladería in the city for a heatwave? Let’s hear your picks! # BuenosAires # Argentina # Clima"
buenosaires,Buenos Aires Summer is in full swing! # BuenosAires is hot today with a high of 30°C. Clear skies and plenty of sunshine—don&#39;t forget the sunscreen! ☀️
buenosaires,"Buenos Aires, Argentina ☀️ Summer is in full swing! A beautiful, sunny day with a high of 27°C (81°F). Perfect for an evening stroll through Palermo or a visit to the coast. # BuenosAires # Argentina"
buenosaires,"Buenos Aires, Argentina Summer is in full swing! ☀️ A hot one today with highs reaching 32°C. Perfect for an evening stroll in Palermo once the sun starts to dip. Stay cool and enjoy the Rio de la Plata breeze. # BuenosAires # Argentina # SummerVibes"
buenosaires,Beautiful weather for takeoff from Jorge Newbery Airpark airport in Buenos Aires area (Argentina) “SABE 121200Z 35006KT CAVOK 25/18 Q1012 NOSIG” : See what it means on https://www. bigorre.org/aero/meteo/sabe/en # jorgenewberyairparkairport # airport # buenosaires # argentina # sabe # aep # metar # aviation # aviationweather # avgeek vl
buenosaires,"Buenos Aires, Argentina Summer is in full swing! A hot and humid day with a high of 32°C. Everyone is heading for the shade or the nearest pool. Watch for some late-evening thunderstorms that could bring a dramatic lightning show over the Rio de la Plata. 🇦🇷☀️ # BuenosAires # Verano # Argentina"
buenosaires,The Argentine city of Buenos Aires adopted a sweeping ban on noisy fireworks across its entire territory. 🎆🚫 👉 Find out more: https://veganfta.com/articles/2025/12/31/buenos-aires-bans-noisy-fireworks-to-protect-the-vulnerable/ &nbsp; #argentina #buenosaires #fireworks #banfireworks #fireworksdisplay
buenosaires,"📢 Argentina freezes its planned embassy move to occupied # alQuds after reports of Israeli oil drilling near the disputed Malvinas Islands, sparking diplomatic concerns # jerusalem # palestine 🔹 Despite improved relations between # buenosaires and # telaviv under Milei’s presidency, includ. the launch of the # IsaacAccords to expand cooperation w/ # latinamerican states, the Israeli oil project has introduced a significant point of contention 📰 Al Mayadeen JAN-11 # news https:// english.almayadeen.net/news/po litics/argentina-halts-embassy-move-to-al-quds-over-israeli-oil-dri"
buenosaires,"Buenos Aires, Argentina ☀️ Summer is sizzling in # BuenosAires ! A gorgeous, clear Saturday with a high of 29°C (84°F). It’s the perfect afternoon for a walk through Palermo or a coffee in San Telmo. Light winds from the East will provide a bit of relief. Tonight will stay warm at 18°C (64°F). Enjoy the weekend, porteños! # CABA # Argentina # Verano2026"
buenosaires,Aviation weather for Jorge Newbery Airpark airport in Buenos Aires area (Argentina) is “SABE 101600Z 18006KT 120V230 9999 -RA SCT023 BKN100 BKN200 21/16 Q1011 NOSIG” : See what it means on https://www. bigorre.org/aero/meteo/sabe/en # jorgenewberyairparkairport # airport # buenosaires # argentina # sabe # aep # metar # aviation # aviationweather # avgeek vl
buenosaires,Aviation weather for Ministro Pistarini International airport in Buenos Aires area (Argentina) is “SAEZ 101300Z 18005KT 9000 -RA FEW013 OVC100 19/17 Q1011 NOSIG” : See what it means on https://www. bigorre.org/aero/meteo/saez/en # ministropistariniinternationalairport # airport # buenosaires # argentina # saez # eze # metar # aviation # aviationweather # avgeek vl
buenosaires,"On this # night in 2020: My # parents at the end of our tour group's # tango lesson in # BuenosAires , # Argentina ! 💃 http://www. instagram.com/p/B7gc_kqlbgy Looking on with pure delight in the background is Diego, one half of the couple who welcomed us into their home and taught us. # ShotoniPhone 5s. &lt;3 (Wrote about this # trip in my # blog post ""Alegría"" at http:// artistsonthelam.blogspot.com/2 020/02/alegria.html More of my # mobilephotography : http://www. artistsonthelam.com/photography ) # OTD # SouthAmerica # LatinAmerica # Travel # TravelPhotography # Photography # Photo"
buenosaires,"Buenos Aires, Argentina 🇦🇷 Summer is in full swing! High of 31°C but feeling humid. A chance of a late-day thunderstorm to break the heat. Perfect evening for an outdoor Parrilla! ☀️🥩 # BuenosAires # Summer"
buenosaires,Beautiful weather for takeoff from Jorge Newbery Airpark airport in Buenos Aires area (Argentina) “SABE 091500Z 10015KT CAVOK 22/16 Q1017 NOSIG” : See what it means on https://www. bigorre.org/aero/meteo/sabe/en # jorgenewberyairparkairport # airport # buenosaires # argentina # sabe # aep # metar # aviation # aviationweather # avgeek vl
buenosaires,Aviation weather for Ministro Pistarini International airport in Buenos Aires area (Argentina) is “SAEZ 081400Z 10012KT 9999 SCT041 BKN200 23/10 Q1020 NOSIG” : See what it means on https://www. bigorre.org/aero/meteo/saez/en # ministropistariniinternationalairport # airport # buenosaires # argentina # saez # eze # metar # aviation # aviationweather # avgeek vl
buenosaires,"Buenos Aires, Argentina 🔥 Summer is sizzling in the south! We’re hitting a high of 32°C today with bright, sunny skies. It’s a perfect day for a &quot;parrillada&quot; outdoors, though you’ll want to find some shade by mid-afternoon. Humidity is moderate, but the sun is intense. Stay hydrated and enjoy the vibrant porteño summer vibes! 🇦🇷 # BuenosAires # Argentina # Verano # SummerWeather # CABA"
buenosaires,La vida del fugitivo Carlos Fernández a 10.400 kilómetros de Marbella: “No he dejado de tener miedo en los 19 años” https:// fed.brid.gy/r/https://elpais.c om/espana/2026-01-07/la-vida-del-fugitivo-carlos-fernandez-a-10400-kilometros-de-marbella-no-he-dejado-de-tener-miedo-en-los-19-anos.html
buenosaires,Aviation weather for Jorge Newbery Airpark airport in Buenos Aires area (Argentina) is “SABE 071400Z VRB04KT 9999 FEW011 BKN080 26/15 Q1012 TEMPO 8000 -RA SCT040 BKN100” : See what it means on https://www. bigorre.org/aero/meteo/sabe/en # jorgenewberyairparkairport # airport # buenosaires # argentina # sabe # aep # metar # aviation # aviationweather # avgeek vl
buenosaires,"Buenos Aires, Argentina 🔥 Summer Sizzle. January is in full swing here! It’s hot and humid. Expect locals to be heading toward the coast or staying near the AC. A late-evening thunderstorm might bring some relief. High: 31°C | Low: 22°C Tip: Stay hydrated and enjoy a late dinner alfresco once the sun goes down. # BuenosAires # Argentina # Verano # SummerHeat # CABA"
buenosaires,Beautiful weather for takeoff from Ministro Pistarini International airport in Buenos Aires area (Argentina) “SAEZ 061300Z 01007KT CAVOK 26/13 Q1012 NOSIG” : See what it means on https://www. bigorre.org/aero/meteo/saez/en # ministropistariniinternationalairport # airport # buenosaires # argentina # saez # eze # metar # aviation # aviationweather # avgeek vl
buenosaires,The Argentine city of Buenos Aires adopted a sweeping ban on noisy fireworks across its entire territory. 🎆 #fireworks #banfireworks #lightshow #buenosaires #argentina Buenos Aires Bans Noisy Firewo...
buenosaires,Aviation weather for Jorge Newbery Airpark airport in Buenos Aires area (Argentina) is “SABE 011500Z 09011KT 9999 FEW045TCU SCT200 26/16 Q1010 NOSIG” : See what it means on https://www. bigorre.org/aero/meteo/sabe/en # jorgenewberyairparkairport # airport # buenosaires # argentina # sabe # aep # metar # aviation # aviationweather # avgeek vl
buenosaires,Excesso de calor aumenta demanda por energia e causa apagão que deixa 45 mil no escuro em Buenos Aires https:// fed.brid.gy/r/https://www.bras ildefato.com.br/2025/12/31/excesso-de-calor-aumenta-demanda-por-energia-e-causa-apagao-que-deixa-45-mil-no-escuro-em-buenos-aires/
buenosaires,"Estadio Pedro Bidegain https:// en.wikipedia.org/wiki/Estadio_ Pedro_Bidegain Capacity: 43494 Location: Buenos Aires, Argentina Team: San Lorenzo de Almagro # BuenosAires # Argentina # stadium # soccer # football # fussball # fedifc # mastodonFC"
buenosaires,Estado de gracia https:// fed.brid.gy/r/https://elpais.c om/opinion/2025-12-27/estado-de-gracia.html
buenosaires,"I got myself two flavoured mate: spicy mango; and chocolate and pistachio. Why? Because life is short; new experiences are fun; and really, how bad could they possibly taste anyway? # mate # buenosaires # Argentina"
buenosaires,"This kind of shop is why you want to live in a big city: A Remote Control store. Selling and repairing, all brands, all models. I hope the good people of Buenos Aires know what rare pearl of a place they have here. # repair # BA # buenosaires # Argentina"
buenosaires,(Video) “Millones de personas protestan en Argentina contra el peor gobierno de la historia y el más corrupto”: # Engañoso | vía # FastCheckCL https://www. fastcheck.cl/2025/12/22/video- millones-de-personas-protestan-en-argentina-contra-el-peor-gobierno-de-la-historia-y-el-mas-corrupto-enganoso/ # argentina # buenosaires # chequeo # desinformación # engañoso # fastcheckcl # internacional # manifestación # milei # protesta
buenosaires,"# Earth4All # Argentina : Young people confront today’s challenges through debate At a time when social and environmental crises are deepening, this initiative shows that young people are not just aware of the challenges—they are ready to lead the transformation. The real challenge is to listen to them and make room for their voices in the creation of truly transformative public policies. 5 June 2025 ""On 9 May, young people between the ages of 18 and 30 gathered simultaneously in # Córdoba , # BuenosAires , and # Tucumán to take part in the workshop 'Understanding the present to build the future we want,' part of the Earth4All Argentina National Engagement Strategy led by the # ClubOfRome – Argentinian Chapter. ""Organised in collaboration with # FundaciónAlimentaris and # JóvenesPorElClima , the workshop was part of the participatory process of the National Participation Program (NEP), an initiative aimed at gathering diagnostics, experiences, and proposals from local communities to influence public policy. Its goal is to collectively adapt the international Earth4All model to local realities. The model warns of the urgent need to move away from the current path, described as ' # TooLittleTooLate ,' and to move toward a ' # GiantLeap ' centred on # social and # EnvironmentalJustice . This transformative agenda is structured around five turnarounds: # EradicatingPoverty , # ReducingInequality , # EmpoweringWomen , transforming # FoodSystems , and driving the energy transition. ""The workshop brought together university students from the host cities, # grassroots and # EnvironmentalActivists , and civically engaged youth eager to influence # LocalPolicies and practices. Facilitated by Jóvenes por el Clima, the event was organized around two main dynamics: first, introducing the foundations and challenges of the Earth4All model; and second, mapping specific local issues and working in thematic groups aligned with the model’s five pillars, with the aim of # CoCreating concrete proposals grounded in the experiences and voices of # YoungPeople ."" Learn more: https:// earth4all.life/news/earth4all- argentina-young-people-confront-todays-challenges-through-debate/ # SolarPunkSunday # LtG # Activism # SocialJustice # CollectiveAction # CollectiveLearning # StartLocal # Collaboration"
buenosaires,Cristina Fernández operada con éxito de apendicitis en Argentina https:// fed.brid.gy/r/https://www.tele surtv.net/cristina-fernandez-apendicitis-en-argentina/
buenosaires,"# Riots broke out in # BuenosAires on # ThisDayInHistory in 2001. The # ArgentineEconomicCrisis had grown acute and workers were angry. Within a day, the state had killed 22 people, but anger over that and over # austerity measures from the # IMF fuelled rage, toppling the president."
buenosaires,Beautiful weather for takeoff from Ministro Pistarini International airport in Buenos Aires area (Argentina) “SAEZ 191300Z 07016KT CAVOK 27/14 Q1011 NOSIG” : See what it means on https://www. bigorre.org/aero/meteo/saez/en # ministropistariniinternationalairport # airport # buenosaires # argentina # saez # eze # metar # aviation # aviationweather # avgeek vl
buenosaires,Beautiful weather for takeoff from Jorge Newbery Airpark airport in Buenos Aires area (Argentina) “SABE 181600Z COR 33012KT 300V360 CAVOK 29/17 Q1009 NOSIG” : See what it means on https://www. bigorre.org/aero/meteo/sabe/en # jorgenewberyairparkairport # airport # buenosaires # argentina # sabe # aep # metar # aviation # aviationweather # avgeek vl
buenosaires,Beautiful weather for takeoff from Ministro Pistarini International airport in Buenos Aires area (Argentina) “SAEZ 181400Z 31016KT CAVOK 30/14 Q1008 NOSIG” : See what it means on https://www. bigorre.org/aero/meteo/saez/en # ministropistariniinternationalairport # airport # buenosaires # argentina # saez # eze # metar # aviation # aviationweather # avgeek vl
buenosaires,"La metalurgia sigue en caída libre: menos producción, menos empleo y fábricas&nbsp;semivacías La actividad metalúrgica volvió a retroceder en noviembre, con una fuerte caída interanual, desplome del uso de la capacidad instalada y un nuevo deterioro del empleo. Los datos confirman que el ajuste económico de Milei sigue golpeando de lleno al entramado industrial. Por Celina Fraticiangi para NLI La industria metalúrgica atraviesa uno de sus momentos más delicados de los últimos años. En noviembre, la actividad registró una caída interanual del 4,2%, según el último informe […] https:// noticiaslainsuperable.com.ar/2 025/12/17/la-metalurgia-sigue-en-caida-libre-menos-produccion-menos-empleo-y-fabricas-semivacias/"
buenosaires,"🐕🏆 More than 2,000 golden retrievers and their owners gathered in # BuenosAires ' Bosques de Palermo park to break the unofficial world record for largest # goldenretriever gathering. The event, organized by actor Fausto Duperré, exceeded the previous record of 1,685 goldens set in # Vancouver last year. 👉 https://www. smithsonianmag.com/smart-news/ more-than-2000-golden-retreivers-gather-in-an-argentina-park-in-an-attempt-to-break-a-world-record-180987852/ # dogs # argentina # animals # pets # cute"
buenosaires,Just a hippo on a bicycle. # BuenosAires # mural # StreetArt
buenosaires,"Each of us carries our own skull. - Mondongo (Juliana Laffitte &amp; Manuel Mendanha), Skull #05, Museo de Arte Latinoamericano de Buenos Aires # Art # BuenosAires # MALBA # Museum"
buenosaires,Beautiful weather for takeoff from Ministro Pistarini International airport in Buenos Aires area (Argentina) “SAEZ 161500Z 20008KT CAVOK 24/05 Q1017 NOSIG” : See what it means on https://www. bigorre.org/aero/meteo/saez/en # ministropistariniinternationalairport # airport # buenosaires # argentina # saez # eze # metar # aviation # aviationweather # avgeek vl
buenosaires,Sky. # photography # BuenosAires # Mural # Streetart
buenosaires,Beautiful weather for takeoff from Jorge Newbery Airpark airport in Buenos Aires area (Argentina) “SABE 151300Z 22005KT 150V280 CAVOK 21/09 Q1010 NOSIG” : See what it means on https://www. bigorre.org/aero/meteo/sabe/en # jorgenewberyairparkairport # airport # buenosaires # argentina # sabe # aep # metar # aviation # aviationweather # avgeek vl
buenosaires,Looking up. # BuenosAires # photography
buenosaires,@ vicgrinberg Here's two from two years ago that I liked a lot. # BuenosAires # CABA # NotesToStrangers # UrbanArt
buenosaires,# BuenosAires # NotesToStrangers # GuerillaArt # UrbanArt
buenosaires,Took this photos yesterday close to the Recoleta cemetary in # BuenosAires and today it&#39;s an extra painful one...
buenosaires,Cranes. # photography # BuenosAires
buenosaires,Beautiful weather for takeoff from Ministro Pistarini International airport in Buenos Aires area (Argentina) “SAEZ 101600Z 25006KT CAVOK 29/17 Q1006 NOSIG” : See what it means on https://www. bigorre.org/aero/meteo/saez/en # ministropistariniinternationalairport # airport # buenosaires # argentina # saez # eze # metar # aviation # aviationweather # avgeek vl
buenosaires,"Fiscal pide elevar a juicio al exnovio de Lowrdez por un “proceso continuo y ascendente” de violencia de&nbsp;género La fiscal Silvana Russi pidió que Leandro Esteban García Gómez sea llevado a juicio oral por una serie de agresiones físicas, amenazas y privación ilegítima de la libertad contra la cantante Lourdes Fernández, integrante de Bandana, en un caso que expone un entramado de violencia de larga data y la necesidad de intervención estatal aun sin impulso de la víctima. Por Ignacio Álvarez Alcorta para Noticias La Insuperable Un caso que revela el sometimiento y la naturalización de la […] https:// noticiaslainsuperable.com.ar/2 025/12/09/fiscal-pide-elevar-a-juicio-al-exnovio-de-lowrdez-por-un-proceso-continuo-y-ascendente-de-violencia-de-genero/"
buenosaires,"I had the opportunity to travel across the world to Buenos Aires in Argentina to attend Devconnect 2025, the biggest Ethereum event worldwide happening November 17th-22nd, all thanks to the Scholars program. https:// end3r.com/blog/devconnect-2025 # Ethereum # ETH # BuenosAires # Argentina # Devconnect # conference # fair # scholars"
buenosaires,# ThisIsFine :tif1: :tif2: :tif3: :tif4: :tif5: # BuenosAires # Argentina # SouthernSummer # SouthernHemisphere
buenosaires,# newmusic # newrelease # nowplaying # bandcamp Cyclical Fest 2025 by Cyclical Fest https:// cyclicaldreams.bandcamp.com/al bum/cyclical-fest-2025 # music # fedimusic # mastomusic # musodon # ambient # electronic # berlinschool # drone # liveset # soundscape # spacemusic # BuenosAires
buenosaires,"Caliban vuelve a la Argentina: el regreso más esperado del metalcore&nbsp;alemán Después de más de quince años, Caliban regresa a Buenos Aires con un show demoledor que promete sacudir Uniclub el próximo 4 de diciembre de 2025. Una visita histórica para una escena que hoy vuelve a latir con fuerza, en medio de un clima cultural atravesado por los recortes y el desfinanciamiento impulsado por Milei. Por Alina C. Galifante para Noticias La Insuperable El regreso de una leyenda del metalcore europeo Los titanes del metalcore alemán, Caliban, confirmaron su regreso a […] https:// noticiaslainsuperable.com.ar/2 025/12/01/caliban-vuelve-a-la-argentina-el-regreso-mas-esperado-del-metalcore-aleman/"
buenosaires,"LA BOCA: Historia viva de un nombre que nació del río, del barro y de una idea de&nbsp;mundo En Buenos Aires hay barrios que se cuentan solos, pero pocos tienen un nombre que funcione como documento geológico, archivo lingüístico y crónica inmigrante. La Boca no es solo un punto en el mapa: es una explicación completa sobre cómo se forma una ciudad desde el agua, la lengua y la política popular. Su nombre, anterior al barrio y al club, ya aparece en escritos coloniales que describían esa desembocadura peligrosa, fangosa y estratégica donde el Riachuelo se abría como una […] https:// noticiaslainsuperable.com.ar/2 025/12/01/la-boca-historia-viva-de-un-nombre-que-nacio-del-rio-del-barro-y-de-una-idea-de-mundo/"
buenosaires,"De Caracas a Buenos Aires, la distancia se mide en arepas: cómo es para un niño venezolano vivir lejos de casa https:// fed.brid.gy/r/https://lapatill a.com/2025/11/28/de-caracas-a-buenos-aires-la-distancia-se-mide-en-arepas-como-es-para-un-nino-venezolano-vivir-lejos-de-casa/"
buenosaires,# newmusic # newrelease # nowplaying # bandcamp MindScapeS [CYD 0146] by MICADO https:// cyclicaldreams.bandcamp.com/al bum/mindscapes-cyd-0146 # music # fedimusic # mastomusic # musodon # ambient # electronic # ambient # berlinschool # drone # soundscape # spacemusic # BuenosAires
buenosaires,#BuenosAires #Argentina #Live Peter Gabriel Sledgehammer #NowPlaying #NowStreaming #NowWatching #PeterGabriel #MusicSky #VideoSky www.youtube.com/watch?v=lFsk... SledgeHammer - Peter Gabriel e...
buenosaires,"Jorge Newbery Airpark - Buenos Aires, Argentina https:// en.wikipedia.org/wiki/Aeroparq ue_Jorge_Newbery https://www. openstreetmap.org/#map=13/-34. 559200/-58.415600 # SABE # AEP # BuenosAires # Argentina # airport # aviation # avgeeks # GIS"
buenosaires,"And yet, they are exposed to # climatechange https://www. iflscience.com/why-do-crocodil es-not-eat-capybaras-81643 My take here https://www. salon.com/2024/09/07/revolt-of -the-capybaras-have-these-large-rodents-taken-over-or-reclaimed-whats-theirs/ # capybara # capybaras # wildlife # darwin # science # evolution # argentina # buenosaires"
buenosaires,Aviation weather for Jorge Newbery Airpark airport in Buenos Aires area (Argentina) is “SABE 231300Z 03008KT 350V050 9999 FEW028 19/12 Q1022 NOSIG” : See what it means on https://www. bigorre.org/aero/meteo/sabe/en # jorgenewberyairparkairport # airport # buenosaires # argentina # sabe # aep # metar # aviation # aviationweather # avgeek vl
buenosaires,"100 người dân Buenos Aires vừa có cơ hội trải nghiệm món gà hạnh nhân chính gốc Trung Quốc từ đầu bếp Tomás Xu. Với hương vị tuyệt vời và sự kết nối văn hóa qua ẩm thực, món ăn này thực sự đã làm nên điều kỳ diệu! Đừng bỏ lỡ cơ hội khám phá! # GàHạnhNhân # ẨmThựcTrungQuốc # BuenosAires # KếtHợpẨmThực https:// ift.tt/Ox8nDRd"
buenosaires,A great sonic journey 🖖 😎 # nowplaying # bandcamp The Vanishing Point [CYD 0145] by Grant Beasley https:// cyclicaldreams.bandcamp.com/al bum/the-vanishing-point-cyd-0145 # music # fediverse # fedimusic # mastoradio # ambient # electronic # berlinschool # drone # soundscape # spacemusic # BuenosAires
buenosaires,"We're going to # buenosaires ! Any tips or advice is welcome. Specifically, my wife is convinced it's a good place to buy a # guitar - any recommendations on places to go for that?"
buenosaires,"Kicillof pidió investigar “a fondo” el Caso $LIBRA y apuntó directamente a&nbsp;Milei El gobernador bonaerense valoró el trabajo de la comisión del Congreso, subrayó que la trama “involucra al mismísimo Milei” y reclamó que la Justicia avance sin condicionamientos. También cuestionó la falta de diálogo con el ministro del Interior, Diego Santilli. Por la Redacción de Noticias La Insuperable El gobernador bonaerense Axel Kicillof volvió a encender las alarmas sobre el Caso $LIBRA, la investigación parlamentaria que ya destapó maniobras financieras irregulares, […] https:// noticiaslainsuperable.com.ar/2 025/11/19/kicillof-pidio-investigar-a-fondo-el-caso-libra-y-apunto-directamente-a-milei/"
buenosaires,"# Wikipedia - Case Study - # Argentina "" # VillaInflamable neighborhood is located in the city of # DockSud and is part of the Greater # BuenosAires Metropolitan Area. The community is situated at the center of a # petrochemical development area, where 44 hydrocarbon companies are currently operating. These same companies are mainly responsible for turning the # RiachueloMatanza basin into one of the most polluted bodies of water in the world. ""Reports from Argentinian and foreign public agencies have confirmed the presence of lead, chromium, benzene and other hazardous chemicals in the water supplies of the neighborhood, in amounts far in excess of what is allowed by international regulations. Journalistic and academic research has collected multiple testimonies of serious health diagnoses commonly associated with the presence of these contaminants. Likewise the book Flammable: Environmental Suffering in an Argentine Shantytown explores the effects of toxicity in the daily lives of the residents of the Inflammable neighborhood, referring to multiple diagnoses of lead poisoning among the inhabitants of Inflammable, especially among children."" Follow-up... # Argentina Abandons # ToxicRiver , Leaving Residents to Face the Fallout With cleanup halted and drains unfinished, Villa Inflamable residents face rising water and rising illness. Many have nowhere else to go. https:// globalpressjournal.com/america s/argentina/argentina-abandons-toxic-river-leaving-residents-face-fallout/ # SacrificeZones # SEZs # HumanRights # HumanRightsFreeZone # Pollution # EnvironmentalDegradation # EnvironmentalRacism # EconomicSacrificZones # AirIsLife # WaterIsLife # Industries # IndustrialUse # Mining # PollutionSacrificeZones # GlobalSacrificeZones # CorporateColonialism"
buenosaires,Phone snatchers face instant karma from angry passers-by https:// fed.brid.gy/r/https://metro.co .uk/galleries/phone-snatchers-face-instant-karma-from-angry-passers-by-24728012/
buenosaires,"Southern Crested Caracara Such a lovely bird and spotted right next door to downtown Buenos Aires in Argentina. Caracaras can be found in many areas around the world, including North America. Guess what the talons are for? https:// thecareyadventures.com/blog/so uthern-crested-caracara/ # Argentina # Birding # PhotoOfTheDay # SouthAmerica # Argentina # birding # birds # BuenosAires # Caracara # CrestedCaracara # PhotoOfTheDay # raptor # SouthAmerica # SouthernCrestedCaracara # travel"
buenosaires,"A tu libertad le falta antirracismo El 1 de noviembre de 2025, el colectivo afro LGBTIQ+ participó con camión prop https:// afrofeminas.com/2025/11/16/a-t u-libertad-le-falta-antirracismo/ # Antirracismo # DESTACADO # activismo # afroargentinas # Afroargentinos # afrodescendientes # Afrofminas # Afrofeminas # afrofeminismo # antirracismo # Argentina # BuenosAires # DerechosHumanos # dispora # discriminacin # DiversidadSexual # INADI # JavierMilei # LGBTIQ # MaraRemediosDelValle # OrgulloGay # racismo # xenofobia"
buenosaires,From London to Buenos Aires 🏴󠁧󠁢󠁥󠁮󠁧󠁿➡️🇦🇷 @fintohaps is back talking about The Future Home of Open Source with Funding the Commons ( https:// bsky.app/profile/did:plc:wu4uu 772jqa5n7a24k4r672d ) # fundingthecommons # radicle # devconnect # foss # buenosaires
buenosaires,"An impressive storm in General Villegas, Buenos Aires province, Argentina 🇦🇷 # Argentina # BuenosAires # GeneralVillegas"
buenosaires,# nowplaying # bandcamp The Vanishing Point [CYD 0145] by Grant Beasley https:// cyclicaldreams.bandcamp.com/al bum/the-vanishing-point-cyd-0145 # music # fediverse # fedimusic # mastoradio # ambient # electronic # berlinschool # drone # soundscape # spacemusic # BuenosAires
buenosaires,Al menos 15 heridos tras explosión e incendio en zona industrial de Argentina https:// fed.brid.gy/r/https://www.tele surtv.net/15-heridos-explosion-incendio-argentina/
buenosaires,"Today, talk about # sociocracy and # coops at 1810 Ar/ 2110 UTC in # BuenosAires and online &gt; https://www. youtube.com/live/z7sqelPWs3U thanks to https:// punto.coop.ar/ (and many other great socio-technical talks) Libre and free entrance. :)"
buenosaires,# nowplaying # bandcamp CYCLICAL MAGAZINE 18 (PDF​​​​​​​​​​​​​​​​​​​​​​​​​​​​​​​​​​​​​​​​​​​​​​​​​​​​​​​​​​​​​​​/​​​​​​​​​​​​​​​​​​​​​​​​​​​​​​​​​​​​​​​​​​​​​​​​​​​​​​​​​​​​​​​AUDIO) by Cyclical Magazine https:// cyclicaldreams.bandcamp.com/al bum/cyclical-magazine-1-to-7-special-edition-pdf-audio # music # fediverse # fedimusic # mastoradio # ambient # electronic # berlinschool # drone # magazine # soundscape # spacemusic # BuenosAires
buenosaires,"13 things about Miss Universe Argentina 2023 Yamile Dajud Yamile Lujan Dajud Zuluaga won the 16th edition of Miss Universe Argentina. She represented Argentina in the 72nd edition of Miss Universe. BIOGRAPHY Dajud is an Argentine-Colombian model and beauty queen born in Buenos Aires, Argentina. Her father Luis Enrique Dajud is a cardiologist originally from Sampués, Colombia and her mother Marina Zuluaga is a member of the Corporación de Belleza de Sucre in Sucre, Colombia. Yamile, a resident of Rio Negro, Argentina, speaks Spanish, French and English. She is 5’10” tall and she enjoys extreme sports and photography. On March 29, 2025, Dajud turned 29. Here are 13 more things about her: She previously lived in Bogota, Colombia. She attended Colegio Nuestra Señora&nbsp;De Las Mercedes and the Altair de la Sabana School , which are both in Sincelejo, Sucre. In 2013, she visited the Royal Pavilion in Brighton, Brighton and Hove, East Sussex, England, United Kingdom; Paris, France and Amsterdam, Netherlands. In 2015, she visited Mexico. In 2016, she visited the United States and started training at Corporación de Belleza de Sucre. In 2017, she visited Turkiye. In 2018, she visited Canada and Spain. In 2020, she graduated from the&nbsp; Pontificia Universidad Javeriana in Bogota with bachelor’s degree in communication. She is Señorita Sucre 2021 . She was Señorita Colombia 2021 third runner-up. In 2023, she visited El Salvador. She won Miss Universe Argentina 2023 . She was a Miss Universe 2023 candidate. TIMELINE Dajud is a citizen of Argentina and Colombia and she competed in beauty pageants in both countries. She is Samir Enrique Dajud Zuluaga ‘s sister. 2015 In July 2015, she was in Mexico City, Mexico. 2016 In June 2016, she visited Beverly Hills, California, United States and Washington D.C., USA. In August 2016, she was in Miami, Florida, USA. 2017 In March 2017, she was in Cartagena, Colombia with her parents. In November 2017, she visited Süleymaniye Mosque&nbsp;in Istanbul, Türkiye. 2018 In August 2018, she was in Québec City, Canada. In September 2018, she was in New York City, New York, USA. In October 2018, she was in Paris again. In November 2018, she was in Madrid, Spain. 2019 In June 2019, she was an intern at Telefonica in Bogota. 2020 In 2020, she graduated from the&nbsp;Pontificia Universidad Javeriana with bachelor’s degree in communication. 2021 In June 2021, she was appointed Señorita Sucre 2021 . On November 14, 2021, she represented Sucre at Señorita Colombia 2021 and competed against 24 other candidates at Julio Cesar Turbay Ayala Convention Center in Cartagena. She was third runner-up to Valentina Espinosa of Bolivar. 2022 In December 2022, she visited Barcelona, Spain. 2023 In February 2023, she joined the Instituto Distrital de Recreación y Deporte in Bogota. On August 6, 2023, she represented Rio Negro at Miss Universe Argentina 2023 and competed against 21 other candidates. She won the title. On November 18, 2023, she represented Argentina at&nbsp; Miss Universe 2023 and competed against 83 other candidates at the José Adolfo Pineda Arena in San Salvador, El Salvador. She was unplaced. 2024 On May 25, 2024, she crowned her successor&nbsp; Miss Universe Argentina 2024 &nbsp; Magalí Benejam at Auditorio de Belgrano in Buenos Aires.&nbsp; https://www.youtube.com/watch?v=YeX2sYnyDTY #BuenosAires #MissUniverse #MissUniverseArgentina"
buenosaires,"Arroyo Street, Buenos Aires, Argentina"
buenosaires,Cultura venezolana conquistó la Noche de los Museos de Buenos Aires https:// web.brid.gy/r/https://lapatill a.com/2025/11/10/cultura-venezolana-conquisto-la-noche-de-los-museos-de-buenos-aires/
buenosaires,"A 40 años de que las aguas devoraran un pueblo entero en Buenos&nbsp;Aires El 10 de noviembre de 1985, Villa Epecuén desapareció bajo el agua. Cuatro décadas después, entre ruinas blancas de sal y árboles petrificados, el antiguo balneario resurge como símbolo de memoria, resiliencia y de un país que sabe volver a empezar, aun cuando todo parece perdido. Por Leticia Graciani Fainel para Noticias La Insuperable Las aguas que no perdonan A orillas de la laguna Epecuén, en el partido de Adolfo Alsina, la villa turística más próspera del sudoeste […] https:// noticiaslainsuperable.com.ar/2 025/11/10/a-40-anos-de-que-las-aguas-devoraron-un-pueblo-entero-en-buenos-aires/"
buenosaires,"Minister Pistarini International Airport - Buenos Aires (Ezeiza), Argentina https:// en.wikipedia.org/wiki/Ministro _Pistarini_International_Airport https://www. openstreetmap.org/#map=13/-34. 822200/-58.535800 # SAEZ # EZE # BuenosAires # Argentina # airport # aviation # avgeeks # GIS"
buenosaires,"Estadio Pedro Bidegain https:// en.wikipedia.org/wiki/Estadio_ Pedro_Bidegain Capacity: 43494 Location: Buenos Aires, Argentina Team: San Lorenzo de Almagro # BuenosAires # Argentina # stadium # soccer # football # fussball # fedifc # mastodonFC"
buenosaires,Aviation weather for Ministro Pistarini International airport in Buenos Aires area (Argentina) is “SAEZ 051300Z 18006KT 9999 FEW025 16/09 Q1023 NOSIG” : See what it means on https://www. bigorre.org/aero/meteo/saez/en # ministropistariniinternationalairport # airport # buenosaires # argentina # saez # eze # metar # aviation # aviationweather # avgeek vl
buenosaires,Stormy weather on Ministro Pistarini International airport in Buenos Aires area (Argentina) “SAEZ 041400Z 20007KT 7000 RA SCT008 BKN020 OVC100 16/15 Q1011 BECMG 20015G25KT 4000 TSRA BKN010 FEW040CB BKN050” : See what it means on https://www. bigorre.org/aero/meteo/saez/en # ministropistariniinternationalairport # airport # buenosaires # argentina # saez # eze # metar # aviation # aviationweather # avgeek vl
buenosaires,Aviation weather for Jorge Newbery Airpark airport in Buenos Aires area (Argentina) is “SABE 041400Z VRB05KT 9999 -RA FEW015 SCT041 OVC100 20/16 Q1011 NOSIG” : See what it means on https://www. bigorre.org/aero/meteo/sabe/en # jorgenewberyairparkairport # airport # buenosaires # argentina # sabe # aep # metar # aviation # aviationweather # avgeek vl
buenosaires,Beautiful weather for takeoff from Jorge Newbery Airpark airport in Buenos Aires area (Argentina) “SABE 031400Z COR 04006KT 010V070 CAVOK 23/18 Q1014 NOSIG” : See what it means on https://www. bigorre.org/aero/meteo/sabe/en # jorgenewberyairparkairport # airport # buenosaires # argentina # sabe # aep # metar # aviation # aviationweather # avgeek vl
buenosaires,"OJO CON LAS MULTAS: disminuyen los límites de velocidad en la Autopista del&nbsp;Oeste La Agencia Nacional de Seguridad Vial dispuso una reducción del límite de velocidad en toda la traza de la Autopista del Oeste, de 130 a 110 km/h. La medida busca frenar la escalada de accidentes registrada en los últimos meses y estará acompañada por controles y nueva señalización. Por la Redacción de Noticias La Insuperable Un cambio que apunta a salvar vidas La Autopista del Oeste, una de las arterias más transitadas del país, amaneció esta semana con una modificación clave: […] https:// noticiaslainsuperable.com.ar/2 025/11/03/ojo-con-las-multas-disminuyen-los-limites-de-velocidad-en-la-autopista-del-oeste/"
buenosaires,Beautiful weather for takeoff from Ministro Pistarini International airport in Buenos Aires area (Argentina) “SAEZ 021500Z 04006KT CAVOK 22/17 Q1013 NOSIG” : See what it means on https://www. bigorre.org/aero/meteo/saez/en # ministropistariniinternationalairport # airport # buenosaires # argentina # saez # eze # metar # aviation # aviationweather # avgeek vl
buenosaires,"""Tens of thousands of people participated in the 34th Pride March in Buenos Aires amid strong calls for attention to the growing hate speech and violence suffered by the LGBT+ community in Argentina."" #BuenosAires #Caba #Argentina #pride RE: https://bsky.app/profile/did:plc:jms5yptpjiziyjvdv6lpobal/post/3m4lvjtt76k2u March of Pride in Argentina ra..."
buenosaires,"Kicillof a Milei: “El futuro de la Argentina no se construye con odio ni sometimiento, sino con amor a la&nbsp;Patria” El gobernador le escribió una carta a Milei Por Celina Fraticiangi para Noticias La Insuperable El gobernador bonaerense Axel Kicillof volvió a plantarse frente al modelo económico de Milei, esta vez con una carta abierta publicada en la red social X. A casi una semana de las elecciones legislativas, en las que La Libertad Avanza obtuvo la mayoría a nivel nacional, el mandatario provincial le habló directamente al presidente para exigirle que “escuche al pueblo y gobierne con […] https:// noticiaslainsuperable.com.ar/2 025/11/01/kicillof-a-milei-el-futuro-de-la-argentina-no-se-construye-con-odio-ni-sometimiento-sino-con-amor-a-la-patria/"
buenosaires,N:L:E – MicroAmbient 2 # Ambient # Ambientchillout # CaravanAmbient # CaravanDub # Soundscapes # ambientelectronic # chill # drone # psychill # BuenosAires CC BY-NC-ND (#CreativeCommons Attribution Non Commercial No Derivatives) # ccmusic https:// natural-life-essence.bandcamp. com/album/microambient-2
buenosaires,# nowplaying # bandcamp Resonating With Life [CYD 0144] by Resonating With Life https:// cyclicaldreams.bandcamp.com/al bum/resonating-with-life-cyd-0144 # inmymailbox # music # fediverse # fedimusic # mastoradio # ambient # electronic # berlinschool # drone # soundscape # spacemusic # BuenosAires
buenosaires,# nowplaying # bandcamp Beyond by Drune https:// drune-music.bandcamp.com/album /beyond # music # fediverse # mastoradio # ambient # electronic # berlinschool # electronicmusic # experimental # modular # synth # BuenosAires
buenosaires,"A supporter of former Argentine president, Cristina Fernández de Kirchner, holds a flag that reads ‘Never Milei’ as Peronists commemorate Loyalty Day in front of her residence, where she is under house arrest. Current president, Javier Milei, heads into the polls diminished by his failure to stabilise the ailing peso despite spending nearly all the central bank’s dollar reserves to prop it up # BuenosAires , # Argentine Photograph: Alessia Maccioni/Reuters # photography # protest"
buenosaires,# nowplaying # bandcamp Timeless [CYD 0143] by Sequentia Legenda https:// cyclicaldreams.bandcamp.com/al bum/timeless-cyd-0143 # music # fedimusic # mastoradio # ambient # berlinschool # drone # electronic # soundscape # spacemusic # BuenosAires
buenosaires,"# GunsNRoses Break Silence After # AxlRose Goes Off # OnStage Footage from Guns N’ Roses’ recent # concert in # BuenosAires went viral after Axl Rose was seen kicking a drum, tossing his mic, and storming off stage mid-song. Fans instantly thought Axl was furious with the band’s new # drummer Isaac Carpenter — but now the band is setting the record straight. https://www. youtube.com/watch?v=hPkU_R5UZ7A"
buenosaires,old men throwing tantrums is not a good look.... https:// metalinjection.net/news/axl-ro se-had-a-bit-of-a-meltdown-on-stage-in-buenos-aires # AxelRose # BuenosAires # Music
buenosaires,"Ω🪬Ω # TheCryptocalypseChronicles : Make Argentina Gold Again (Again?) A stroll through various aspects of the American taxpayers' quest to bailout # Argentina 's Javier Milei, with particular attention paid to agricultural products, Argentina's missing # gold reserves, and the myriad ways American taxpayer money might end up in the hands of crypto bros. Special guest appearances by Tether Gold, Howard Lutnick, &amp; Rob Citrone. * Substack: https:// cryptadamus.substack.com/p/mak e-argentina-gold-again-again * DocumentCloud: https:// legacy.www.documentcloud.org/d ocuments/26195550-make-argentina-gold-again-again (Retoots appreciated) # uspol # uspolitics # Lutnick # stablecoin # stablecoins # Milei # JavierMilei # ScottBessent # inflation # SouthAmerica # BuenosAires # soybeans # robCitrone # HowardLutnick # Tether # XAUT # TetherGold # Adecoagro # crypto # Beef # LLA # Libertad # LaLibertadAvanza"
argentine,"Adnkronos - ultimoratop: Belen Rodriguez attacca dopo vacanza in Sardegna: ""Un bel vaffa..."" (Adnkronos) - La showgirl argentina protagonista di un duro sfogo sui social Belen Rodriguez attacks after vacation in Sardinia: “A nice ‘whatever’…” (Adnkronos) - The Argentine celebrity star who gave a harsh outburst on social media # BelenRodriguez # Sardinia # Argentine https://www. adnkronos.com/spettacoli/belen -rodriguez-sfogo-social-attacca-sardegna-vacanza_2BD4A8nJlTZCuNOHLVbpg5"
argentine,Adnkronos - ultimoratop: Djokovic delude a Cincinnati: eliminato all'esordio da Tirante (Adnkronos) - Il tennista serbo battuto al secondo turno dall'argentino Djokovic deceives in Cincinnati: eliminated in the first round by Tsitsipas (Adnkronos) – The Serbian tennis player was defeated in the second round by the Argentine. # Djokovic # Cincinnati # first # Tsitsipas # Serbian # second # Argentine https://www. adnkronos.com/sport/djokovic-c incinnati-eliminato-esordio-tirante_2WT3yHgFtbbGp9GR5d5Hih
argentine,"Today: Le vacanze di Belen in Sardegna: dal massaggio sullo yacht alle fan truccate nei bagni. ""È bellissima, si è abbassata al mio livello"". Ma lei la ferma: ""Non sono un caz*o di nessuno"" L’estate di Belen Rodriguez a bordo dello yacht che la sta ospitando in questi giorni di metà agosto, compreso il weekend di Ferragosto, continua a regalare momenti destinati a far discutere i social network. Dopo i balli in bikini a Porto Cervo, la conduttrice argentina ha condiviso tra le sue... Belen’s vacation in Sardinia: from massage on the yacht to fans applying makeup in the bathrooms. “It’s beautiful, she lowered herself to my level.” But she stops her: “I am nobody’s shit.” Belen Rodriguez’s summer on board the yacht hosting her during these mid-August days, including the Ferragosto weekend, continues to offer moments destined to spark discussion on social networks. After the dances in bikinis in Porto Cervo, the Argentine presenter has shared… # Belen # Sardinia # BelenRodriguez ’s # Ferragosto # PortoCervo # Argentine https://www. today.it/gossip/vip/belen-mass aggio-yacht-trucca-donne-bagno.html"
argentine,"Today: Belen Rodriguez show: la conduttrice balla sullo yacht ormeggiato a Porto Cervo. I passanti si fermano a guardarla, il video è virale L'estate di Belen Rodriguez continua a regalare colpi di scena e momenti ad altissimo tasso di spettacolarità. La showgirl argentina, in vacanza in Sardegna tra le acque della Costa Smeralda, è finita al centro dell'attenzione per uno show improvvisato che non è certo passato inosservato: in... Belen Rodriguez show: the host dances on the yacht docked in Porto Cervo. Passersby stop to watch her, the video goes viral. Belen Rodriguez’s summer continues to deliver twists and turns and moments at a very high rate of spectacularity. The Argentine showgirl, on vacation in Sardinia among the waters of the Emerald Coast, found herself at the center of attention for an impromptu show that certainly wasn't overlooked: in... # BelenRodriguez # PortoCervo # BelenRodriguez ’s # Argentine # Sardinia # theEmeraldCoast https://www. today.it/gossip/vip/belen-rodr iguez-porto-cervo-balla-yacht-video.html"
argentine,"Today: L'estate da favola di Belen: il viaggio in jet privato, la costosa suite in Sicilia e lo yacht in Sardegna I momenti difficili per Belen Rodriguez, 41 anni, sono (finalmente) alle spalle. Dopo un periodo buio che aveva fatto preoccupare - e non poco - i suoi fan, la showgirl argentina è tornata a sorridere. Pronta a riaffacciarsi sul piccolo schermo (presto infatti la rivedremo di nuovo a Tu si que... Belen’s Dream Summer: the private jet trip, the expensive suite in Sicily and the yacht in Sardinia. The difficult times for Belen Rodriguez, 41 years old, are finally behind her. After a dark period that had worried – and not little – her fans, the Argentine showgirl is smiling again. Ready to reappear on television (she will soon be seeing her again on Tu si que... # Belen # Sicily # Sardinia # BelenRodriguez # Argentine https://www. today.it/gossip/vip/estate-bel en-rodriguez-vacanza.html"
argentine,"Adnkronos - ultimoratop: La lettera di addio di Messi a papà Jorge: ""Non so come fare senza di te, non credo di giocare ancora a lungo"" (Adnkronos) - Il fuoriclasse argentino saluta sui social il padre morto nei giorni scorsi a Rosario a 68 anni Messi's farewell letter to Dad Jorge: “I don’t know how I’ll do without you, I don’t think I’ll be playing for much longer.” (Adnkronos) – The Argentine star is saying goodbye to his father who died in recent days in Rosario at the age of 68. # Messi # DadJorge # Argentine # Rosario https://www. adnkronos.com/sport/leo-messi- saluta-papa-jorge-morto_NxeEKaeLRvCIEbAwDekiR"
argentine,"Il Tempo: Juve batte Palermo 2-0 in amichevole a Perth, decidono i gol di Yildiz e Milik Perth, 11 ago. - (Adnkronos) - La Juventus chiude la tournée australiana con una vittoria. All'Optus Stadium di Perth i bianconeri batto 2-0 il Palermo grazie ai gol di Yildiz al 44' del primo tempo e Milik al 40' della ripresa. Il turco apre le marcature andando a segno su assist del connazionale Celik. Volée a centro area e palla in rete. Il polacco salta un avversario in dribbling al limite dell'area e poi supera Fortin nell'uno contro uno. Per l'ex Napoli è un ritorno alla rete dopo oltre due anni. Ora la squadra di Spalletti tornerà a Torino e lunedì 17 agosto giocherà la tradizionale amichevole in famiglia contro la Next Gen che rappresenterà l'ultimo test prima dell'esordio in campionato il 23 agosto a Frosinone. Juventus beat Palermo 2-0 in friendly match in Perth, goals decided by Yildiz and Milik. Perth, August 11 – (Adnkronos) - Juventus concludes its Australian tour with a victory. At the Optus Stadium in Perth, the Bianconeri defeated Palermo 2-0 thanks to goals from Yildiz in the 44th minute of the first half and Milik in the 40th minute of the second half. The Turkish player opened the scoring, netting on an assist from teammate Celik. A volley at center area and ball into the net. The Polish player dribbled past an opponent at the edge of the area and then overtook Fortin in a one-on-one situation. It’s the Argentine's first goal after over two years. Now the team coached by Spalletti will return to Turin, and on Monday, August 17th, they will play the traditional friendly against Next Gen, representing the final test before their debut in the league on August 23rd in Frosinone. # Juventus # Palermo2 -0 # Perth # Yildiz # Australian # theOptusStadium # Bianconeri # Turkish # Celik # Polish # Fortin # Argentine # first # Spalletti # Turin # NextGen # Frosinone https://www. iltempo.it/adnkronos/2026/08/1 1/news/juve-batte-palermo-2-0-in-amichevole-a-perth-decidono-i-gol-di-yildiz-e-milik-48837397/"
argentine,"Adnkronos - ultimoratop: De Paul, gol e 'abbraccio' a Messi per la morte del papà: il tributo da brividi in Mls (Adnkronos) - Il centrocampista segna in Mls e rende omaggio al fuoriclasse argentino, suo compagno di squadra e di nazionale De Paul, goal and a hug for Messi over the death of his father: the chilling tribute in MLS. (Adnkronos) – The midfielder scores in MLS and pays tribute to the Argentine legend, his teammate and national team colleague. # DePaul # Messi # Argentine https://www. adnkronos.com/sport/de-paul-go l-inter-miami-esultanza-messi-tributo-morte-papa-jorge-video_4IruWjPrRzvbIZ6DLDCjWQ"
argentine,"Repubblica.it: Messi, morto il padre Jorge: aveva 68 anni La notizia è stata data dai media argentini. Il papà della leggenda argentina era ricoverato in una clinica di Rosario, città natale del campione. Nessuna conferma da parte della famiglia Messi dies: his father Jorge was 68 years old. The news was given by Argentinian media. The father of the Argentine legend was hospitalized in a clinic in Rosario, the champion’s hometown. No confirmation from the family. # Messi # Jorge # Argentinian # Argentine # Rosario https://www. repubblica.it/sport/calcio/202 6/08/08/news/messi_morto_il_padre-425519113/"
argentine,"RaiNews: Dramma per Messi, è morto il padre Jorge dopo una lunga malattia Jorge Messi, per tutta la carriera procuratore del figlio, è stato fondamentale nella crescita del fuoriclasse argentino Drama for Messi, his father Jorge has died after a long illness. Throughout his career as Lionel Messi’s agent, Jorge Messi has been crucial in the development of the Argentine star. # Messi # Jorge # LionelMessi ’s # JorgeMessi # Argentine https://www. rainews.it/articoli/2026/08/dr amma-per-messi-e-morto-il-padre-jorge-dopo-una-lunga-malattia-fa7a393b-73b3-4a31-8ad9-cd017364743d.html"
argentine,"Adnkronos - ultimoratop: Dramma per Messi, media argentini: ""Morto il padre Jorge"" (Adnkronos) - Secondo quanto riportato dal quotidiano argentino Infobae, il papà della Pulce era alle prese con una lunga malattia Drama for Messi, Argentine media: “Father Jorge has died” (Adnkronos) – According to reports from the Argentine newspaper Infobae, Lionel Messi’s father was battling a long-term illness. # Messi # Argentine # Jorge # Infobae # LionelMessi ’s https://www. adnkronos.com/sport/tragedia-m essi-morto-padre-jorge-lunga-malattia_26KWatiuNlfm0S064ce0gg"
argentine,"Libération: En #Argentine , Javier #Milei retire en catastrophe son projet d’« #étrangérisation » des terres face à la #colère #populaire www.liberation.fr/internationa... En Argentine, Javier Milei ret..."
argentine,"Today: Belen parla della vita sentimentale di De Martino: ""Lui single? Ecco la verità"". Poi risponde al paragone col suo nuovo fidanzato Un’estate ad altissima intensità emotiva quella che sta vivendo Belen Rodriguez, 41 anni, sempre più felice e complice accanto al personal trainer milanese Gaetano Fidanzati. La showgirl argentina ha voluto condividere su Instagram la magia di una romantica fuga a due a Venezia, pubblicando un... Belen talks about De Martino’s love life: “He’s single? Here’s the truth.” Then she responds to the comparison with her new boyfriend. That summer was one of the highest emotional intensity, the one that Belen Rodriguez, 41 years old, is experiencing, always happier and complicit alongside Milanese personal trainer Gaetano Fidanzati. The Argentine showgirl wanted to share on Instagram the magic of a romantic getaway for two in Venice, publishing a... # Belen # DeMartino ’s # BelenRodriguez # Milanese # GaetanoFidanzati # Argentine # Instagram # Venice https://www. today.it/gossip/belen-de-marti no.html"
argentine,"Repubblica.it: “Maradona aveva smesso di mangiare e lavarsi, ma nessuno interveniva”: la testimonianza shock La rivelazione dell’ex massaggiatore nel processo che vede imputati sette medici per la morte della leggenda argentina “Maradona had stopped eating and washing himself, but nobody intervened”: the shocking testimony. The revelation of the former masseur in the trial involving seven doctors over the death of the Argentine legend # Maradona # Argentine https://www. repubblica.it/sport/calcio/202 6/08/07/news/maradona_processo_morte-425517831/"
argentine,"Agi: Gli ultimi giorni di vita di Maradona, ""non si alzava più dal letto e non voleva mangiare"" AGI - ""Negli ultimi giorni di vita, le condizioni di Diego Armando Maradona erano peggiorate. Non si alzava dal letto, non voleva mangiare, non voleva cambiarsi i vestiti né lavarsi. Non voleva nemmeno un massaggio. Ero lì nel caso mi chiamasse, ma non voleva niente"". È la testimonianza di&nbsp;Nicolás Taffarel, il massaggiatore che si recava a casa del Pibe de Oro&nbsp;nel suo ultimo periodo, fornita durante una delle udienze del&nbsp;processo&nbsp;sulla morte del leggendario campione argentino, scomparso il 25 novembre del 2020. Sul banco degli imputati figurano sette componente dell'èquipe medica che aveva in cura Maradona. ""Maradona aveva le gambe gonfie"" ""Aveva le gambe gonfie. L'edema&nbsp;alle gambe non diminuiva, anzi peggiorava sempre di più. Ho chiesto se prendesse dei diuretici, e l'infermiera mi ha risposto di no, che glieli avevano sospesi. Non so da chi"", ha aggiunto Taffarel confermando di aver condiviso le sue preoccupazioni con&nbsp;Leopoldo Luque, uno dei&nbsp;medici imputati, con il quale era in contatto quotidianamente. ""I medici mi hanno detto di stare tranquillo, che queste cose sarebbero passate. Quando si è nervosi, si ha fiducia che passerà, che tutto si risolverà. Ma non è successo"", è il suo racconto del testimone. The last days of Maradona’s life, “he wasn't getting out of bed and he didn’t want to eat.” AGI - “In the last days of his life, Diego Armando Maradona’s condition had worsened. He didn't get out of bed, he wouldn't eat, he wouldn't change his clothes or wash himself. He even refused a massage. I was there in case he called me, but he wanted nothing.” This is the testimony of Nicolás Taffarel, the masseur who visited the Pibe de Oro’s home during his last period, provided during one of the hearings of the trial regarding the death of the legendary Argentine champion, who disappeared on November 25, 2020. Seven members of the medical team that cared for Maradona are implicated. “Maradona had swollen legs” “He had swollen legs. The edema in his legs didn't decrease, it was getting worse and worse. I asked if he should take diuretics, and the nurse replied no, that they had been suspended. I don’t know who,” Taffarel added, confirming that he shared his concerns with Leopoldo Luque, one of the doctors indicted, with whom he was in daily contact. “The doctors told me to calm down, that these things would pass. When you're nervous, you have faith that it will pass, that everything will resolve itself. But it didn’t,” is his testimony from the witness. # Maradona # NicolásTaffarel # thePibedeOro ’s # Argentine # Taffarel # LeopoldoLuque https://www. agi.it/sport/news/2026-08-07/m aradona-processo-medici-38436695/"
argentine,"Today: Una donna accusa Belen: ""Ma sgonfiati la bocca"". E lei risponde a tono: ""Se potessi la cambierei, ma baciarla vale l'esuberanza"". Poi parla della 'paura' di invecchiare Belen Rodriguez lo sa bene: quando pubblica una foto o un video sui social può essere inondata di messaggi di affetto e apprezzamenti, ma rischia anche di essere travolta da un'ondata infinita di critiche spietate. E la showgirl argentina ormai ci è abituata. Questa volta, a finire al centro dei... A woman accuses Belen: “Just puff up your cheeks.” And she replies sharply: “If I could, I’d change her, but kissing her is worth the exuberance.” Then she talks about the ‘fear’ of getting older. Belen Rodriguez knows this well: when she posts a photo or video on social media, she can be flooded with messages of affection and appreciation, but she also risks being overwhelmed by an endless wave of ruthless criticism. And the Argentine showgirl has become accustomed to it. This time, it’s… # Belen # BelenRodriguez # Argentine https://www. today.it/gossip/vip/belen-rodr iguez-skincare-sgonfiati-bocca-risposta.html"
argentine,"il manifesto: «Malvine argentine», e anche il resto: Milei ritira la Ley de tierras Non è riuscita a Milei la svendita definitiva del paese. Dal progetto di legge sull’inviolabilità della proprietà privata – un nome che dice già tutto – il governo è stato […] The post «Malvine argentine», e anche il resto: Milei ritira la Ley de tierras first appeared on il manifesto. “Argentine Malvinas,” and so is everything else: Milei withdraws the Land Law.” Milei failed to complete the final sell-off of the country. From the bill on inviolability of private property – a name that says it all – the government was […] “Malvinas Argentinas” and the rest: Milei withdraws the Law on Lands first appeared on il manifesto. # Argentine # Milei # theLandLaw # Argentinas # first https:// ilmanifesto.it/malvine-argenti ne-e-anche-il-resto-milei-ritira-la-ley-de-tierras"
argentine,"Agenzia Nova: Argentina: ""minacce"" Usa a imprese in trattative con Huawei, protesta dell'ambasciata cinese (3) 06 ago 18:35 - (Agenzia Nova) - Un braccio di ferro in cui il governo argentino, solido alleato dell'amministrazione Trump, non prende ufficialmente... (Abu) Argentina: “Threats” US threatens businesses in talks with Huawei, Chinese embassy protest (3) August 6, 6:35 PM – (Agenzia Nova) – A tug-of-war in which the Argentine government, a solid ally of the Trump administration, does not officially… (Abu) # Argentina # Huawei # Chinese # AgenziaNova # Argentine https://www. agenzianova.com/a/6a74b97625a3 05.67763142/7678628/2026-08-06/argentina-minacce-usa-a-imprese-in-trattative-con-huawei-protesta-dell-ambasciata-cinese-3"
argentine,"Agenzia Nova: Argentina-Brasile: ministro Vieira, declassamento rapporti diplomatici dovuto a insulti di Milei 05 ago 21:45 - (Agenzia Nova) - Il ministro degli Esteri del Brasile, Mauro Vieira, ha respinto la tesi del governo argentino secondo cui il... (Brs) Argentina-Brazil: Minister Vieira, downgrading of diplomatic relations due to Milei's insults August 05 21:45 - (Agenzia Nova) – The Brazilian Foreign Minister, Mauro Vieira, rejected the Argentine government’s thesis that the… (Brs) # Argentina # Brazil # Vieira # Mileis # AgenziaNova # Brazilian # MauroVieira # Argentine https://www. agenzianova.com/a/6a73967c3bc4 f6.27433708/7675402/2026-08-05/argentina-brasile-ministro-vieira-declassamento-rapporti-diplomatici-dovuto-a-insulti-di-milei"
argentine,"Repubblica.it: Romero-Inter, strada in salita. Mastantuono si avvicina alla Fiorentina, la Lazio sogna Gimenez I nerazzurri non hanno ancora l’accordo con il Tottenham e il difensore argentino non è disposto a ridursi l’ingaggio. Roma su Cacciamani del Torino Roma-Inter, uphill street. Mastantuono approaches Fiorentina, Lazio dreams of Gimenez. The Nerazzurri do not yet have an agreement with Tottenham and the Argentine defender is unwilling to reduce his salary. Rome on Caci from Torino. # Roma -Inter # Mastantuono # Fiorentina # Lazio # Nerazzurri # Tottenham # Argentine # Torino https://www. repubblica.it/sport/calcio/202 6/08/04/news/calciomercato_inter_fiorentina_romero_mastantuono-425511056/"
argentine,"Il Fatto Quotidiano: “Ma cosa è una frittata?”: lo chef spagnolo stellato Nandu Jubany ha rivisitato il “sacro” ragù con tre uova. Polemiche furiose per la provocazione in cucina C’è chi sfida gli dei, e c’è chi sfida direttamente Bologna. Nandu Jubany, cuoco catalano con tanto di stella Michelin appesa al petto del suo ristorante Can Jubany di Calldetenes, ha deciso di mettere le mani (anzi, le uova) dove nessuno spagnolo dovrebbe osare: il ragù alla bolognese. Risultato? Standing ovation in Spagna, forconi in Italia. Lo riporta La Repubblica. Tutto parte da un video pubblicato su YouTube dallo chef durante il lockdown, poi riesumato e rilanciato dal quotidiano argentino Infobae, che ha trasformato una ricetta casalinga in un caso mediatico internazionale. La preparazione è quella dei maccheroni con ragù bolognese firmata da Jubany, cuoco alla guida del ristorante Can Jubany vicino a Barcellona. Fin qui, tutto normale: soffritto lasciato cuocere a lungo, con carote e cipolle, pomodoro fresco, aglio tritato, carne macinata e un goccio di vino invecchiato, il tutto condito con abbondante olio d’oliva di qualità. Poi arriva il momento incriminato. Dopo aver mescolato pasta e salsa in padella, aggiunto un paio di mestoli d’acqua di cottura e mantecato a fuoco alto, lo chef unisce metà del parmigiano. E poi tre uova sbattute, incorporate proprio alla fine. Come se non bastasse, lo chef si lancia pure in una dichiarazione che ha fatto discutere: “L’uovo aggiunge vitamine e lega meglio la salsa, perché il tuorlo è la salsa migliore del mondo e rende tutto più gustoso”. L'articolo “Ma cosa è una frittata?”: lo chef spagnolo stellato Nandu Jubany ha rivisitato il “sacro” ragù con tre uova. Polemiche furiose per la provocazione in cucina proviene da Il Fatto Quotidiano. “But what is an omelette?”: Star chef Spaniard Nando Jubany has revisited the ‘sacred’ ragu with three eggs. Furious controversy for the provocation in the kitchen. There are those who challenge the gods, and there are those who directly challenge Bologna. Nandu Jubany, a Catalan chef with a Michelin star hanging from the chest of his Can Jubany restaurant in Caldetennés, has decided to put his hands (or rather, his eggs) where no Spanish person should dare: Bolognese ragù. The result? Standing ovations in Spain, pitchforks in Italy. This is reported by La Repubblica. It all started from a video published on YouTube by the chef during the lockdown, then resurrected and promoted by the Argentine daily Infobae, which turned a home recipe into an international media sensation. The preparation is that of macaroni with Bolognese ragù signed by Jubany, a chef leading the Can Jubany restaurant near Barcelona. So far, everything is normal: soffritto left to cook for a long time, with carrots and onions, fresh tomato, chopped garlic, ground meat, and a splash of aged wine, all seasoned with plenty of high-quality olive oil. Then comes the decisive moment. After mixing pasta and sauce in a pan, adding two ladles of cooking water and melting over high heat, the chef adds half of the Parmesan cheese. And then three beaten eggs, incorporated just at the end. To top it off, the chef even launches into a statement that sparked debate: “The egg adds vitamins and binds the sauce better, because the yolk is the best sauce in the world and makes everything tastier.” Article “But what is an omelet?”: The starred Spanish chef Nandu Jubany has revisited the “sacred” ragù with three eggs. Furious controversy over the provocation in the kitchen comes from Il Fatto Quotidiano. # SpaniardNandoJubany # Bologna # NanduJubany # Catalan # Michelin # Caldetennés # Spanish # Spain # Italy # LaRepubblica # YouTube # Argentine # Infobae # Bolognese # Jubany # Barcelona # IlFattoQuotidiano https://www. ilfattoquotidiano.it/2026/08/0 3/ma-cosa-e-una-frittata-lo-chef-spagnolo-stellato-nandu-jubany-ha-rivisitato-il-sacro-ragu-con-tre-uova-polemiche-furiose-per-la-provocazione-in-cucina/8467552/"
argentine,"Il Tempo: Agli Europei Pelati e Ruggiero di bronzo nel doppio misto libero PARIGI (FRANCIA) (ITALPRESS) – Filippo Pelati e Lucrezia Ruggiero sono medaglia di bronzo nel doppio misto libero agli Europei di nuoto artistico, in scena a Parigi. In un podio cortissimo, gli azzurri si prendono il gradino più basso con un totale di 255.1641 punti, grazie a un tango argentino dal coefficiente di difficoltà – il più alto della finale – di 56.350. La medaglia d'oro va al duo britannico formato da Isabelle Thorpe e Ranjuo Tomblin, in vetta con 258.2383 punti. In mezzo c'è la Spagna di Dennis Gonzalez Boneu e di Iris Tio Casas (con 257.9733 punti). Ai piedi del podio ci sono gli atleti neutrali, con Alina Rumiantseva e Zakhar Trofimov quarti con 238.0834 punti. Completano la classifica il Portogallo (181.5924) e la Bulgaria (157.0717). Si tratta della terza medaglia della rassegna per l'Italia, dopo l'oro nel team event di tuffi – con Pellacani, Jodoin Di Maria, Santoro e Pelligra – e l'argento di Filippo Pelati nel solo tecnico di nuoto artistico.– foto Ipa Agency –(ITALPRESS). To Pelati and Ruggero di bronze in mixed double free. PARIS (FRANCE) (ITALPRESS) – Filippo Pelati and Lucrezia Ruggiero are bronze medalists in mixed free underwater artistic swimming at the European Championships, held in Paris. In a very short podium, the Italian team takes the lowest step with a total score of 255.1641 points, thanks to an Argentine tango with a difficulty coefficient – the highest of the final – of 56.350. The gold medal goes to the British duo formed by Isabelle Thorpe and Ranjuo Tomblin, leading with 258.2383 points. In between is Spain, represented by Dennis Gonzalez Boneu and Iris Tio Casas (with 257.9733 points). At the foot of the podium are neutral athletes, with Alina Rumiantseva and Zakhar Trofimov fourth with 238.0834 points. Completing the ranking are Portugal (181.5924) and Bulgaria (157.0717). This is the third medal for the event for Italy, after the gold in the team event of diving – with Pellacani, Jodoin Di Maria, Santoro and Pelligra – and the silver of Filippo Pelati in technical solo underwater artistic swimming. – photo Ipa Agency –(ITALPRESS). # Pelati # Ruggero # PARIS # FRANCE # FilippoPelati # LucreziaRuggiero # Paris # Italian # Argentine # British # IsabelleThorpe # RanjuoTomblin # Spain # DennisGonzalezBoneu # IrisTioCasas # AlinaRumiantseva # ZakharTrofimov # fourth # Portugal # Bulgaria # third # Italy # Santoro # IpaAgency https://www. iltempo.it/italpress/2026/08/0 1/news/agli-europei-pelati-e-ruggiero-di-bronzo-nel-doppio-misto-libero-48755834/"
argentine,"Agi: Nuoto artistico: bronzo europeo per Pelati e Ruggiero AGI - Un tango acquatico, complesso ma irresistibile, ha fatto volare l'Italia in terza posizione.&nbsp;Filippo Pelati e Lucrezia Ruggiero sono medaglia di bronzo nel doppio misto libero agli Europei di nuoto artistico, in scena a Parigi. Il bronzo italiano In un podio cortissimo, gli azzurri si prendono il gradino più basso con un totale di 255.1641 punti, grazie a un tango argentino dal coefficiente di difficoltà - il più alto della finale - di 56.350. La medaglia d'oro va al duo britannico formato da Isabelle Thorpe e Ranjuo Tomblin, in vetta con 258.2383 punti. In mezzo c'è la Spagna di Dennis Gonzalez Boneu e di Iris Tio Casas (con 257.9733 punti). Gli altri piazzamenti Ai piedi del podio ci sono gli atleti neutrali, con Alina Rumiantseva e Zakhar Trofimov quarti con 238.0834 punti. Completano la classifica il Portogallo (181.5924) e la Bulgaria (157.0717). Si tratta della terza medaglia della rassegna per l'Italia, dopo l'oro nel team event di tuffi - con Pellacani, Jodoin Di Maria, Santoro e Pelligra - e l'argento di Filippo Pelati nel solo tecnico di nuoto artistico. Artistic Swimming: Bronze European for Pelati and Ruggiero AGI - A water tango, complex but irresistible, has propelled Italy to third place. Filippo Pelati and Lucrezia Ruggiero have won bronze in the mixed free doubles at the European Artistic Swimming Championships, held in Paris. The Italian Bronze On a short podium, the Azzurri take the lowest step with a total of 255.1641 points, thanks to an Argentine tango with a difficulty coefficient – the highest in the final – of 56.350. The gold medal goes to the duo from Great Britain consisting of Isabelle Thorpe and Ranjuo Tomblin, who top the standings with 258.2383 points. In between is Spain, represented by Dennis Gonzalez Boneu and Iris Tio Casas (with 257.9733 points). The Other Placements At the foot of the podium are neutral athletes, with Alina Rumiantseva and Zakhar Trofimov fourth with 238.0834 points. Completing the rankings are Portugal (181.5924) and Bulgaria (157.0717). This is Italy’s third medal in the competition, after gold in the diving team event - with Pellacani, Jodoin Di Maria, Santoro and Pelligra – and Filippo Pelati's silver in solo technical artistic swimming. # BronzeEuropean # Pelati # Ruggiero # Italy # third # FilippoPelati # LucreziaRuggiero # Paris # Italian # Argentine # GreatBritain # IsabelleThorpe # RanjuoTomblin # Spain # DennisGonzalezBoneu # IrisTioCasas # AlinaRumiantseva # ZakharTrofimov # fourth # Portugal # Bulgaria # Santoro # FilippoPelatis https://www. agi.it/sport/news/2026-08-01/e uropei-nuoto-artistico-bronzo-38339061/"
argentine,"Argentine : 50 ans après le coup d’État militaire, quel héritage de la dictature&nbsp;? https:// fed.brid.gy/r/https://www.cont retemps.eu/argentine-50-ans-apres-le-coup-detat-militaire-quel-heritage-de-la-dictature/"
argentine,"Agenzia Nova: Brasile-Argentina: portavoce Milei minimizza offese a Lula, ""differenze ideologiche"" 29 lug 07:44 - (Agenzia Nova) - Il portavoce della presidenza argentina, Adrian Ravier, ha cercato di minimizzare le critiche rivolte dal presidente... (Brs) Brazil-Argentina: Milei spokespeople downplay insults to Lula, “ideological differences” July 29 07:44 - (Agenzia Nova) - The Argentine presidential spokesman, Adrian Ravier, attempted to downplay the criticism directed at the president… (Brs) # Brazil # Milei # AgenziaNova # Argentine # AdrianRavier https://www. agenzianova.com/a/6a6995dd41fa f4.56014639/7650438/2026-07-29/brasile-argentina-portavoce-milei-minimizza-offese-a-lula-differenze-ideologiche"
argentine,"@ permaculture # ants # argentine AI6YR Ben wrote: Ants (particularly, Argentine ants) are the mortal enemies of bees. The whole issue sounds like worth some investigation @ tierranietos , doesn't it? RE: m.ai6yr.org/users/ai6yr/status…"
argentine,"Agenzia Nova: Argentina-Peru': Milei oggi a Lima, incontro con Fujimori 28 lug 05:08 - (Agenzia Nova) - Il presidente dell'Argentina, Javier Milei, arriva oggi a Lima, dove terra' un incontro bilaterale con la presidente... (Abu) Argentina-Peru': Milei today in Lima, meeting with Fujimori Aug 28 05:08 – (Agenzia Nova) – Argentine President Javier Milei arrives today in Lima, where he will hold a bilateral meeting with the president… (Abu) # Argentina # Milei # FujimoriAug # AgenziaNova # Argentine # JavierMilei https://www. agenzianova.com/a/6a681efeead4 f9.65026138/7646435/2026-07-28/argentina-peru-milei-oggi-a-lima-incontro-con-fujimori"
argentine,"Courrier #international : Javier #Milei , président #Argentine , traite #Lula d’“ #ordure ” et crée “la #pire #crise en cinquante ans” avec le #Brésil www.courrierinternational.com/article/vu-d... Javier Milei traite Lula d’“or..."
argentine,Agenzia Nova: Business news: Argentina: gruppo locale prende controllo di petrolifera Crown Point Energy 26 lug 23:00 - (Agenzia Nova) - Il gruppo argentino Liminar Energia ha acquisito il controllo del 91 per cento della petrolifera Crown Point... (Abu) Business news: Argentina: local group takes control of Crown Point Energy oil company July 26 23:00 – (Agenzia Nova) – The Argentine group Liminar Energia has acquired control of 91 percent of the oil company Crown Point… (Abu) # Argentina # CrownPointEnergy # AgenziaNova # Argentine # LiminarEnergia # 91percent # CrownPoint https://www. agenzianova.com/a/6a667c1c92b2 f8.69582585/7642086/2026-07-26/business-news-argentina-gruppo-locale-prende-controllo-di-petrolifera-crown-point-energy
argentine,"Agenzia Nova: Business news: a maggio attivita' economica Argentina +0,2 per cento, -0,5 per cento su mese 26 lug 23:00 - (Agenzia Nova) - A maggio, l'attivita' economica in Argentina e' cresciuta dello 0,2 per cento su anno ed e' calata dello 0,5... (Abu) Business news: Argentine economic activity up 0.2% in May, down 0.5% month-over-month. July 26 23:00 – (Agenzia Nova) – In May, economic activity in Argentina grew by 0.2 percent year-on-year and fell by 0.5… (Abu) # Argentine # AgenziaNova # Argentina # 02percent https://www. agenzianova.com/a/6a667c1c9295 66.28366453/7642087/2026-07-26/business-news-a-maggio-attivita-economica-argentina-0-2-per-cento-0-5-per-cento-su-mese"
argentine,"Il Fatto Quotidiano: Wanda Nara piazza il “colpo” contro Icardi: ingaggia nella sua agenzia la modella finita al centro del caso che avrebbe fatto esplodere la crisi con China Suarez La lunga e tormentata storia tra Wanda Nara e Mauro Icardi continua a regalare nuovi episodi. Anche dopo la fine della loro relazione, i rapporti tra la showgirl argentina e il calciatore restano segnati da tensioni, accuse e frecciate pubbliche. L’ultimo episodio riguarda una scelta professionale di Wanda, che avrebbe deciso di inserire nella sua agenzia di modelle, la World Marketing Models, Ekaterina Ojeda, la giovane finita al centro delle voci sulla crisi tra Icardi e China Suarez. La decisione è stata interpretata sui social come una nuova provocazione nei confronti dell’ex marito. Tra i commenti apparsi online, uno in particolare ha attirato l’attenzione: “un gol da centrocampo che non è stato segnato da Messi”. Una battuta che Wanda avrebbe apprezzato, tanto da reagire con un cuore. L'articolo Wanda Nara piazza il “colpo” contro Icardi: ingaggia nella sua agenzia la modella finita al centro del caso che avrebbe fatto esplodere la crisi con China Suarez proviene da Il Fatto Quotidiano. Wanda Nara lands the ""coup"" against Icardi: she hires the model involved in the case that would have sparked the crisis with China Suárez. Wanda Nara and Mauro Icardi’s long and tumultuous relationship continues to produce new episodes. Even after the end of their relationship, the ties between the Argentine showgirl and the footballer remain marked by tension, accusations, and public jabs. The latest episode concerns Wanda's professional choice, who decided to include in her modeling agency, World Marketing Models, Ekaterina Ojeda, the young woman who ended up at the center of rumors about the crisis between Icardi and China Suárez. The decision was interpreted on social media as a new provocation against her ex-husband. Among the comments that appeared online, one in particular attracted attention: “a goal from midfield that wasn’t scored by Messi.” A joke that Wanda appreciated so much that she reacted with a heart emoji. Article: Wanda Nara scores the ""coup"" against Icardi: engages the model at the center of the case that would have exploded the crisis with China Suárez comes from Il Fatto Quotidiano. # WandaNara # MauroIcardi ’s # Argentine # Wanda # EkaterinaOjeda # Icardi # ChinaSuárez # Messi # IlFattoQuotidiano https://www. ilfattoquotidiano.it/2026/07/2 5/wanda-nara-piazza-il-colpo-contro-icardi-ingaggia-nella-sua-agenzia-la-modella-finita-al-centro-del-caso-che-avrebbe-fatto-esplodere-la-crisi-con-china-suarez/8458417/"
argentine,"Il Fatto Quotidiano: “Poi dicono come fanno ad essere belle… il portafoglio pieno”. Il commento dell’hater fa infuriare Belen Rodriguez: “Sono cresciuta senza un soldo, ma del mio corpo me ne prendevo cura lo stesso” Botta e risposta. E che risposta. Siamo alle solite. Belen Rodriguez si mostra sui social come madre natura l’ha fatta. Mostra “la sua manutenzione estetica quotidiana”, e come al solito, per l’appunto, c’è chi le punta il dito contro, chi la insulta e l’accusa di una vita facile. La sentenza è immediata: «Poi dicono come fanno ad essere belle… il portafoglio pieno». Diciamo che Belen non fa nulla per evitare discussioni. Ma questo non autorizza nessuno a prendersela con lei. Tutto inizia con un video. Un filmato condiviso mentre l’argentina si trova sul lettino della sua estetista di fiducia mentre le applica sul viso alcuni trattamenti professionali… Alle cattiverie Belen risponde sempre: «Essere belle è anche… farti un mazzo così, bella mia, la bellezza è soprattutto disciplina». Insomma bisogna curarsi, saper mangiare, fare del bene al proprio fisico. Ci vuole tempo, denaro ma anche tanta voglia! A chi invece condivide quello che dice non nasconde di «essere fortunata ma lavoro sodo per potermeli permettere». Poi c’è chi ironizza sulla punturina. Ma lei non cade nella provocazione e risponde così: «A me rilassa invece, poi fa parte del mio lavoro e soprattutto della mia personalità». Non cade nelle provocazioni fino a quando non si esagera. E a chi le dice apertamente che è gonfia in faccia l’ex moglie di Stefano De Martino risponde «Non quanto la tua invidia». Il labbro superiore? «Io ci sono nata col labbro superiore più grande, non mi rompete…». Quando qualcuna cerca un dialogo lei però si dimostra disponibile e confessa senza nessun imbarazzo: «Credimi, sono cresciuta senza un soldo, ma del mio corpo me ne prendevo cura lo stesso...». Ma come? Qui arrivano i suoi consigli: «Provate a sperimentare maschere naturali a base di riso o un impacco preparato con albume d’uovo montato a neve e qualche goccia di limone», un “crema” capace di imitare l’effetto dei sieri più costosi del mercato… L'articolo “Poi dicono come fanno ad essere belle… il portafoglio pieno”. Il commento dell’hater fa infuriare Belen Rodriguez: “Sono cresciuta senza un soldo, ma del mio corpo me ne prendevo cura lo stesso” proviene da Il Fatto Quotidiano. “Then they say how they manage to be beautiful... with a full wallet.” The hater's comment infuriates Belén Rodríguez: ""I grew up without a penny, but I still took care of my body the same way."" Ping-pong. And what a response. We're back to the usual. Belen Rodriguez shows herself on social media as nature made her, showing “her daily aesthetic maintenance,” and, as always, there are those who point fingers at her, insult her, and accuse her of an easy life. The verdict is immediate: ""Then they say how do they manage to be beautiful… with a full wallet.” Let's just say that Belen doesn’t do anything to avoid arguments. But this doesn’t authorize anyone to take it out on her. It all starts with a video. A film shared while the Argentine is on the massage table of her trusted aesthetician as she applies various professional treatments to her face… Belen always responds to the nasty comments: “Being beautiful is also… doing something like this, my dear, beauty is above all discipline.” Basically, you have to take care of yourself, know how to eat well, and do good for your body. It takes time, money, but also a lot of desire! However, those who share her words don’t hide the fact that “they are lucky but work hard to be able to afford them.” Then there are those who joke about the little needle. But she doesn't fall into provocation and responds like this: ""It relaxes me instead, plus it’s part of my job and especially my personality.” She doesn’t fall for provocations until people go too far. And when someone tells her openly that she’s puffy-faced, the ex-wife of Stefano De Martino replies, “Not as much as your envy.” The upper lip? ""I was born with a larger upper lip, don't bother me…"" When someone tries to have a dialogue, however, she proves herself available and confesses without any embarrassment: “Believe me, I grew up without a penny, but I still took care of my body…” But how? Here come her tips: “Try experimenting with natural rice masks or a wrap prepared with egg white whipped to snow and a few drops of lemon,” a ""cream"" capable of imitating the effects of the most expensive serums on the market… The article “Then they say how do they manage to be beautiful… with a full wallet.” The comment by the hater infuriates Belen Rodriguez: “I grew up without a penny, but I still took care of my body” comes from Il Fatto Quotidiano. # BelénRodríguez # BelenRodriguez # Belen # Argentine # StefanoDeMartino # IlFattoQuotidiano https://www. ilfattoquotidiano.it/2026/07/2 5/poi-dicono-come-fanno-ad-essere-belle-il-portafoglio-pieno-il-commento-dellhater-fa-infuriare-belen-rodriguez-sono-cresciuta-senza-un-soldo-ma-del-mio-corpo-me-ne-prendevo-cura-lo-stesso/8458821/"
argentine,De Milei à l’extrême droite mondiale&nbsp;: quelle stratégie pour affronter la vague néofasciste&nbsp;? https:// fed.brid.gy/r/https://www.cont retemps.eu/de-milei-a-lextreme-droite-mondiale-quelle-strategie-pour-affronter-la-vague-neofasciste/
argentine,Agenzia Nova: Argentina: gruppo locale acquisisce il controllo di petrolifera Crown Point Energy 22 lug 21:48 - (Agenzia Nova) - Il gruppo argentino Liminar Energia ha acquisito il controllo del 91 per cento della petrolifera Crown Point... (Abu) Argentina: local group takes control of Crown Point Energy 22 Aug 21:48 – (Agenzia Nova) – The Argentine group Liminar Energy has acquired control of 91 percent of the oil company Crown Point… (Abu) # Argentina # CrownPointEnergy # AgenziaNova # Argentine # LiminarEnergy # 91percent # CrownPoint https://www. agenzianova.com/a/6a6124142544 34.04951664/7633073/2026-07-22/argentina-gruppo-locale-acquisisce-il-controllo-di-petrolifera-crown-point-energy
argentine,"Repubblica.it: Onu, media: “Trump vuole Infantino segretario generale” Il capo della Casa Bianca pensa che sia un nome più pesante e capace degli attuali candidati, fra cui il capo argentino dell’Aiea Grossi e l’ex premier cilena Bachelet UN, media: ""Trump wants von der Leyen as Secretary-General"" The White House chief believes it is a heavier and more capable name than the current candidates, including the Argentine head of the AIEA, Grossi, and the former Chilean prime minister, Bachelet. # WhiteHouse # Argentine # Grossi # Chilean # Bachelet https://www. repubblica.it/esteri/2026/07/2 2/news/onu_media_trump_vuole_infantino_segretario_generale-425485392/"
argentine,"⚡The # Argentine 🇦🇷 government, led by Federico Sturzenegger, has proposed a measure within the Deregulation Law to eliminate mandatory contributions to the Institute for the Promotion of Beef. Industry representatives argue that this initiative would &quot;definance&quot; the organization and undermine its efforts to promote the sector. [Clarín] Check back for the latest updates"
argentine,"RaiNews: Illude gli argentini, poi annuncia la vittoria della Spagna: lo scherzo del pilota diventa virale A bordo esplode la festa dopo le prime parole del comandante, ma pochi secondi dopo arriva la beffa: «Ha vinto la Spagna». Il video ha suscitato ironia sui media spagnoli e critiche su quelli argentini. It fools the Argentines, then announces Spain’s victory: the pilot’s prank goes viral. On board the party erupts after the captain’s initial words, but just a few seconds later comes the insult: “Spain has won.” The video sparked irony in Spanish media and criticism in Argentine ones. # Argentines # Spain # Spanish # Argentine https://www. rainews.it/video/2026/07/illud e-gli-argentini-poi-annuncia-la-vittoria-della-spagna-lo-scherzo-del-pilota-diventa-virale-b74fa09c-683b-4e15-95e8-b72cc2e4e588.html"
argentine,"Il Fatto Quotidiano: “Doveva uscire 4 turni prima. Avanti grazie alla Fifa, organismo mafioso e corrotto”: il caso del like di Cristiano Ronaldo al video contro l’Argentina Un “like” su Instagram scatena la polemica attorno a Cristiano Ronaldo. Il fuoriclasse portoghese ha infatti apprezzato un video pubblicato da “Espejo Público”, programma dell’emittente spagnola Antena 3. E fin qui non ci sarebbe nulla di male, se non fosse che nel video in questione la conduttrice Pilar Rodríguez e il commentatore Rubén Amón esprimono giudizi molto duri nei confronti dell’Argentina e della Fifa. Nel filmato, registrato prima della finale tra Spagna e Argentina, Rodríguez sostiene che “la Nazionale argentina avrebbe dovuto essere eliminata già da diversi turni, ma con gli aiuti della Fifa, che è una delle istituzioni più corrotte sulla faccia della terra, è riuscita ad andare avanti,” afferma nel video. La presentatrice aggiunge inoltre: “Non ho paura dell’Argentina, ma di Infantino. Non giocheremo soltanto contro l’Argentina, ma contro tutta la Fifa che vuole consegnare il Mondiale a Messi, come accaduto quattro anni fa in Qatar“. Amón rincara la dose, definendo la Fifa “un organismo mafioso e vergognoso“. A far discutere è stato soprattutto il “mi piace” lasciato da Cristiano Ronaldo al contenuto: nei commenti al video, infatti, molti utenti hanno evidenziato proprio l’interazione del campione portoghese. C’è chi scrive “Ronaldo sa qualcosa” e chi “il goat ha messo like”. Insomma, più che il video, a prendersi la scena è stato il “mi piace” del campione portoghese, che però qualche ora dopo ha deciso di rimuoverlo per non alimentare ulteriori polemiche sulla questione. Ma era ormai troppo tardi: tra gente che lo ha fatto subito notare e gli screenshot che hanno fatto il giro del web, in tanti hanno sottolineato la frecciatina implicita del campione portoghese ai rivali argentini. L'articolo “Doveva uscire 4 turni prima. Avanti grazie alla Fifa, organismo mafioso e corrotto”: il caso del like di Cristiano Ronaldo al video contro l’Argentina proviene da Il Fatto Quotidiano. He had to have been eliminated four rounds earlier. Forward thanks to FIFA, a mafia and corrupt organization”: the case of Cristiano Ronaldo's like on the video against Argentina. A ""like"" on Instagram sparks controversy surrounding Cristiano Ronaldo. The Portuguese star liked a video posted by “Espejo Público,” a program from the Spanish broadcaster Antena 3. And so far, there would be nothing wrong with that, were it not for the fact that in the video in question, host Pilar Rodríguez and commentator Rubén Amón express very harsh judgments about Argentina and Fifa. In the footage, filmed before the Spain versus Argentina final, Rodríguez argues that “the Argentine national team should have been eliminated several rounds ago, but thanks to the help of Fifa – one of the most corrupt institutions on earth – it was able to go forward,” she says in the video. The presenter adds: “I’m not afraid of Argentina, but of Infantino. We won't just be playing against Argentina, but against all of Fifa that wants to hand Messi the World Cup, as happened four years ago in Qatar.” Amón doubles down, calling Fifa “a mafia-like and shameful organization.” It was particularly Ronaldo’s “like” that sparked discussion: in the comments on the video, many users highlighted the interaction of the Portuguese champion. Some write “Ronaldo knows something,” and others “the GOAT (Greatest Of All Time) liked it.” In short, more than the video itself, it was the Portuguese champion's ""like"" that took center stage, which he later decided to remove after a few hours in order not to fuel further controversy over the issue. But it was already too late: many people immediately pointed it out and screenshots went viral, with many highlighting the implicit jab of the Portuguese champion at his Argentine rivals. The article “It should have been eliminated 4 rounds ago. Forward thanks to Fifa, a mafia-like and corrupt organization”: the case of Cristiano Ronaldo’s like on the video against Argentina comes from Il Fatto Quotidiano. # CristianoRonaldos # Argentina # Instagram # CristianoRonaldo # Portuguese # EspejoPúblico # Spanish # Antena3 # PilarRodríguez # RubénAmón # Spain # Rodríguez # Argentine # Infantino # Messi # theWorldCup # Qatar # Ronaldo # CristianoRonaldo ’s # IlFattoQuotidiano https://www. ilfattoquotidiano.it/2026/07/2 1/ronaldo-like-video-argentina-fifa-organismo-mafioso-vergognoso/8454579/"
argentine,"Les liens de Lionel Messi avec Netanyahou, l’armée israélienne et son unité d’espionnage d’élite 8200 https:// fed.brid.gy/r/https://investig action.net/les-liens-de-lionel-messi-avec-netanyahou-larmee-israelienne-et-son-unite-despionnage-delite-8200/?utm_source=rss&amp;utm_medium=rss&amp;utm_campaign=les-liens-de-lionel-messi-avec-netanyahou-larmee-israelienne-et-son-unite-despionnage-delite-8200"
argentine,Otamendi’s furious reaction to Rodri following Spain’s dramatic victory The Argentine defender was angered by a Spanish player&#39;s comments before the World Cup Final. https://www. marca.com/en/world-cup/2026/07 /20/otamendi-s-furious-reaction-to-rodri-following-spain-s-dramatic-victory.html # TopNews # News # Rodri # Argentina # Argentine
argentine,"Le Monde – L’ #Argentine «&nbsp;déshonorée&nbsp;», Lionel #Messi «&nbsp;invisible&nbsp;»&nbsp;: la presse internationale soulagée après la victoire de l’ #Espagne en finale de la #Coupe du #monde 2026 LE #MONDE #ENTIER ETAIT DERRIÈRE L'#ESPAGNE HIER www.lemonde.fr/sport/articl... L’Argentine «&nbsp;déshonorée&nbsp;», Li..."
argentine,"Congrats to #Spain for an amazinh tournament! Well deserved! And to #Messi - Thanks for an amazing ""last dance"", exceeding everyones expectation at the age of 39. #spain #argentine #worldcup"
argentine,"Il Tempo: L'Argentina cade nei supplementari, Spagna campione del mondo NEW YORK (STATI UNITI) (ITALPRESS) – La Spagna è campione del mondo per la seconda volta nella sua storia. Le Furie Rosse trionfano per 1-0 sull'Argentina nella finale del MetLife Stadium di East Rutherford, grazie alla rete segnata nel secondo tempo supplementare da Ferran Torres dopo un match a senso unico. Come da copione di una grande finale, le due formazioni non vogliono scoprirsi immediatamente. L'Argentina attende ed è poco minacciosa in avvio, mentre la Spagna fa paura al 5′ con Yamal, ma il suo tiro viene deviato. Aumenta i giri la Spagna intorno alla mezz'ora. Al 39′ Oyarzabal viene raggiunto da un pallone al limite e ci prova col mancino: Martinez para. Si va all'intervallo sul risultato di 0-0. Si riparte con le Furie Rosse sempre in controllo della gara, ma più pericolose rispetto alla prima frazione. Pericolosissimo il neo entrato Ferran Torres al 67′, con un'incornata su cross di Yamal che Martinez riesce a respingere. Il secondo tempo della finale somiglia sempre più a un assolo della Spagna. Al 77′ ci prova Cubarsi, trovando una respinta tutt'altro che perfetta del Dibu. Pochi minuti dopo il portiere argentino deve intervenire nuovamente, stavolta su un colpo di testa di Laporte. Le cose si mettono ancora peggio per l'Argentina nel recupero, quando Enzo Fernandez entra in ritardo su Cubarsi. Vincic non ha dubbi: secondo giallo ed espulsione. La Spagna prova a chiuderla subito, ma si va ai supplementari. Al 96′ Nico Williams riceve in area e trova la rete, ma l'arbitro annulla per un fallo di Merino su Otamendi nell'azione del gol. La Spagna trova il gol tanto cercato in apertura del secondo tempo supplementare. Cross dalla destra, sponda di testa di Nico Williams per Ferran Torres, che con una conclusione a botta sicura supera Martinez. L'Argentina reagisce solo nel finale. Prima Cubarsi salva tutto su un cross dalla destra; poco dopo, su angolo, finisce alto il tentativo di Simeone. Dopo il brivido nel recupero, la Spagna può festeggiare: è campione del mondo.– foto Ipa Agency –(ITALPRESS). Argentina falls in extra time, Spain world champion. NEW YORK (UNITED STATES) (ITALPRESS) – Spain is world champion for the second time in its history. La Roja triumph 1-0 over Argentina in the final at MetLife Stadium in East Rutherford, thanks to a goal scored in the second half of extra time by Ferran Torres after a one-sided match. As befitting a great final, the two teams don’t immediately reveal their strengths. Argentina waits and is little threatening at the start, while Spain frightens at the 5′ with Yamal, but his shot is deflected. Spain increases the pace around the half-hour mark. At 39′, Oyarzabal is reached by a ball at the edge of the area and tries it with his left foot: Martinez saves. They go into halftime with a score of 0-0. The match restarts with La Roja always in control of the game, but more dangerous than the first half. Very dangerous newcomer Ferran Torres at 67′, with a volley on Yamal’s cross that Martinez manages to repel. The second half of the final increasingly resembles a solo performance by Spain. At 77′ Cubarsi tries it, finding a far from perfect save from Dibu. A few minutes later, the Argentine goalkeeper has to intervene again, this time on Laporte's header. Things get even worse for Argentina in the closing stages, when Enzo Fernandez goes into contact with Cubarsi. Vincic has no doubts: second yellow card and expulsion. Spain tries to close it immediately, but they go to extra time. At 96′, Nico Williams receives in area and scores, but the referee cancels the goal for a foul by Merino on Otamendi in the action of the goal. Spain finds the much-sought-after goal at the start of the second extra time period. Cross from the right, head cross by Nico Williams to Ferran Torres, who with a sure shot surpasses Martinez. Argentina reacts only at the end. First Cubarsi saves everything on a cross from the right; shortly after, high up finishes Simeone’s attempt off a corner. After the thrill in the closing stages, Spain can celebrate: it is world champion. – photo Ipa Agency –(ITALPRESS). # Argentina # Spain # NEWYORK # UNITEDSTATES # second # LaRoja # MetLifeStadium # EastRutherford # FerranTorres # Yamal # Oyarzabal # Martinez # Cubarsi # Argentine # Laporte # EnzoFernandez # Vincic # NicoWilliams # Merino # Otamendi # Simeone # IpaAgency https://www. iltempo.it/italpress/2026/07/1 9/news/l-argentina-cade-nei-supplementari-spagna-campione-del-mondo-48610159/"
argentine,"Agenzia Nova: Business news: Argentina, in primo semestre settore pubblico in attivo finanziario dello 0,1 per cento su pil 20 lug 00:00 - (Agenzia Nova) - Il settore pubblico dell'Argentina ha chiuso il primo semestre del 2026 con un attivo dello 0,1 per cento del... (Abu) Business news: Argentina, in the first half of the year, public sector financial activity at 0.1 percent positive. Aug 20 00:00 - (Agenzia Nova) - The Argentine public sector closed the first half of 2026 with a surplus of 0.1 percent of... (Abu) # Argentina # 01percent # AgenziaNova # Argentine https://www. agenzianova.com/a/6a5d4ab7db2c 71.77792528/7621588/2026-07-20/business-news-argentina-in-primo-semestre-settore-pubblico-in-attivo-finanziario-dello-0-1-per-cento-su-pil"
argentine,Agenzia Nova: Business news: Argentina indice gara per assegnare diritti di esplorazione idrocarburi 19 lug 23:00 - (Agenzia Nova) - Il governo dell'Argentina ha disposto l'apertura di una gara pubblica internazionale per assegnare i diritti... (Abu) Business news: Argentina launches tender to award hydrocarbon exploration rights 19 Jul 23:00 - (Agenzia Nova) – The Argentine government has ordered the opening of an international public tender to award the rights… (Abu) # Argentina # AgenziaNova # Argentine https://www. agenzianova.com/a/6a5d3c16f3a5 63.55308085/7621580/2026-07-19/business-news-argentina-indice-gara-per-assegnare-diritti-di-esplorazione-idrocarburi
argentine,"Agenzia Nova: Business news: consorzio guidato da Pumpco batte Techint, costruira' gasdotto di Argentina Lng 19 lug 20:00 - (Agenzia Nova) - Un consorzio guidato dalla statunitense Pumpco, con la partecipazione dell'italiana Bonatti e dell'argentina... (Abu) Business news: Consortium led by Pumpco wins over Techint, will build Argentina LNG pipeline. 19 Jul 20:00 - (Agenzia Nova) - A consortium led by the U.S. company Pumpco, with the participation of the Italian Bonatti and the Argentine... (Abu) # Pumpco # Techint # Argentina # AgenziaNova # Italian # Bonatti # Argentine https://www. agenzianova.com/a/6a5d11c08ed1 c7.69894261/7621561/2026-07-19/business-news-consorzio-guidato-da-pumpco-batte-techint-costruira-gasdotto-di-argentina-lng"
argentine,"""Ce n'est pas possible de soutenir l' #Argentine ""&nbsp;: des #supporters des #Bleus racontent pourquoi ils préfèrent une victoire de l' #Espagne en finale de #Coupe du #monde www.franceinfo.fr/coupe-du-mon... ""Ce n'est pas possible de sout..."
argentine,"⚡ # Argentine 🇦🇷 authorities have increased security measures for the World Cup final by deploying 1,000 additional police officers and restricting the Fan Fest to Palermo. The Obelisk will be fenced off and monitored by drones and helicopters following violent incidents that occurred after the semifinal match against England and the victory over # Egypt 🇪🇬. [Clarín] Follow for the latest developments"
argentine,"Repubblica.it: Lo show delle conferenze a pagamento con i fischi e de la Fuente se ne va irritato: “Ci vuole rispetto” Il ct della Spagna è stata accolto malissimo dai tifosi argentini a un evento a pagamento dove a fare domande c’erano Tom Brady, Djokovic e Rio Ferdinand The paid conference show with heckling and De La Fuente leaving frustrated: ""You have to respect us."" The Spanish coach was very badly received by Argentine fans at an event where Tom Brady, Djokovic and Rio Ferdinand were asking questions. # DeLaFuente # Spanish # Argentine # TomBrady # Djokovic # RioFerdinand https://www. repubblica.it/sport/dossier/mo ndiali-calcio/2026/07/18/news/conferenze_pagamento_fischi_de_la_fuente-425479422/"
argentine,"Repubblica.it: De la Fuente: “Yamal sta bene e giocherà”. Scaloni: “Maradona ci manca, ma adesso godiamoci Messi” Vigilia di Spagna-Argentina. Il ct iberico tranquillizza sulla condizioni del giovane talento, quello dell’Albiceleste esalta il mito De La Fuente: ""Yamal is fine and will play.” Scaloni: “Maradona is missing, but now let’s enjoy Messi.” Spain-Argentina Preview. The Spanish coach reassures about the condition of the young talent, while the Argentine team elevates the myth. # DeLaFuente # Yamal # Scaloni # Maradona # Messi # Spain # Spanish # Argentine https://www. repubblica.it/sport/dossier/mo ndiali-calcio/2026/07/18/news/de_la_fuente_scaloni_conferenza_stampa_spagna_argentina_messi_rodri-425478834/"
argentine,"⚡The # UK 🇬🇧 rejected an # Argentine 🇦🇷 diplomatic protest regarding the navigation of a # British 🇬🇧 warship departing from the Malvinas. The # British 🇬🇧 government responded by filing a counter-protest with the # Argentine 🇦🇷 ambassador, Marian Plaza, following the initial complaint lodged by Chancellor Quirno. [Clarín] For continuing developments, check back here"
argentine,⚡Lionel Messi scored three goals during the opening match of the North # American 🇺🇸 Football World Cup. The 39-year-old # Argentine 🇦🇷 captain led his national team through the tournament to reach the final. [Al-Quds Al-Arabi] Check back for updates
argentine,Mincovňa Kremnica 🇸🇰 Súbor mincí SR (2026) 100.výročie založenia SKS v # Argentíne (#BuenosAires) https:// eurocollezione.altervista.org/ Blog/Kremnica/Kremnica_16.htm # Slovensko @ slovensko
argentine,⚡ # Spanish 🇪🇸 national team coach Luis de la Fuente stated he plans to focus on Lionel Messi during the World Cup final without employing individual man-marking. De la Fuente noted that he intends to use &quot;lessons from the past&quot; to manage the # Argentine 🇦🇷 captain&#39;s influence during the match. [Al-Quds Al-Arabi] Follow along for further developments
argentine,"⚡The # Argentine 🇦🇷 national team is scheduled to return to # Argentina 🇦🇷 following the World Cup final, with the government considering declaring a public holiday to mark the occasion. President Javier Milei has offered the use of the Casa Rosada or a stage on Avenida del Libertador for the team to celebrate with fans, pending the outcome of the match against # Spain 🇪🇸. [Clarín] We’ll continue to post confirmed updates"
argentine,"Il Fatto Quotidiano: Belén Rodriguez e il tifo per la “sua” Argentina: la foto vestita solo con la bandiera Una semifinale dei Mondiali scatena inevitabilmente anche il tifo dei personaggi famosi. Da una parte la delusione inglese, dall’altra la festa argentina. Se David e Victoria Beckham hanno lasciato lo stadio con l’amaro in bocca, Belén Rodriguez ha celebrato sui social la vittoria della Selección, condividendo anche uno scatto in cui è vestita soltanto con la bandiera argentina. Il riferimento è alla semifinale tra Argentina e Inghilterra, decisa con una clamorosa rimonta: dopo il vantaggio dei Tre Leoni firmato da Gordon al 55′, l’Albiceleste ha ribaltato tutto grazie ai gol di Fernandez all’85’ e di Lautaro Martinez nel recupero, conquistando così la finale. Mentre David Beckham ha affidato a Instagram tutta la sua delusione per l’eliminazione dell’Inghilterra, ringraziando comunque la squadra e i tifosi per il cammino compiuto, Belén Rodriguez si è lasciata andare ai festeggiamenti. La conduttrice, argentina di nascita e da sempre legatissima alla nazionale del suo Paese, ha seguito la partita in un ristorante insieme al nuovo compagno Gaetano Fidanzati. La festa è poi proseguita a casa, dove Belén ha pubblicato una serie di immagini dedicate alla vittoria dell’Argentina. Tra queste, quella che ha catturato maggiormente l’attenzione dei follower: la showgirl posa avvolta soltanto dalla bandiera albiceleste, trasformata in un abito per celebrare la qualificazione della Selección alla finale mondiale. Visualizza questo post su Instagram Un post condiviso da Maria Belen (@belenrodriguezreal) L'articolo Belén Rodriguez e il tifo per la “sua” Argentina: la foto vestita solo con la bandiera proviene da Il Fatto Quotidiano. Belén Rodríguez and her support for ""her"" Argentina: the photo wearing only the flag. A World Cup semi-final inevitably also unleashes the fandom of famous people. On one side, English disappointment, on the other, an Argentine celebration. While David and Victoria Beckham left the stadium with a bitter taste in their mouths, Belén Rodriguez celebrated Argentina’s victory on social media, sharing also a photo where she was dressed only in the Argentinian flag. The reference is to the semi-final between Argentina and England, decided with a sensational comeback: after the lead of the Lions signed by Gordon at 55’, Albiceleste turned it all around thanks to Fernandez’s goal in the 85th minute and Lautaro Martinez's goal in added time, thus winning the final. While David Beckham entrusted all his disappointment for England’s elimination to Instagram, thanking nonetheless the team and the fans for the journey completed, Belén Rodriguez let herself go to celebrations. The presenter, born Argentine and always closely linked to her country’s national team, followed the game in a restaurant together with her new partner Gaetano Fidanzati. The party continued at home, where Belén published a series of images dedicated to Argentina's victory. Among these, the one that most captured the attention of followers: the showgirl poses wrapped only in the albiceleste flag, transformed into a dress to celebrate the qualification of the Selección for the World Cup final. See this post on Instagram A post shared by Maria Belen (@belenrodriguezreal) Article Belén Rodriguez and the fandom for “her” Argentina: the photo dressed only with the flag comes from Il Fatto Quotidiano. # BelénRodríguez # Argentina # WorldCup # English # Argentine # David # VictoriaBeckham # BelénRodriguez # Argentinian # England # Lions # Gordon # Albiceleste # Fernandez # LautaroMartinezs # DavidBeckham # Instagram # GaetanoFidanzati # Belén # Selección # theWorldCup # Instagram # MariaBelen # IlFattoQuotidiano https://www. ilfattoquotidiano.it/2026/07/1 7/belen-rodriguez-e-il-tifo-per-la-sua-argentina-la-foto-vestita-solo-con-la-bandiera/8451408/"
argentine,UK urges FIFA to investigate Argentina over Falklands banner at World Cup - The Boston Globe Argentina players posed with a banner claiming country’s sovereignty over the Falkland Islands https://www. bostonglobe.com/2026/07/16/wor ld/uk-urges-fifa-investigate-argentina-over-falklands-banner-world-cup/ # TopNews # News # Argentina # FIFA # Argentine
argentine,"Repubblica.it: Giocatori Argentina in campo con striscione per le Malvinas: Londra indignata, Fifa apre inchiesta Dopo la semifinale Mondiale Otamendi e Lo Celso hanno mostrato il drappo con la scritta ‘Las Malvinas son Argentinas’ Argentina players on the field with a banner for the Malvinas: London outraged, FIFA opens investigation. After the World Cup semi-final, Otamendi and Lo Celso showed the banner with the words “Las Malvinas are Argentine.” # Argentina # Malvinas # London # theWorldCup # Otamendi # LoCelso # LasMalvinas # Argentine https://www. repubblica.it/sport/dossier/mo ndiali-calcio/2026/07/16/news/striscione_malvinas_argentina_inghilterra_squalifica_multa-425474965/"
argentine,"RaiNews: Dalle Malvinas allo striscione: l’Argentina riporta la sfida con l’Inghilterra sul terreno politico Argentina batte l’Inghilterra 2-1, ma a far discutere è lo striscione “Las Malvinas son Argentinas”: il calcio riaccende la guerra del 1982 e la disputa sulla sovranità delle isole From the Falklands to the banner: Argentina brings the challenge with England onto the political field. Argentina defeats England 2-1, but the banner ""The Malvinas are Argentine"" is what sparks debate: football reignites the 1982 war and the dispute over sovereignty of the islands. # Falklands # Argentina # England # Malvinas # Argentine https://www. rainews.it/articoli/2026/07/da lle-malvinas-allo-striscione-largentina-riporta-la-sfida-con-linghilterra-sul-terreno-politico-f94499ce-be32-4548-b01e-3022d059741c.html"
argentine,"Domani: Mondiali, lo striscione argentino per le Malvinas è un test per la Fifa di Infantino: precedenti e possibili sanzioni La sospensione della squalifica di Balogun, grazie alle pressioni di Trump su Infantino, ha gettato ombre sull’imparzialità della Federazione. Inoltre, uno scontro con l’Inghilterra potrebbe alienare ulteriormente a Infantino i favori delle federazioni europee, in vista delle elezioni del 2027 World Cup, the Argentine banner for the Falkland Islands is a test for FIFA under Infantino: precedents and possible sanctions. The suspension of Balogun’s ban, thanks to Trump’s pressure on Infantino, has cast a shadow over the impartiality of FIFA. Furthermore, a confrontation with England could further alien Infantino’s favor with European federations ahead of the 2027 elections. # WorldCup # Argentine # theFalklandIslands # Infantino # Balogun # Trump # England # European https://www. editorialedomani.it/sport/ingh ilterra-argentina-striscione-malvinas-isole-sanzioni-giocatori-test-fifa-precedenti-infantino-wesr6l2h"
argentine,"Agenzia Nova: Regno Unito-Argentina: Londra chiede indagine Fifa su striscione ""Le Malvine sono argentine"" 16 lug 08:48 - (Agenzia Nova) - Il governo britannico ha invitato la Fifa ad aprire un'indagine sulla nazionale argentina dopo che diversi... (Rel) United Kingdom-Argentina: London calls for Fifa investigation over “The Malvinas are Argentine” banner 16 Jun 08:48 - (Agenzia Nova) - The British government has invited FIFA to investigate the Argentinian national team after several… (Rel) # London # Malvinas # Argentine # AgenziaNova # British # Argentinian https://www. agenzianova.com/a/6a587f903a20 a7.82922682/7612079/2026-07-16/regno-unito-argentina-londra-chiede-indagine-fifa-su-striscione-le-malvine-sono-argentine"
argentine,Tens of thousands of Argentine soccer fans celebrate their team&#39;s World Cup semifinal victory Tens of thousands of soccer fans have flooded the streets of Argentina’s capital in a collective eruption of ecstasy over their national team’s 2-1 victory over England to reach the World Cup final. https:// apnews.com/article/argentina-w orld-cup-buenos-aires-344d7a925c02a444cb5c51d9d0d9c4b7 # TopNews # News # Argentine # Argentina # WorldCup
argentine,Argentine VP calls England ‘pirates’ ahead of World Cup semifinal clash Argentina vice president&#39;s remarks made ahead of the World Cup semifinal against England and amid sovereignty dispute. https://www. aljazeera.com/sports/2026/7/15 /argentine-vp-calls-england-pirates-ahead-of-world-cup-semifinal-clash # TopNews # News # Argentina # Argentine # WorldCup
argentine,"Old rivals, new battle: Argentina and England clash in World Cup Semifinal Old rivals. New stakes. A World Cup final spot on the line. Argentina vs. England. https://www. wbur.org/npr/nx-s1-5893686/old -rivals-new-battle-argentina-and-england-clash-in-world-cup-semifinal # TopNews # News # Argentina # Argentine # England"
argentine,"In the second semi-final of the 2026 World Cup, Argentina overcame England with a final score of 2-1. The winning goal was ultimately scored by Lautaro Martinez... https:// news.osna.fm/?p=55548 | # news # alongside # argentine # cup # edges"
argentine,"Old rivals, new battle: Argentina and England clash in World Cup Semifinal Old rivals. New stakes. A World Cup final spot on the line. Argentina vs. England. https://www. npr.org/2026/07/15/nx-s1-58936 86/old-rivals-new-battle-argentina-and-england-clash-in-world-cup-semifinal # TopNews # News # Argentina # Argentine # England"
argentine,"this # Argentina vs. # England # football # rivalry has historically been overshadowed by a territorial and political # dispute over the # Malvinas # Islands , or Falkland Islands, located in # Argentine # waters and 500 kilometers off the South American coast. https:// breakthroughnews.org/2026/07/1 4/no-the-match-between-argentina-and-england-is-not-just-a-football-match/"
argentine,Argentina vs. England: A semifinal about more than football A fierce and deeply rooted football rivalry will reignite in Atlanta on Wednesday as Argentina and England face off at Atlanta Stadium with a spot in the World Cup final on the line. https://www. fox5atlanta.com/news/why-argen tina-vs-england-world-cup-semifinal-is-about-more-than-soccer # TopNews # News # Argentina # England # Argentine
argentine,"Domani: Il passato non passa: tra argentini e inglesi è il derby della storia Quarant’anni sono un’eternità. In quel 1986 un solo argentino giocava nel massimo campionato inglese, Osvaldo Ardiles, al Tottenham. E non era più nel giro della Nazionale. Fra i titolari che probabilmente scenderanno in campo domani per l’Albiceleste&nbsp;ci sono invece ben cinque giocatori della Premier The past never passes: between Argentinians and English it is the derby of history. Forty years is an eternity. In 1986, only one Argentine played in the highest English league, Osvaldo Ardiles, at Tottenham. And he was no longer part of the national team squad. Among the starters who are likely to play tomorrow for Argentina there are actually five players from the Premier League. # Argentinians # English # Argentine # OsvaldoArdiles # Tottenham # Argentina # thePremierLeague https://www. editorialedomani.it/sport/derb y-storia-argentina-inghilterra-messi-maradona-passato-non-riesce-passare-o76l7e0e"
argentine,"Adnkronos - ultimoratop: Doping, squalifica di un anno per il tennista argentino Facundo Bagnis (Adnkronos) - Il 36enne positivo a un diuretico in un controllo effettuato durante le qualificazioni dello Us Open 2025 Doping, one-year ban for Argentine tennis player Facundo Bagnis. (Adnkronos) – The 36-year-old tested positive for a diuretic during a test conducted during the qualifying rounds of the 2025 US Open. # Argentine # FacundoBagnis # USOpen https://www. adnkronos.com/sport/bagnis-squ alificato-un-anno-per-doping_6idYMVYdgerBNipjvNYCkH"
argentine,"Il Tempo: Doping, squalifica di un anno per il tennista argentino Facundo Bagnis (Adnkronos) - Il tennista argentino Facundo Bagnis è stato squalificato un anno. Lo ha reso noto l'International Tennis Integrity Agency (Itia), spiegando che il 36enne ha accettato la sanzione per una violazione delle norme antidoping e ha rinunciato al diritto di comparire davanti a un tribunale indipendente. L'ex numero 55 del ranking mondiale, oggi 431° nella classifica Atp, era risultato positivo all'idroclorotiazide, un diuretico, in occasione di un controllo effettuato durante le qualificazioni degli Us Open 2025. Bagnis ha sostenuto che la sostanza fosse contenuta in un integratore alimentare prescritto dal proprio medico. Una spiegazione ritenuta plausibile dall'Itia, che ha comunque applicato la sospensione prevista dai regolamenti. Il giocatore si era autosospeso già dallo scorso ottobre e tale periodo sarà conteggiato ai fini della squalifica. Doping, one-year ban for Argentine tennis player Facundo Bagnis. (Adnkronos) - Argentine tennis player Facundo Bagnis has been disqualified for one year. This was announced by the International Tennis Integrity Agency (Itia), which explained that the 36-year-old accepted the sanction for a doping violation and waived his right to appear before an independent tribunal. The former world No. 55, currently ranked 431st in the ATP rankings, tested positive for hydrochlorothiazide, a diuretic, during a test conducted during the 2025 US Open qualifying rounds. Bagnis claimed that the substance was contained in a dietary supplement prescribed by his doctor. An explanation deemed plausible by Itia, which nonetheless applied the suspension stipulated in the regulations. The player had already self-suspended himself since last October and that period will be counted towards the disqualification. # Argentine # FacundoBagnis # USOpen # Bagnis https://www. iltempo.it/adnkronos/2026/07/1 3/news/doping-squalifica-di-un-anno-per-il-tennista-argentino-facundo-bagnis-48533656/"
argentine,Time for # indigenous # solar # Argentine choo-choo https://www. bbc.com/travel/article/2026071 0-ride-argentinas-first-solar-train-through-10000-years-of-indigenous-history
argentine,"Today: Belen Rodriguez torna a mostrare il figlio Santiago (che somiglia sempre di più a papà Stefano De Martino). Ma lui aveva chiesto privacy Aveva chiesto ai genitori di sparire dai social: Santiago, figlio della showgirl argentina Belen Rodriguez e del conduttore Stefano De Martino, aveva manifestato chiaramente il desiderio di non essere più pubblicato online. Nonostante la richiesta del 13enne, però, mamma Belen continua a... Belen Rodriguez is returning to show her son Santiago (who always looks more and more like dad Stefano De Martino). But he had requested privacy. He had asked his parents to disappear from social media: Santiago, the son of Argentine showgirl Belen Rodriguez and presenter Stefano De Martino, had clearly expressed his desire not to be published online anymore. However, despite the 13-year-old’s request, mom Belen continues to… # BelenRodriguez # Santiago # StefanoDeMartino # Argentine # Belen https://www. today.it/gossip/vip/belen-rodr iguez-figlio-santiago-privacy.html"
argentine,📽️ vidéo en ✊ Géopolitique du football : Argentine - Angleterre: -- HqJw6IOmFA4?version=3 #Géopolitique #Football #CoupeDuMonde2026 #Argentine Géopolitique du football : Arg...
argentine,📲 Sweating on the bench: Argentina star reveals his stress data How stressful it can sometimes be to sit on the bench and not be able to help the team was something Nico Paz experienced in the quarterfinal against Switzerland (3-1 after extra time). The Argentine ... https:// sports.yahoo.com/articles/swea ting-bench-argentina-star-reveals-071300228.html # TopNews # News # Argentina # Argentine # thisWorldCup
argentine,"Il Fatto Quotidiano: L’Argentina canta: “Per le Malvinas, per Diego e per Messi”. È polemica per il coro proibito, ma la Fifa non interviene L’Argentina fa festa negli spogliatoi dopo la vittoria ai supplementari contro la Svizzera. Tra l’euforia e gli abbracci parte il solito coro: “Por Malvinas, per el Diego, per la ultima de Leo Argentina quiero verte bicampeòn“. Per le Malvinas, per Diego (ovviamente Maradona) e per l’ultima di Messi, spero che l’Argentina diventi bi-campione. Tutto parte da “La quarta stella”, canzone diventata virale grazie al musicista e influencer Palmito. L’Argentina ha vinto tre Mondiali: dopo il titolo conquistato in Qatar, sogna il bis negli Stati Uniti. Ma il coro continua a provocare grandi polemiche. Le proteste non sono ovviamente né per il riferimento a Diego Armando Maradona né per la citazione di Leo Messi. Il problema è il riferimento diretto alle isole Falkland-Malvinas, contese per anni e teatro della guerra con l’Inghilterra nel 1982. Uno scontro sanguinoso, portato avanti dal regime militare, che ha segnato profondamente il popolo argentino e che ha avuto una coda velenosa anche nel pallone, con la famosa Mano de Dios e la vittoria dell’Argentina di Maradona contro l’Inghilterra ai Mondiali di Messico 1986. L’account della Seleccion ha pubblicato il video dei giocatori che cantano il coro – si vede anche l’interista Lautaro Martinez – sui propri canali social, proprio mentre si profila all’orizzonte la sfida in semifinale con l’Inghilterra. Inevitabili quindi le polemiche, soprattutto perché per ora la FIFA ha deciso di non prendere alcun provvedimento. La Federazione internazionale è sempre molto attenta a punire qualsiasi riferimento politico. Prima dei Mondiali, ad esempio, Haiti è stata costretta a rivedere la propria divisa perché conteneva un riferimento all’indipendenza. Anche il coro dell’Argentina dovrebbe rientrare tra le manifestazioni proibite. L'articolo L’Argentina canta: “Per le Malvinas, per Diego e per Messi”. È polemica per il coro proibito, ma la Fifa non interviene proviene da Il Fatto Quotidiano. Argentina sings: ""For the Malvinas, for Diego and for Messi."" It is controversial due to the banned chorus, but FIFA does not intervene. Argentina is celebrating in the locker rooms after the victory in extra time against Switzerland. Amidst the euphoria and hugs, the usual chorus begins: “For the Malvinas, for Diego, for the last one of Leo Argentina I want to see you a two-time champion.” For the Malvinas, for Diego (obviously Maradona) and for Messi’s last game, I hope that Argentina becomes bi-champion. It all starts with “La quarta stella” (The Fourth Star), a song that went viral thanks to musician and influencer Palmito. Argentina has won three World Cups: after winning the title in Qatar, it dreams of a repeat in the United States. But the chorus continues to provoke great controversy. The protests are obviously not for the reference to Diego Armando Maradona or the citation of Leo Messi. The problem is the direct reference to the Falkland-Malvinas Islands, disputed for years and the scene of the war with England in 1982. A bloody conflict, carried out by the military regime, that deeply marked the Argentine people and which had a venomous tail even in football, with the famous Hand of God and Argentina’s victory over England at the Mexico 1986 World Cup. The national team’s account published the video of the players singing the chorus – Interist Lautaro Martinez is also seen – on their social media channels, just as the semi-final challenge against England looms on the horizon. Inevitable therefore are the controversies, especially because so far the FIFA has decided not to take any action. The international federation is always very careful to punish any political reference. Before the World Cup, for example, Haiti was forced to revise its kit because it contained a reference to independence. The Argentine chorus should also be included among prohibited demonstrations. Article “Argentina sings: ‘For the Malvinas, for Diego and for Messi.’ Controversy over the banned chorus, but FIFA does not intervene” is from Il Fatto Quotidiano. # Argentina # Malvinas # Diego # Messi # Switzerland # LeoArgentina # Maradona # Laquarta # Palmito # WorldCups # Qatar # theUnitedStates # LeoMessi # England # Argentine # Mexico # WorldCup # theWorldCup # Haiti # IlFattoQuotidiano https://www. ilfattoquotidiano.it/2026/07/1 2/coro-malvinas-argentina-fifa-polemica-video/8446543/"
argentine,"⚡The # EU 🇪🇺 has determined that # Argentine 🇦🇷 soybeans pose no &quot;environmental risk,&quot; facilitating the expansion of biodiesel exports from # Argentina 🇦🇷. This regulatory shift provides a new framework for the country&#39;s biofuel industry as it seeks to increase its international market presence. [Clarín] We’ll update this as it develops"
argentine,"There&#39;s a beef about beef at the World Cup, as Argentina fans pour into Texas It&#39;s about who produces the best, most succulent steaks, and how to prepare the meat. Argentina and Texas are two of the top cattle-raising areas of the world, where steak is deeply ingrained in diet and culture. https://www. npr.org/2026/06/27/nx-s1-58733 28/beef-about-beef-world-cup # TopNews # News # Texas # Argentina # Argentine"
argentine,"There&#39;s a beef about beef at the World Cup, as Argentina fans pour into Texas Drop thousands of Argentina fans into Texas for the World Cup and the debate is inevitable. It’s not about who has the best team or players at the tournament. https:// apnews.com/article/world-cup-b eef-argentina-texas-a1987e3fba58164507382fcbf22c6566 # TopNews # News # Texas # Argentina # Argentine"
argentine,# BostonWeekend Sat MUSIC # CA7RIEL &amp; # PacoAmoroso down on Landsdowne Street https://www. youtube.com/watch?v=9kqnsoY94L8 https://www. livenation.com/event/vv1k7Z_61 fG7BlLD/ca7riel-paco-amoroso-free-spirits-world-tour # BostonMusic # boston # Argentine # argentina # boston
argentine,Un haut lieu du terrorisme d’État https:// fed.brid.gy/r/https://www.en-a ttendant-nadeau.fr/2026/06/23/anatomie-dun-haut-lieu-du-terrorisme-detat-en-argentine/
argentine,"Singer Oliver Tree’s body back in California after helicopter crash in Brazil “Oliver is now back in California where he can finally rest,” said a post on his social media accounts. Six people died when two helicopters collided June 14, authorities have said. https://www. nbcnews.com/news/us-news/singe r-oliver-trees-body-back-california-helicopter-crash-brazil-rcna351088 # TopNews # News # California # OliverTrees # Argentine"
argentine,TRIBUNE. Javier Milei : ce que le Medef choisit de célébrer https:// fed.brid.gy/r/https://regards. fr/tribune-javier-milei-ce-que-le-medef-choisit-de-celebrer/?utm_source=rss&amp;utm_medium=rss&amp;utm_campaign=tribune-javier-milei-ce-que-le-medef-choisit-de-celebrer
argentine,All tuned in! # algeria # argentine # worldcup # messi # الجزاير_الارجنتين
argentine,⚡ # Argentine 🇦🇷 President Javier Milei praised Judeo-Christian values at a Chabad memorial event for Rabbi Menachem Mendel Schneerson. He linked Judaism to capitalism while presenting # Argentina 🇦🇷 as a destination for those fleeing rising antisemitism. [Times of Israel] Follow for the latest updates
argentine,"🕸glané sur le net🕸 Argentine : « L'unité des gauches est nécessaire pour penser et agir sur la réalité dans sa globalité »: Depuis plus d'un mois circule en Argentine une lettre ouverte adressée aux partis du FIT-U, intitulée « La gauche face à un grand défi »,… #Argentine #Gauche #FITU #Hégémonie Argentine : « L'unité des gauc..."
argentine,"""Argentine football club inaugurates 120 kW solar system"" # Argentine # Argentina # Footballs # SolarPower # Energy # Renewables # Sports https://www. pv-magazine.com/2026/06/02/el- club-argentino-velez-sarsfield-inaugura-una-planta-solar-de-120-kwp-en-su-estadio-de-futbol-y-preve-cubrir-hasta-el-20-de-su-demanda-electrica/"
argentine,"Argentine : face à la hausse des féminicides,l’Église appelle à des mesures concrètes de protection des femmes https:// fed.brid.gy/r/https://tribunec hretienne.com/argentine-face-a-la-hausse-des-feminicides-leglise-appelle-a-des-mesures-concretes-de-protection-des-femmes/"
argentine,De « nouvelles femmes de droite » en Argentine&nbsp;? Entre antiféminisme libertarien et réappropriation du féminisme https:// fed.brid.gy/r/https://www.cont retemps.eu/de-nouvelles-femmes-de-droite-en-argentine-entre-antifeminisme-libertarien-et-reappropriation-du-feminisme/
argentine,"Today: Belen Rodriguez, come sta oggi? La ripresa dopo la crisi raccontata sui social. E spunta l'ipotesi Ballando Belen ce la sta mettendo tutta per ripartire. Dopo la grande paura di una settimana fa, quando la showgirl argentina è stata soccorsa in casa e trasportata in stato confusionale al Policlinico di Milano, in questi giorni sembra essersi rimessa, anche grazie alle cure e alle attenzioni di chi le è... Belen Rodriguez, how is she doing today? The recovery after the crisis told on social media. And the Ballando (dancing show) hypothesis emerges. Belen is giving it her all to get back on her feet. After the great fear from last week, when the Argentine showgirl was rescued at home and transported in a confused state to the Policlinico of Milan, she seems to have recovered in recent days, thanks also to the care and attention of those who... # BelenRodriguez # Ballando # Belen # Argentine # Policlinico # Milan https://www. today.it/gossip/vip/belen-rodr iguez-come-sta-oggi.html"
argentine,Adnkronos - ultimoratop: La 'rinascita' di Belen Rodriguez: il racconto sui social dopo il ricovero (Adnkronos) - La showgirl argentina era stata ricoverata al Policlinico di Milano lo scorso 25 maggio Belen Rodriguez's 'renaissance': the story on social media after her hospitalization (Adnkronos) - The Argentine showgirl had been hospitalized at the Policlinico of Milan last May 25th. # BelenRodriguezs # Argentine # Policlinico # Milan https://www. adnkronos.com/spettacoli/belen -malore-come-sta-milano_7lyLmt84bmYCYqk7PZODAs
argentine,"Today: La 'cura' di Belen sono i figli, la foto dolcissima di Luna Marì e la merenda insieme al bar Belen Rodriguez la sera del 29 maggio è tornata sui social dopo alcuni giorni di silenzio seguiti al ricovero in ospedale che aveva destato forte preoccupazione tra fan e colleghi. La conduttrice argentina aveva condiviso una storia Instagram in cui appariva distesa nel letto di casa, con... Belen’s “cure” are her children, the sweetest photo of Luna Marì, and having a snack together at the bar. On May 29th, Belen Rodriguez returned to social media after several days of silence following her hospitalization, which had caused great concern among fans and colleagues. The Argentine presenter had shared an Instagram story in which she appeared lying in her bed at home, with… # Belen # LunaMarì # BelenRodriguez # Argentine # Instagram https://www. today.it/gossip/vip/belen-come -sta-figlia.html"
argentine,"Agi: David Beckham avrà una stella sulla Walk of Fame prima dei Mondiali USA AGI - La superstar del calcio David Beckham riceverà una stella sulla Hollywood Walk of Fame, in vista dei Mondiali di calcio che si terranno negli Stati Uniti. La leggenda del cinema Tom Cruise e la moglie del giocatore, Victoria Beckham, ex pop star e ora stilista, saranno presenti alla cerimonia del 12 giugno per svelare la targa che immortalerà il centrocampista britannico sulla via più famosa di Hollywood. La cerimonia per l'ex capitano dell'Inghilterra, 51 anni, si svolgerà poche ore prima della prima partita in terra statunitense dei Mondiali di quest'anno, organizzati congiuntamente da Messico, Canada e Stati Uniti. ""Il riconoscimento a David Beckham con una stella sulla Hollywood Walk of Fame nella categoria Sport e Spettacolo arriva in un momento opportuno, mentre gli Stati Uniti si preparano a ospitare i Mondiali di calcio FIFA"", ha dichiarato Ana Martinez della Camera di Commercio di Hollywood. ""Il ruolo di Beckham nell'elevare la popolarità del calcio in America e la sua duratura influenza sullo sport, l'intrattenimento e la cultura globale rendono questo onore particolarmente significativo"", ha aggiunto. Durante la sua carriera da calciatore, Beckham ha militato nel Manchester United, nel Real Madrid, nel Milan, nei LA Galaxy e nel Paris Saint-Germain, dove ha appeso gli scarpini al chiodo nel 2013. Più recentemente, è diventato comproprietario della squadra americana Inter Miami CF, che ha ingaggiato la superstar argentina Lionel Messi e ha vinto la Major League Soccer Cup lo scorso anno. Beckham, che lo scorso anno è stato insignito del titolo di cavaliere dal re Carlo III di Gran Bretagna, si è anche avventurato nel mondo dello spettacolo, co-fondando la società di produzione di contenuti Studio 99 nel 2019. David Beckham will have a star on the Walk of Fame before the USA World Cup. AGI - Soccer superstar David Beckham will receive a star on the Hollywood Walk of Fame, ahead of the World Cup being held in the United States. Movie legend Tom Cruise and the player’s wife, Victoria Beckham, a former pop star and now fashion designer, will be present at the June 12th ceremony to unveil the plaque that will immortalize the British midfielder on Hollywood’s most famous street. The ceremony for the former captain of England, 51 years old, will take place just hours before the first match on American soil of this year’s World Cup, jointly organized by Mexico, Canada and the United States. “The recognition of David Beckham with a star on the Hollywood Walk of Fame in the category of Sports and Spectacle comes at an opportune moment, as the United States prepares to host the FIFA World Cup,” said Ana Martinez of the Hollywood Chamber of Commerce. “Beckham’s role in raising the popularity of soccer in America and his lasting influence on the sport, entertainment, and global culture make this honor particularly significant.” During his career as a soccer player, Beckham played for Manchester United, Real Madrid, Milan, LA Galaxy and Paris Saint-Germain, where he hung up his boots in 2013. More recently, he has become co-owner of the American team Inter Miami CF, which has signed superstar Argentine Lionel Messi and won the Major League Soccer Cup last year. Beckham, who was knighted by King Charles III of Britain last year, has also ventured into the entertainment world, co-founding the content production company Studio 99 in 2019. # DavidBeckham # theWalkofFame # theUSAWorldCup # theWorldCup # theUnitedStates # TomCruise # VictoriaBeckham # British # Hollywood # England # first # American # WorldCup # Mexico # Canada # theFIFAWorldCup # AnaMartinez # Beckham # America # ManchesterUnited # RealMadrid # Milan # LAGalaxy # ParisSaint -Germain # InterMiamiCF # Argentine # LionelMessi # CharlesIII # Britain https://www. agi.it/sport/news/2026-06-03/m ondiali-usa-beckham-wall-of-fame-37353963/"
argentine,🌌✨ Un mystérieux # OVNI triangulaire a été observé dans la vallée de Cuña Piru en Argentine ! Quelles énigmes se cachent derrière ce phénomène ? 🤔🔭 Partagez vos théories ! # UFO # Argentine # Mystère https:// activite-paranormale.net/photo /read/3112/un-mysterieux-ovni-triangulaire-observe-dans-la-vallee-de-cuna-piru-en-argentine
argentine,"“The # chess tournament this month in the Buenos Aires neighborhood of Almagro was a more upbeat affair. Mr. # Thiel , who was the *highest-rated player* in the competition, posed for photos while wearing his third-place medal and stayed to play chess with a child, said Rafael Jabie, a therapist, who finished second. Mr. # Milei and his supporters have been quick to embrace the billionaire as one of their own. “He is already more # Argentine ” than left-wingers, Juan Pablo Carreira, who runs the Argentine presidency’s digital communications” &lt; https://www. nytimes.com/2026/05/28/world/a mericas/peter-thiel-argentina.html &gt;"
argentine,"Adnkronos - ultimoratop: Roland Garros, oggi Berrettini-Comesana: orario, precedenti e dove vederla (Adnkronos) - L'azzurro affronta l'argentino a Parigi Roland Garros, today Berrettini-Comesaña: schedule, previous matches and how to watch it. (Adnkronos) - The blue (team) faces the Argentine (player) in Paris. # RolandGarros # Berrettini -Comesaña # Argentine # Paris https://www. adnkronos.com/sport/roland-gar ros-oggi-berrettini-comesana-orario-precedenti-dove-vederla-tv-streaming_6pYHrAxvMk32iE4ZhzTAKV"
argentine,"Today: Belen in crisi, parla Andrea Iannone: ""Sta molto bene"". Le parole rassicuranti per spegnere il clamore mediatico Anche Andrea Iannone prova a spegnere i riflettori e l’attenzione mediatica sulla crisi di Belen Rodriguez con parole rassicuranti sullo stato di salute della showgirl argentina. Il pilota, che è stato il compagno della conduttrice per ben due anni, ha speso parole rassicuranti sulla ex in questi... Belen is in crisis, Andrea Iannone says: ""She's very well."" Words of reassurance to quell the media uproar. Even Andrea Iannone is trying to turn off the spotlights and media attention on Belen Rodriguez’s crisis with reassuring words about the Argentine showgirl’s health. The pilot, who was the presenter’s partner for a good two years, has spoken reassuring words to his ex about this… # Belen # AndreaIannone # BelenRodriguez ’s # Argentine https://www. today.it/gossip/vip/belen-cris i-parla-andrea-iannone.html"
argentine,"Today: Sinner e l'ennesimo malore ""misterioso"": il caldo non c'entra, l'ipotesi ""cascata fisiologica"" Il gigante che crolla, a un passo dalla vittoria. Un malore, l'ennesimo, che accende nuovamente la preoccupazione per le condizioni di Jannik Sinner. Il tennista altoatesino è stato costretto ad abbandonare il Roland Garros al secondo turno, dopo un match dominato contro l'argentino Juan Manuel... Sinner and yet another “mysterious” injury: the heat has nothing to do with it, the “physiological cascade” hypothesis. The giant falling, just a step away from victory. A sudden illness, the latest one, which reignites concern about Jannik Sinner’s condition. The Austrian-Italian tennis player was forced to withdraw from the Roland Garros tournament in the second round, after a match dominated against the Argentine Juan Manuel… # JannikSinner ’s # Austrian # RolandGarros # second # Argentine https://www. today.it/sport/tennis/sinner-m alore-cascata-fisiologica.html"
