id,tag,idioma_api,texto
117113901800307801,argentina,fr,# pochade @ san ignacio missiones # gouache # painting # argentina # berlin # toulouse # ipn
117113457697236563,argentina,en,Tech Magnate Peter Thiel Consolidates his Presence in Argentina https:// fed.brid.gy/r/https://www.tele surenglish.net/tech-magnate-peter-thiel-consolidates-his-presence-in-argentina/
117111747979643831,argentina,en,"Pook-Emu Bee: Links For 08-17-26 Pook-Emu Bee was off Saturday for the newsletter and off Sunday because I had work to finish, but we return on this fun Monday for our regularly scheduled links from around the web. Links & Commentary 1 | Teenage tourist stabbed in ‘unprovoked’ attack inside McDonald’s near Times Square: sources (Joe Marino, Amanda Woods, and Jorge Fitz-Gibbon. August 17, 2026.) Note for tourists: Being anywhere near Times Square at 2:00 AM is a poor life choice. I would add that being anywhere Times […] https:// social.emucafe.org/naferrell/p ook-emu-bee-links-for-08-17-26/"
117111542941557962,argentina,en,Argentina Shirts & Gifts https:// culturallycool.com/argentina-g ifts # argentina # cultures
117111157459980459,argentina,en,"⚡ # Argentina 🇦🇷 commemorates the death of General José de San Martín, a central figure in the independence movements of # Argentina 🇦🇷, # Chile 🇨🇱, and # Peru 🇵🇪. The date honors his 22 years of service in the # Spanish 🇪🇸 Army and his subsequent return to lead the struggle for independence across South # America 🇺🇸. [Clarín] Keep an eye out as this develops"
117108735663208882,argentina,en,"CF Signals: Morgana Parel – Línea límite (Pulso Remix) [Visceral Abyssus] Visceral Abyssus approaches sound as a universal language composed of pulses and frequencies designed to strike the body directly. The platform pays homage to the visceral through rhythms crafted to trigger movement, introspection, or trance; a vision where music is not rationalized, but felt, released, and cast into the abyss to explore the unknown with absolute authenticity. https://clubfuries.com.mx/2026/07/26/cfs-morgana-parel-estimulo-aa009/ Under this ethos comes Melancolía del ángel , the latest production by Morgana Parel . The album unfolds a sonic palette navigating between club functionality and a mental journey, driven by bright basslines and minimalist structures tailored to induce deep trance states on the floor. The release is rounded out by four remixes from Dj Surgeles , Pulso , Lakej , and VYN•1 —raw, evocative interpretations that expand the sonic universe of the original work. Available on all platforms starting August 24, Melancolía del ángel stands as a concise, direct, and authentic manifesto; an invitation to lose oneself in melancholy as a vessel for self-discovery through sensation. https://soundcloud.com/clubfuriess/cfs-morgana-parel-linea-limite-pulso-visceral-abyssus The original mix of “Línea límite” plays on the edges of sonic boundaries—a threshold in itself—utilizing sounds hovering on the brink of effervescence that remain latent, subtly agile, yet packed with immense in nuce power. Pulso ‘s remix thickens that energy, solidifying the volcanic lava that never fully erupts but constantly simmers beneath, wrapped in a coated agility that pushes the mind into delirium. Overall, the album builds a volcanic density that constructs intricate, heavy stone labyrinths capable of shaking the ground, accompanied by a selection of remixes that prove equally spectacular. Artist: Morgana Parel Title: Melancolía del ángel Remixes: Dj Surgeles, Pulso, Lakej, VYN•1 Label: Visceral Abyssus Catalogue: VSCRAB002 Release Date: August 24, 2026 Support & Buy: Bandcamp Tracklist 1. Pensamientos intrusivos 2. Línea límite 3. Batalla individual 4. Acción opuesta 5. Dj Surgeles – Pensamientos intrusivos (Dj Surgeles remix) 6. Pulso – Línea límite (Pulso remix) 7. Lakej – Batalla individual (Lakej remix) 8. VYN•1 – Acción opuesta (VYN•1 remix) Morgana Parel SoundCloud | Instagram | Beatport | Facebook | Linktree Pulso SoundCloud | Instagram | Bandcamp Visceral Abyssus SoundCloud | Instagram | Bandcamp | Linktree Club Furies Website | SoundCloud | Instagram | Threads | TikTok | Facebook | Bandcamp | Linktree #Argentina #BuenosAires #CFPremiere #clubFuries #ClubFuriesPremiere #DarkTechno #Electrónica #Electronic #Electronica #HeavyTechno #Lima #Minimal #MorganaParel #Peru #Premiere #premiereCF #PremiereClubFuries #Pulso #techno #Trance #VisceralAbyssus"
117107574422999036,argentina,en,Alvarez has refused to join Arsenal. Atletico! Just drop your f***king EGO and let him join Barcelona! # thedarkknaik # julianalvarez # AtleticoMadrid # FCBarcelona # argentina # arsenal https://www. goal.com/en/news/new-blow-for- atletico-alvarez-drops-a-bombshell/blt6fb573a484764596
117107314637993623,argentina,en,"📍 105 km W of San Antonio de los Cobres, Argentina 🕐 Sun 16 Aug 2026 21:06 UTC 🌍 M4.5 Earthquake 🟢 Light 📊 Magnitude: 4.5 📏 Depth: 164.6 km — Intermediate depth 🗺️ -24.3051, -67.3517 🔗 https:// earthquake.usgs.gov/earthquake s/eventpage/usd0015ea6 # Earthquake # Seismic # EarthAlerts # DisasterAlert # BreakingNews # Environment # Nature # Science # OffGrid # SanAntonioDeLosCobres # Argentina"
117107314081643295,argentina,en,"New # earthquake detected: M 4.5 - 105 km W of San Antonio de los Cobres, # Argentina 2026/08/16, 21:06:07 UTC GPS: -24.3051, -67.3517 Depth: 164.602 km 🔗 https:// earthquake.usgs.gov/earthquake s/eventpage/usd0015ea6"
117107297300334107,argentina,en,"Mb 4.50 earthquake (reviewed) occurred at 2026-08-16T21:06:07 UTC, 100 km W of San Antonio de los Cobres, Argentina # quake # earthquake # sanantoniodeloscobres # argentina https:// earthquake.usgs.gov/earthquake s/eventpage/usd0015ea6"
117106520325907745,argentina,en,"In the United States, beef is again recalled.... that was imported from Argentina. It is strange that a nation that is well-capable of producing all its own food, imports so much from other nations. # beef # recall # Argentina"
117106077034954921,argentina,es,"Red Hot Chili Peppers Im concert (HD) Buenos Aires, Argentina, River Plate Stadium (2023) #MusicSky #RedHotChiliPepers #ConcertSky #Argentina #BuenosAires youtu.be/d_HiP0i7dyk?... Red Hot Chili Peppers - Buenos..."
117106063256400274,argentina,en,Aviation weather for Brigadier Mayor D Cesar Raul Ojeda airport in San Luis area (Argentina) is “METAR SAOU 161600Z VRB04KT 9999 FEW025 15/06 Q1014” : See what it means on https://www. bigorre.org/aero/meteo/saou/en # brigadiermayordcesarraulojedaairport # airport # sanluis # argentina # saou # luq # metar # aviation # aviationweather # avgeek vl
117104399088678618,argentina,en,Argentina’s big cats begin relocation to sanctuaries abroad http:// newsfeed.facilit8.network/TV2M tK # Argentina # BigCats # AnimalWelfare # WildlifeConservation # ZooLujan
117104242860064523,argentina,en,Trenes Argentinos Cargas train on La Picasa causeway. Photo credit: Argentina.gob.ar/CC BY 4.0. https:// commons.wikimedia.org/wiki/Fil e:Tren_de_cargas_en_pedraplen_la_picasa.jpg # RailwaySunday # Argentina # SouthAmerica # trains # railway # freight # photo
117104188730139804,argentina,en,"Getting Lost, Happily, in Argentina https:// gallivanting-rainbows.com/read /2026-08-16/getting-lost-happily-in-argentina # Argentina # SoloTravel # LGBTQTravel # BuenosAires # Patagonia"
117103862101342725,argentina,en,The elegance of Europe and the passion of South America collide perfectly in Buenos Aires. # buenosaires # argentina # southamerica # wanderlust # travel
117102567972403199,argentina,en,₹22.68 crore GST claim: SIT probe into Messi-Argentina Kerala visit https:// english.mathrubhumi.com/news/k erala/argentina-team-kerala-visit-gst-probe-sit-bgcl12my?utm_source=dlvr.it&utm_medium=mastodon # LionelMessi # Argentina # ArgentinaFootballTeam # Kerala # MessiKerala
117100882760398422,argentina,,A pair of grotesques laughing their ass off after the guy below dropped his keys. For the nth time. #Argentina • #Architecture • #BlackAndWhite • #Cathedral
117100145017001032,argentina,ru,"Ferran Torres Signs with PSG After Scoring 2026 World Cup Winner Paris Saint-Germain has officially announced the signing of Barcelona forward Ferran Torres. The striker, who scored the decisive goal in the 2026 World Cup final, has committed to the club until 2031 and will wear the number 9 jersey. Born in Foios, Spain, on Fe... # Argentina # Barcelona # EuropeanChampionship # Germany # ManchesterCity https:// sportbursts.com/soccer/ferran- torres-signs-with-psg-after-scoring-2026-world-cup-winner/?utm_source=mastodon&utm_medium=jetpack_social"
117099482802299574,argentina,es,LINK: https:// hamfuggirecords.bandcamp.com/a lbum/beyond-parameters ¡HOLA A TODXS! ¡NUEVO LANZAMIENTO DE HAMFUGGI RECORDS! LXS ARTISTAS: TELFORD! & TRoneitor EL TRABAJO: Beyond Parameters HELLO EVERYONE! NEW RELEASE FROM HAMFUGGI RECORDS! THE ARTISTS: TELFORD! & TRoneitor THE WORK: Beyond Parameters # troneitor # telford # bandcamp # experimentalmusic # spacerock # improvisedmusic # musicaexperimental # musicaimprovisada # argentina # españa # japon # usa # hamfuggirecords
117098491936351467,argentina,,Painting Acanthus Leaves with Gustavo Ferrari https:// video.bl.ag/w/5nuDHSGH5zExznPU ryySpj
117098201215711491,argentina,en,"The Iraq ~~oil-grab~~ war? Because of this. The threats and destruction and kidnapping of the leader of Venezuela? And the resulting theft of their oil? Because of this. The war in Iran? Partly because the idiot was talked into it by an ""ally"", but the US has been threatening Iran for decades because of the threat of oil sales outside the petrodollar system. The only people that can get away with using another currency for oil are those with nuclear weapons capable of hitting the USA. So China's been dipping its toe into using renminbi in oil purchases. Russia is doing its own thing on the black market. Want to know why the USA is so determined none of the countries in the middle east get nuclear weapons? Because that's where the oil is. This is also why the USA - at least the Republicans and billionaires and oil companies and the rest of the usual suspects - fight so hard against all other energy sources - renewables especially. If demand for oil decreases, demand for US dollars decreases, and at some point that demand is no longer enough to keep the US currency from collapsing. When that happens, the effect on the USA will be quick and severe, an economic collapse the likes of which the USA has never seen before. It'll be ugly. 3/3 # BrettonWoods # hyperinflation # Zimbabwe # Hungary # Argentina # energy"
117096475486443378,argentina,en,"⚡The bicameral commission on intelligence oversight in # Argentina 🇦🇷 has summoned the head of the State Intelligence Secretariat (SIDE), Christian Auguadra, to testify on August 25 regarding the National Intelligence Plan. The hearing follows ongoing internal tensions between Karina Milei and Santiago Caputo, with opposition members expressing concern that the intelligence program is being used to conduct ""espionage on leaders, economists and journalists."" [Clarín] Return for further information"
117096313247232247,argentina,en,"Evening, fuckers. The day is lost but my guts have almost stopped cramping. Apologies to anyone who was left expecting a reply from me: couldn't concentrate worth shit. Being unable to caffeinate properly didn't help: working on that right now. I used to live in a country which slowly got better for my people: same-sex marriage , gender identity recognition , legal abortion . We get LGBTetc migrants from all over Latin America. People got used to folks like me existing, even doctors and cops. But about one third of the voting population here hate us and elected (with the help of assholes angry about the economy) a neofascist who, for instance, signed this piece of shit in what only can be a preparatory move to restrict abortion again. If he manages to do that we're next so whatever you've ever heard from me or anyone else about # Argentina being a good place to live for anyone who is not a fascist, forget it. Some more context (in Spanish) about Javier Milei back when he spread hate against us at Davos last year; and my post earlier today about this same shit, in Spanish too: different tone and context, as usual. I'll try to eat something, if the nausea caused by all this doesn't prevent it entirely."
117094322222257719,argentina,en,"Companies from # China control nearly two-thirds of # Argentina ’s own # squid fleet, according to new # IUU exposé Looked at all 84 vessels with cephalopod permits in Argentina’s EEZ. Analysis of # fishing permits, corporate ownership, customs regulations, and vessel tracking, found Chinese capital – even that linked to illegal, unreported, and unregulated activity – has progressively entered sector over 2 decades through acquisitions, local subsidiaries, and vessel reflagging https://www. seafoodsource.com/news/environ ment-sustainability/chinese-companies-control-nearly-two-thirds-of-argentina-s-own-squid-fleet-according-to-new-iuu-expos"
117093886701644331,argentina,fr,The relentless advance of stupidity (FULL-ALBUM) by Sebastian Volco https:// sebastianvolco.bandcamp.com/al bum/the-relentless-advance-of-stupidity-full-album # music # musique # musica # musik # bandcamp # fedimusic # electronicmusic # experimentalmusic # synthetizer # progrock # jazz # tango # argentina # indiemusic # support # spreadtheword
117092179723416311,argentina,ru,"Chelsea Sets Friday Deadline for Manchester City’s Enzo Fernandez Bid Chelsea has set a Friday evening deadline for Manchester City to finally submit their bid for midfielder Enzo Fernandez. The Argentine international is among the candidates City are considering as a replacement for Rodri, who is reportedly on the verge of a move to Barcelon... # Argentina # Barcelona # Chelsea # ManchesterCity https:// sportbursts.com/soccer/chelsea -sets-friday-deadline-for-manchester-citys-enzo-fernandez-bid/?utm_source=mastodon&utm_medium=jetpack_social"
117091467737383548,argentina,en,"Tierra Santa (theme park) — Buenos Aires, Argentina 📍 📷 Roberto Ettore · CC BY 3.0 # Argentina https:// show.pictures/world/argentina/ buenos-aires/tierra-santa-theme-park/"
117089372751793068,argentina,es,"Lionel Messi Says He May Not Play Much Longer After Father’s Death Argentine soccer star Lionel Messi said Wednesday that he has “a lot of doubts” about whether he will continue playing football “for much longer,” in an emotional farewell letter to his father and agent, Jorge Messi, who died Friday at the age of 68. In his first public reaction since his father’s death, the 39-year-old […] The post Lionel Messi Says He May Not Play Much Longer After Father’s Death appeared first on The Tico Times | Costa Rica News | Travel | Real Estate. # Argentina # News # OtherSports # Soccer # Sport # Sports # Sports https:// ticotimes.net/2026/08/12/lione l-messi-father-death-football-future"
117088565612201461,argentina,en,"Latest from our @stephenmbland.bsky.social@bsky.brid.gy Kyrgyz cinema has reached Argentina, with Kurmanjan Datka: Queen of the Mountains launching a new Central Asia cultural series in Buenos Aires https://ow.ly/3vZS50Zzn1Q #Cinema #BuenosAires #KyrgyzCinema #KurmanjanDatka #FilmFestival #WorldCinema #Argentina Kyrgyz Film Opens Central Asia..."
117088192939506785,argentina,en,An elderly lady of the indigenous Humahuaca community in Jujuy cries as the Israeli/US puppet regime in Argentina evicts her from her home and land. Milei's Inviolability of Private Property law could see as much as 25% of indigenous land sold to foreign multinationals for wealth and resource extraction. Large-scale protests against the law continue across the country. # Argentina # FuckTheFash # ClassWar # LandBack
117088055513140421,argentina,en,"Kyrgyz cinema has reached Argentina, with Kurmanjan Datka: Queen of the Mountains launching a new Central Asia cultural series in Buenos Aires https:// timesca.com/kyrgyz-film-opens- central-asian-cultural-series-in-argentina/ # Cinema # CulturalExchange # BuenosAires # KyrgyzCinema # KurmanjanDatka # FilmFestival # AsianCinema # WorldCinema # Argentina"
117087564433766765,argentina,en,César Pelli's final building opens in Jujuy: a striking sculpture museum at the foot of the Andes https://www. elledecor.com/life-culture/tra vel/a73407005/cesar-pelli-argentina-museum-lola-mora/ Jujuy’s Lola Mora Cultural Center is the final building designed by late architect César Pelli. # lifestyle # architecture # argentina
117087427757460178,argentina,en,Venezuela Signs Deal with Argentine Energy Company to Boost National Grid https:// fed.brid.gy/r/https://www.tele surenglish.net/venezuela-deal-argentina-boost-grid/
117087334556051654,argentina,en,Jujuy’s Lola Mora Cultural Center is the final building designed by late architect César Pelli. # lifestyle # architecture # argentina https://www. elledecor.com/life-culture/tra vel/a73407005/cesar-pelli-argentina-museum-lola-mora/?utm_source=flipboard&utm_medium=activitypub Posted into FLIPBOARD EXCHANGE FEED 🗞️ @ flipboard-exchange-feed-Econopass
117086701059268161,argentina,ru,"Infantino Supports Expanding 2030 World Cup to 64 Teams FIFA President Gianni Infantino has not abandoned the proposal to expand the World Cup to 64 teams, according to The Times. He has informed the South American Football Confederation (CONMEBOL) that he supports their idea of increasing the number of participants in the tournament. CONMEBOL has s... # Argentina # FIFA # Morocco # Paraguay # Portugal https:// sportbursts.com/soccer/infanti no-supports-expanding-2030-world-cup-to-64-teams/?utm_source=mastodon&utm_medium=jetpack_social"
117086116523225861,argentina,ja,https://www. wacoca.com/news/2906584/ Three-year-old Salvador was mauled by a pit bull in Argentina. # Argentina # アルゼンチン
117085680755306330,argentina,en,"My ISP is doing the most bizarre website failure pattern I've ever seen. I have to route through a VPN to connect to some .gob.ar servers but not others; to the Royal Spanish Academy; to imginn.com (but not Instagram, obviously); to many old-style forums; to Library Genesis but not Anna's Archive; to the CHM (not bitsavers or the Internet Archive); to some US universities; to one repo for Greasemonkey scripts but not the other; and so on. Nothing really popular is missing, of course: it would be national news. Or I'd be hearing the fire truck sirens directly. The masses won't be denied their opium. # Argentina # Tuenti"
117084963667280116,argentina,en,"Vaca Muerta case ""In light of its significant reserves of oil and natural gas, oil companies performed extensive extraction activity in Vaca Muerta, particularly through fracking. This has extensively affected the ecosystem and local communities, with a focus on the indigenous community Mapuche. As a result, Vaca Muerta became a sacrifice zone which can be defined as an area “where residents suffer the devastating environmental health consequences of living downwind and downstream from major pollution hotspots–large industrial complexes of extraction, refining, energy generation, and petrochemical production” # VacaMuerta # Argentina # Mapuche # indigenous # oil # gas https://www. rightsofnaturetribunal.org/cas es/vaca-muerta-case/?lang=pt-br"
117084949937169516,argentina,en,"Lionel Messi: The Argentine's most iconic moments as he ponders retirement As Lionel Messi considers his footballing future following the death of his father, BBC Sport looks back at some of his most iconic moments. https://www. bbc.com/sport/football/article s/c74x9zd83vlo # TopNews # News # Messi # Barcelona # Argentina"
117084947040956876,argentina,en,"# Argentina : Mapuche Community in Vaca Muerta Demands the Restoration of Their Ancestral Rights The Mapuche communities of Neuquén denounced the violation of their ancestral rights and the environmental damage caused by fracking in Vaca Muerta, demanding that the provincial government grant them legal status and recognize their lands. # Indigenous # Mapuche # VacaMuerta # fracking # environment # LandBack # HumanRights https://www. telesurtv.net/argentina-comuni dad-mapuche-vaca-muerta-restitucion-derechos-ancestrales/"
117084545133175725,argentina,en,"Lionel Messi Contemplates Sudden Retirement in Heartfelt Tribute to Late Father Messi cast the 2026 World Cup in a new, haunting light in a revealing open letter. https://www. si.com/soccer/lionel-messi-con templates-sudden-retirement-heartfelt-tribute-late-father # TopNews # News # Messi # Argentina # WorldCup"
117084443362177115,argentina,en,"⚡The ruling La Libertad Avanza party in # Argentina 🇦🇷 advanced a project to modify the Organic Charter of the Central Bank without the participation of the Peronist opposition. The ruling party invited economists with significant media profiles to testify, while the Unión por la Patria coalition withdrew from the session, describing the proceedings as a ""Damn streaming."" [Clarín] Follow for confirmed updates"
117084179695899685,argentina,en,Lionel Messi not sure he will play football for 'much longer' after father's death Lionel Messi says he is unsure how much longer he will continue playing football in an emotional tribute after his father's death. https://www. bbc.com/sport/football/article s/c78gqj2dqyno # TopNews # News # Messi # Argentina # Jorge
117083858572421433,argentina,en,"Argentina’s Messi not certain to play ‘much longer’ after father’s death Former Barcelona and PSG star Lionel Messi, who won the 2022 World Cup, hints at retirement from football. https://www. aljazeera.com/sports/2026/8/12 /argentina-star-messi-not-certain-to-play-much-longer-after-fathers-death # TopNews # News # Messi # Argentina # theWorldCup"
117083587743211334,argentina,en,Lionel Messi has ‘quite a few doubts’ about football future after death of his father Lionel Messi said on Wednesday that he is having doubts about continuing his career following the death of his father last week https://www. theguardian.com/football/2026/ aug/12/lionel-messi-doubts-football-future-death-of-his-father-jorge # TopNews # News # Messi # WorldCup # Argentina
117083005944150534,argentina,en,Lionel Messi has ‘quite a few doubts’ about football future after death of his father https://www. theguardian.com/football/2026/ aug/12/lionel-messi-doubts-football-future-death-of-his-father-jorge # LionelMessi # Argentina # InterMiami # UsSports # Football # Sport
117082682451168839,argentina,en,"New museum in Argentina honours Lola Mora, a pioneering female sculptor https://www. theartnewspaper.com/2026/08/12 /lola-mora-argentine-sculptor-museum-opens?utm_source=dlvr.it&utm_medium=mastodon # MuseumsHeritage # Argentina"
117082471644043215,argentina,en,"🚨 WARNELY SAFETY ALERT Paraje 29, Argentina · Natural disaster M6.0 earthquake — South Sandwich Islands region A magnitude 6.0 earthquake struck South Sandwich Islands region. Follow local authority guidance. https://www. warnely.com/news/m6-0-earthqua ke-south-sandwich-islands-region-afe54ab8-569b-4477-8250-1cc9131d384c?utm_source=mastodon&utm_medium=social&utm_campaign=incident # WarnelyAlert # Argentina"
117081835634389261,argentina,en,Pinarayi Vijayan says there was no irregularity in the LDF government’s efforts to bring Lionel Messi and the Argentina football team to Kerala https:// english.mathrubhumi.com/news/k erala/pinarayi-vijayan-messi-kerala-visit-probe-qf1618c9?utm_source=dlvr.it&utm_medium=mastodon # PinarayiVijayan # LionelMessi # Messi # Argentina # Kerala
117081671258213590,argentina,en,"Mariano Idelman ( # Hebrew : מריאנו אידלמן; born 27 June 1974, # Argentina ) is an Argentinian-born Israeli actor and # comedian . He is well known for acting in the popular TV show # EretzNehederet ."
117081289414869664,argentina,en,Argentina Ends Free Public Healthcare and Expels Foreigners Over Hate Speech https:// fed.brid.gy/r/https://www.tele surenglish.net/argentina-ends-free-healthcare-foreign/
117080614900667912,argentina,en,"San Ignacio Miní — San Ignacio, Argentina 📍 📷 Leandro Kibisz · CC BY-SA 3.0 # Argentina https:// show.pictures/world/argentina/ san-ignacio/san-ignacio-min/"
117080599211568312,argentina,en,"In Defense of the Land, Your Memory Burns!!! Brujo Presente Last Monday, August 3rd, at 6:40 AM, we decided to block the train line connecting the capital (Buenos Aires) and the city of La Plata in the territory dominated by the Zionist state of Argentina. This action takes place within the framework of commemorating the memory of our anarchist comrade Santiago Maldonado, “El Lechu,” nine years after his murder at the hands of the National Gendarmerie in the Mapuche community of Cushamen. Every August serves as a call to both reflect and act, not only through remembrance, but also through anarchist struggle, solidarity, and mutual support. Every August we try to remember him through action, not as a martyr, but because Santiago was one of us and because his murder resonated within the anarchist movement. We despise the way the state, the press, and the left have manipulated his identity, and because every day that passes in this sinister, technologized society reminds us of what truly matters: the defense of nature and the struggle for total liberation. In that spirit, we decided to block the road at the El Gato stream, where they plan to build the new City Bell highway exit, devastating wetlands along the way to facilitate the movement of people and goods, further destroying what little wildlife remains in large cities. Death to industrial society and its defenders! Freedom for Milton and Aeneas and all prisoners! Long live anarchy! Sent to: La Zarzamora https:// abolitionmedia.noblogs.org/?p= 36037 #anarchist #argentina #barricades #DirectAction #SantiagoMaldonado #southAmerica"
117079763334813497,argentina,en,Things are going great in TrumpLand. Remember when he cut a deal with that Milei wack-job after bailing him out to the tune of $2B? Yeah… # Trump # Argentina https://aus.social/@DenisCOVIDinfoguy/117079741331679160
117077961610505051,argentina,ru,"Bayer Leverkusen Signs World Cup Runner-Up Facundo Medina Bayer Leverkusen has strengthened its defensive line ahead of the 2026/27 season by signing Facundo Medina. The 27-year-old Argentine defender has joined the Bundesliga club from Olympique, committing to a contract that runs until 2031. Although the transfer fee remains undisclosed by both clubs, sources from Fussbal... # Argentina # WorldCup https:// sportbursts.com/soccer/bayer-l everkusen-signs-world-cup-runner-up-facundo-medina/?utm_source=mastodon&utm_medium=jetpack_social"
117077901617038992,argentina,en,Goya-Nominated Zoe Bonafonte Leads Spain-Argentina Soccer Pioneer Drama ‘Veleta’ (EXCLUSIVE) # Variety # MarketsFestivals # News # AmayaMuruzábal # Argentina # RTVA # Soccer # Spain # Veleta https:// variety.com/2026/film/markets- festivals/zoe-bonafonte-veleta-spain-argentina-soccer-drama-1236831557/
117077369179134065,argentina,en,"Global uprising against neo-imperialism: Argentina edition Protesters filled the Plaza de Congreso in Buenos Aires last week, demanding changes to the Inviability of Private Property Act, which would have seen caps on foreign ownership of land raised to 25%. The government caved on Thursday. # Argentina # EndNeoImperialism # ClassWar"
117077326738197901,argentina,en,Argentina-Kerala match mystery: Why Messi and his team never arrived https:// english.mathrubhumi.com/sports /why-argentinas-kerala-visit-collapsed-despite-rs-120-crore-plus-payment-eat37h4h?utm_source=dlvr.it&utm_medium=mastodon # Argentina # LionelMessi # Messi # Kerala # ArgentinaKerala
117076203122485072,argentina,ru,"Messi Suspends Inter Miami Duties Following Father’s Passing Following the passing of his father, Lionel Messi has decided not to return to the United States for the time being and has temporarily stepped away from all commitments with Inter Miami. Immediately after receiving the tragic news, the 2022 World Cup champion halted his activities in America an... # Argentina # LionelMessi # WorldCup https:// sportbursts.com/soccer/messi-s uspends-inter-miami-duties-following-fathers-passing/?utm_source=mastodon&utm_medium=jetpack_social"
117076036694117893,argentina,en,No proof Argentina accepted Kerala’s Messi invite as a report flags financial irregularities. https:// english.mathrubhumi.com/news/k erala/messi-kerala-visit-argentina-invite-financial-irregularities-report-fq228urc?utm_source=dlvr.it&utm_medium=mastodon # LionelMessi # Messi # Argentina # Kerala # KeralaNews
117075041260561950,argentina,en,"More than 100 Indigenous families were evicted in Humahuaca, Jujuy, as the accelerated eviction model promoted by Milei’s reforms moves forward. Indigenous communities that have inhabited their territories for generations are being displaced by operations that prioritize other interests. Another # video . # Indigenous # Argentina # eviction # HumanRights https://www. youtube.com/watch?v=Xa7uvYOieCU"
117075004589285056,argentina,en,"# Argentina : Members of the indigenous community of Santa Rosa, in Argentina, reported a violent eviction operation carried out on Monday in Jujuy. At least ten people were injured by rubber bullets. Three homes were completely destroyed by heavy machinery. The most serious institutional violation involved the removal of children—aged 1, 2, 5, and 7—from the evicted families without proper notification or authorization from their parents. # Indigenous # HumanRights # video https://www. telesurtv.net/argentina-brutal -desalojo-originaria-jujuy/"
117073266617507896,argentina,en,"RE: https:// cyberplace.social/@GossiTheDog /117072580714955435 Chainsaw economics, in action! “Two deeply dumb men are posing for a photo in a formal setting. One man is holding a chainsaw and smiling, while the other man gives a thumbs-up and is also smiling. Flags from the United States and Argentina are visible in the background.” (From Alt text) Unfortunately, these two deeply dumb men are also deeply clever —and they have millions of desperate voters and/or consumers buying into their cleverness as answers to real problems. Inflation. Waste. Governance. Their chainsaw economics provides theatre that gives the illusion of problem-solving. Meanwhile, the plight of the descamisados becomes fodder for fascism. This should be a time of leadership. Instead, the theatre of fascism prevails. # uspoli # argentina # fascism # economy"
117072310156094354,argentina,,🏔️ #patagonia #argentina #landscapephotography #naturephotography #mountains #hiking #sonyalpha
117071914541856917,argentina,en,🏆 Opta Spain Argentina Betting Guide Everything you need to know about opta spain argentina — a practical betting guide for African punters. 🔗 https:// puntersure-tips.com/blogs/opta -spain-argentina-betting-guide # Opta # Spain # Argentina # Betting
117071060513423261,argentina,en,"Adnkronos - ultimoratop: Liam Payne, spuntano foto e chat inedite sulle ultime ore prima della sua morte (Adnkronos) - Oltre tremila atti dell’inchiesta argentina ricostruiscono la permanenza dell'ex One Direction in hotel prima della caduta dal balcone della sua stanza Photos and chats from Liam Payne's last hours before his death are emerging. (Adnkronos) – More than three thousand investigation documents from Argentina reconstruct the ex One Direction singer’s stay at a hotel before his fall from the balcony of his room. # LiamPaynes # Argentina https://www. adnkronos.com/spettacoli/liam- payne-foto-chat-inedite-prima-morte-cosa-ce-scritto_2eLwUGqUAVyMt5lU7GHsyN"
117070243652823157,argentina,ru,"Barcelona Eyes Rodri by Wednesday, Alvarez in 48 Hours, New Centre-Back Targeted Barcelona's sporting director has revealed some insights into the club's upcoming transfer plans. Deco aims to finalize the signing of Rodri by Wednesday at the latest, while the deal for Julián Álvarez could be settled within 48 hours. However, tha... # Argentina # AymericLaporte # Barcelona # JuliánÁlvarez # NicoWilliams https:// sportbursts.com/soccer/barcelo na-eyes-rodri-by-wednesday-alvarez-in-48-hours-new-centre-back-targeted/?utm_source=mastodon&utm_medium=jetpack_social"
117070214967753208,argentina,en,The Morning I Fell for Argentina https:// gallivanting-rainbows.com/read /2026-08-10/the-morning-i-fell-for-argentina # Argentina # BuenosAires # LGBTQTravel # Palermo # WellnessTravel
117068979122892681,argentina,en,"Iran names new security chief who’s wanted by Interpol in connection with deadly AMIA bombing Mohsen Rezai, ex-IRGC chief, sought by Argentina for alleged role in 1994 attack on Jewish center that killed 85; he's 2nd to lead Supreme National Security Council since Israel killed Larijani in March https://www. timesofisrael.com/iran-names-n ew-security-chief-whos-wanted-by-interpol-in-connection-with-deadly-amia-bombing/ # TopNews # News # Rezaei # Iran # Argentina"
117068589712708017,argentina,en,"🚨Peter Thiel’s Puppet Javier Millei is trying to destroy Argentina 👇 The protesters mobilized by left-wing movements and unions were undeterred by earlier concessions removing one change that would have made it easier for foreigners or foreign entities to buy land in Argentina. Demonstrators carried Argentine flags and banners reading ""The homeland is not for sale,"" an Agence France-Presse (AFP) correspondent observed. The ""Inviolability of Private Property"" bill being debated in Congress aims to make changes to property ownership in Argentina, such as streamlining eviction procedures, changing rural land use rules and making it more difficult for the state to take ownership of private property. # argentina # news # javiermilei # peterthiel https://www. lemonde.fr/en/international/ar ticle/2026/08/07/thousands-protest-private-property-legislation-in-argentina-as-clashes-erupt-with-police_6756236_4.html"
117066366019811564,argentina,en,# TheNerdReich @ gilduran # PeterThiel Bought a Mansion in # Argentina . Here's What It Really Means # tech # techfascism # techsurveillance # TechCrackheadBillionaires # BillionairesSUCK https:// m.youtube.com/watch?v=skV5W13V uUs This podcast is REALLY important
117066300624551813,argentina,ru,"Infantino Issues Strong Rebuttal Amid UEFA Investigation Reports FIFA has issued a new statement addressing the ongoing criticism surrounding its president, Gianni Infantino, amid reports that UEFA is considering launching an investigation into the conduct of the 56-year-old official. According to an investigation by the Telegraph, Infantino—al... # Argentina # EuropeanFootball # FIFA # UEFA # WorldCup https:// sportbursts.com/soccer/infanti no-issues-strong-rebuttal-amid-uefa-investigation-reports/?utm_source=mastodon&utm_medium=jetpack_social"
117066298539838129,argentina,ru,"Messi Misses Inter Miami Match Following Father’s Passing Lionel Messi missed Saturday's League Cup match in which Inter Miami were defeated by Monterrey. The absence was due to the passing of Messi's father and agent, Jorge Messi, who died on Saturday at the age of 68 after a long illness. Before the game in Miami, a minute of silence was observed in honor of Jorg... # Argentina # LionelMessi https:// sportbursts.com/soccer/messi-m isses-inter-miami-match-following-fathers-passing/?utm_source=mastodon&utm_medium=jetpack_social"
117066163339948911,argentina,en,"Patrick Barkham: ‘Panda of the insect world’: the moscardón # bumblebee creates buzz for invertebrate of the year. Bombus dahlbomii, a giant ginger bumblebee fondly known as the flying mouse, is in decline in its native # Patagonia due to commercial farming. # Argentina # Chile # entomology https://www. theguardian.com/environment/20 26/aug/09/moscardon-bumblebee-invertebrate-of-the-year-2026"
117064595598534454,argentina,en,Lionel Messi misses Inter Miami defeat after death of father Lionel Messi misses Inter Miami's Leagues Cup defeat by Monterrey on Saturday night after the death of his father. https://www. bbc.com/sport/football/article s/czrj0yd2p4ro # TopNews # News # Messi # Jorge # Argentina
117064455177210065,argentina,en,"Alicia Penalba (1913-1982) Alicia Penalba (1913-1982) was an Argentine sculptor, tapestry designer, and weaver. via W #PalianSHOW https:// palianshow.wordpress.com/2026/ 08/09/alicia-penalba/"
117063997438986483,argentina,en,"Argentina: Protesters March Against Privatization of National Territory, Face Police Repression – Orinoco Tribune https:// orinocotribune.com/argentina-p rotesters-march-against-privatization-of-national-territory-face-police-repression/ # Argentina # RightWing"
117063156036985586,argentina,en,"Parque Thays — Buenos Aires, Argentina 📍 📷 Schummy · Public domain # Argentina https:// show.pictures/world/argentina/ buenos-aires/parque-thays/"
117061787710483002,argentina,en,Reconciliation or recolonization? What Canada can learn by looking abroad # IndigenousPeoples # Reconciliation # IndigenousRights # Recolonization # Canada # Politics # Colonialism # NewZealand # Māori # Argentina # Mapuche # FirstNations # IndigenousSovereignty # LandRights https:// the-14.com/reconciliation-or-r ecolonization-what-canada-can-learn-by-looking-abroad/
117061465512393031,argentina,en,"Jorge Messi, father and agent of Argentina great, dies aged 68 Lionel Messi’s father and agent Jorge has died at the age of 68 at a medical clinic in the ⁠Argentinian city of ⁠Rosario after ​a long illness, the family have announced https://www. theguardian.com/football/2026/ aug/08/jorge-messi-dies-father-agent-lionel-messi-argentina-inter-miami # TopNews # News # LionelMessi # JorgeMessi # Argentina"
117061153806974176,argentina,en,"Il Fatto Quotidiano: “Farò saltare in aria Messi con 4 bombe legate al mio corpo”: un uomo voleva fare un attentato ai Mondiali. La scoperta choc dell’Fbi “Farò saltare in aria Messi con quattro bombe legate al mio corpo“. Questa la minaccia che avrebbero intercettato i sistemi di sicurezza statunitensi e internazionali durante i Mondiali del 2026. Secondo il sito del quotidiano spagnolo Marca, un rapporto della polizia statunitense ha svelato le minacce alla sicurezza che sia l’Fbi che l’Ipcc (Centro di Cooperazione Internazionale di Polizia) hanno dovuto affrontare durante i Mondiali vinti dalla Spagna. Messi il giocatore che avrebbe ricevuto il maggior numero di minacce durante tutto il torneo. “Prima della partita della fase a gironi tra Argentina e Giordania – scrive Marca -, un uomo ha chiamato l’aeroporto di Dallas minacciando di fare irruzione nello stadio con altre due persone, muniti di bombe artigianali e un fucile AR-15, indicando specificamente Messi come obiettivo“. Le minacce si sono ripetute prima della partita degli ottavi di finale tra Argentina ed Egitto. “Entrerò allo stadio di Atlanta e farò saltare in aria Messi con quattro bombe legate al corpo”, ha scritto uno dei sospettati sui social media. Sempre per lo stesso match venne segnalata la presenza di tre bombe all’interno dello stadio, poi i controlli immediatamente scattati, anche con l’ausilio dei cani addestrati per individuare materiale epslosivo, fecero rientrare ogni timore. A Houston e a Toronto, informa il rapporto della polizia Usa, furono fermati due uomini sospettati di voler in qualche modo creare problemi a Cristiano Ronaldo. Segnalate anche minacce di morte per gli arbitri, con il francese François Letexier che avrebbe ricevuto più di 6mila messaggi d’odio su WhatsApp dopo avere arbitrato Argentina–Egitto. Lo stesso è accaduto all’arbitro Var del match, Willy Delajod. A causa delle minacce, è stato necessario rafforzare la sicurezza delle loro case e delle loro famiglie in Francia. L'articolo “Farò saltare in aria Messi con 4 bombe legate al mio corpo”: un uomo voleva fare un attentato ai Mondiali. La scoperta choc dell’Fbi proviene da Il Fatto Quotidiano. ""I will blow up Messi with 4 bombs tied to my body"": a man wanted to carry out an attack on the World Cup. The shocking discovery by the FBI. “I will blow up Messi with four bombs tied to my body.” This was the threat intercepted by US and international security systems during the 2026 World Cup. According to the website of the Spanish daily Marca, a police report revealed the security threats faced by both the FBI and the ICC (International Police Coordination Centre) during the World Cup won by Spain. Messi, the player who would have received the most threats throughout the tournament. “Before the group stage match between Argentina and Jordan – writes Marca -, a man called the Dallas airport threatening to storm into the stadium with another two people, armed with homemade bombs and an AR-15 rifle, specifically indicating Messi as the target.” The threats repeated themselves before the eighth final match between Argentina and Egypt. “I will enter the Atlanta stadium and blow up Messi with four bombs tied to my body,” wrote one of the suspects on social media. For the same match, the presence of three bombs inside the stadium was reported, then immediately triggered checks, even with the help of trained dogs to detect explosive material, dispelled all fears. In Houston and Toronto, the US police report states that two men were stopped suspected of wanting to create problems for Cristiano Ronaldo in some way. Threats of death were also reported for the referees, with French François Letexier receiving more than 6,000 hate messages on WhatsApp after arbitrating Argentina–Egypt. The same happened to the VAR referee of the match, Willy Delajod. Due to the threats, security had to be strengthened around their homes and families in France. The article “I will blow up Messi with 4 bombs tied to my body”: A man wanted to carry out an attack on the World Cup. The shocking discovery by the FBI comes from Il Fatto Quotidiano. # Messi # theWorldCup # the2026WorldCup # Spanish # Marca # Spain # Argentina # Jordan # Dallas # AR -15 # eighth # Egypt # Atlanta # Houston # Toronto # CristianoRonaldo # French # FrançoisLetexier # WhatsApp # WillyDelajod # France # IlFattoQuotidiano https://www. ilfattoquotidiano.it/2026/08/0 8/mondiali-2026-minacce-messi-attentato-bombe-fbi/8474313/"
117060925742554573,argentina,en,Jorge Messi: Lionel Messi's father dies aged 68 after long illness Lionel Messi's father and agent Jorge dies at the age of 68 following a long illness. https://www. bbc.com/sport/football/article s/c70gn3w5ek5o # TopNews # News # Jorge # Lionel # Argentina
117060829675246341,argentina,en,"Jorge Messi, father of Argentina soccer great Lionel Messi, dies at 68 Jorge Messi served as his son's agent and accompanied him to Europe when he signed with Barcelona as a teenager. https://www. cbsnews.com/news/jorge-messi-f ather-of-argentina-great-lionel-messi-dies-at-68/ # TopNews # News # LionelMessi # JorgeMessi # Argentina"
117060641065695572,argentina,en,"Agi: Morto a 68 anni il padre di Messi, al Mondiale Leo pianse per lui AGI – Jorge Messi, padre di Leo Messi, è deceduto venerdì in un ospedale di Rosario, in Argentina, all'età di 68 anni. Agente e nume tutelare della Pulce, da tempo combatteva contro una malattia e le sue condizioni di salute si erano aggravate negli ultimi mesi, al punto che durante il mondiale americano l'attaccante ex Barcellona si era più volte commosso spiegando poi di essere preoccupato per ""problemi familiari"". Sposato con Celia Cuccittini e padre di altri quattro figli oltre a Lionel, Jorge Messi ha avuto un ruolo cruciale nella carriera del 'Dies' che ha seguito fin da bambino per poi accompagnarlo in Europa quando approdò al Barcellona dal Newell's. Pur restando sempre defilato, era stato lui a firmare contratti, negoziare i trasferimenti e a curare gli affari del figlio. The father of Messi, who died at 68, Leo cried for him at the World Cup. A.G.I. – Jorge Messi, father of Leo Messi, died Friday in a hospital in Rosario, Argentina, at the age of 68. Agent and legal guardian of “The Flea,” he had long been battling an illness, and his health conditions had worsened over the past months, to the point that during the Copa America the former Barcelona striker had repeatedly been moved to tears explaining then that he was worried about ""family problems."" Married to Celia Cuccittini and father of four other children in addition to Lionel, Jorge Messi played a crucial role in the “Little One’s” career, following him from childhood and accompanying him to Europe when he arrived at Barcelona from Newell's. While always staying out of the spotlight, he was the one who signed contracts, negotiated transfers, and handled his son's affairs. # Messi # theWorldCup # JorgeMessi # LeoMessi # Rosario # Argentina # TheFlea # theCopaAmerica # Barcelona # CeliaCuccittini # Lionel # Europe # Newells https://www. agi.it/sport/news/2026-08-08/p adre-leo-messi-morto-38450238/"
117060523955429439,argentina,en,"Jorge Messi, father and agent of Argentina great, dies aged 68 https://www. theguardian.com/football/2026/ aug/08/jorge-messi-dies-father-agent-lionel-messi-argentina-inter-miami # LionelMessi # Football # InterMiami # Argentina # Sport # UsSports"
117060482197551106,argentina,en,"Jorge Messi, father and agent of Argentina great, dies aged 68 By Guardian sport Messi family report death at medical clinic in Rosario https://www. theguardian.com/football/2026/ aug/08/jorge-messi-dies-father-agent-lionel-messi-argentina-inter-miami # LionelMessi # Football # InterMiami # Argentina # Sport # TheGuardian # Guardiansport"
117060327417660168,argentina,ru,"Lionel Messi’s Father and Agent Jorge Messi Passes Away at 68 Jorge Messi, the father and agent of Argentine footballer Lionel Messi, has passed away at the age of 68 in a hospital in Rosario, according to Infobae. The cause of death has not yet been disclosed. Recently, Jorge Messi had been under medical supervision. Throughout Lionel Messi's professi... # Algeria # Argentina # LionelMessi # WorldCup https:// sportbursts.com/soccer/lionel- messis-father-and-agent-jorge-messi-passes-away-at-68/?utm_source=mastodon&utm_medium=jetpack_social"
117060203369422676,argentina,en,Lionel Messi’s father Jorge Messi passed away at 68 after health battle; family had sought privacy https:// english.mathrubhumi.com/sports /football/jorge-messi-death-lionel-messi-father-euvdivv0?utm_source=dlvr.it&utm_medium=mastodon # LionelMessi # JorgeMessi # Messi # Argentina # InterMiami
117060049735327013,argentina,en,"New # earthquake detected: M 4.6 - 77 km WSW of San Antonio de los Cobres, # Argentina 2026/08/08, 12:44:22 UTC GPS: -24.3920, -67.0572 Depth: 163.582 km 🔗 https:// earthquake.usgs.gov/earthquake s/eventpage/us6000tj96"
117060030726103709,argentina,en,"📍 77 km WSW of San Antonio de los Cobres, Argentina 🕐 Sat 08 Aug 2026 12:44 UTC 🌍 M4.6 Earthquake 🟢 Light 📊 Magnitude: 4.6 📏 Depth: 163.6 km — Intermediate depth 🗺️ -24.392, -67.0572 🔗 https:// earthquake.usgs.gov/earthquake s/eventpage/us6000tj96 # Earthquake # Seismic # EarthAlerts # DisasterAlert # BreakingNews # Environment # Nature # Science # Prepping # SanAntonioDeLosCobres # Argentina"
117060028019316835,argentina,en,"Mb 4.60 earthquake (reviewed) occurred at 2026-08-08T12:44:22 UTC, 77 km WSW of San Antonio de los Cobres, Argentina # quake # earthquake # sanantoniodeloscobres # argentina https:// earthquake.usgs.gov/earthquake s/eventpage/us6000tj96"
117058954955755381,argentina,en,"Mb 4.40 earthquake (reviewed) occurred at 2026-08-08T06:06:41 UTC, 108 km W of San Antonio de los Cobres, Argentina # quake # earthquake # sanantoniodeloscobres # argentina https:// earthquake.usgs.gov/earthquake s/eventpage/us6000tj73"
117058622153515603,argentina,,'The homeland is not for sale': Argentines protest Milei-backed private property bill https:// tankie.tube/w/xfwT4eMpDrBH1mtc pYj7aK
117057927430634706,argentina,es,LINK: https:// hamfuggirecords.bandcamp.com/a lbum/horse-on-dodecahedron ¡HOLA A TODXS! ¡NUEVO LANZAMIENTO DE HAMFUGGI RECORDS! LOS ARTISTAS: CAMELLIA ROSE TREE EL TRABAJO: HORSE ON DODECAHEDRON HELLO EVERYONE! NEW RELEASE FROM HAMFUGGI RECORDS! THE ARTISTS: CAMELLIA ROSE TREE THE WORK: HORSE ON DODECAHEDRON # hamfuggirecords # bandcamp # drone # freerock # camelliarosetree # brasil # musicaexperimental # argentina # españa # japon
117057925477717309,argentina,es,LINK: https:// hamfuggirecords.bandcamp.com/a lbum/horse-on-dodecahedron ¡HOLA A TODXS! ¡NUEVO LANZAMIENTO DE HAMFUGGI RECORDS! LOS ARTISTAS: CAMELLIA ROSE TREE EL TRABAJO: HORSE ON DODECAHEDRON HELLO EVERYONE! NEW RELEASE FROM HAMFUGGI RECORDS! THE ARTISTS: CAMELLIA ROSE TREE THE WORK: HORSE ON DODECAHEDRON # hamfuggirecords # bandcamp # drone # freerock # camelliarosetree # brasil # musicaexperimental # argentina # españa # japon
117057552807644113,argentina,en,We respect this ancient wisdom too: here in # Argentina we do Pride on the late spring (to avoid the chaos of Xmas/new year/summer vacations) and recently we started an # Antifa Pride in early February. https:// bikeshed.vibber.net/@brooke/11 7057369221579078
117056630732095888,argentina,en,🏷️ # Venezuela # SiliconValley # PeterThiel # PaypalMafia # CharterCities # Honduras # Argentina # NaturalResources # TechnoFascism 🔗 https:// guacamayave.com/en/what-intere sts-draw-peter-thiel-to-venezuela/
117056062753677335,argentina,en,"✅ Resolved: Internet disruption detected in San Juan, Argentina — observed 2026-08-07 18:20–19:16 UTC (56m) (source: IODA). https:// partially.online/?country=AR # PartialyOnline # Argentina # SanJuan # Disruption"
117055830598511643,argentina,en,Talk about # mainCharacterSyndrome # argentina https://www. irishtimes.com/world/americas/ 2026/08/07/were-already-in-world-war-three-tech-titans-prepare-argentinian-ranch-for-apocalypse/
117055763941013123,argentina,en,"Argentina’s government posts ICE-style video of immigration operation By Tiago Rogero South America correspondent Social media video shows 60-year-old woman being led away in handcuffs, but she was released minutes later https://www. theguardian.com/world/2026/aug /07/argentina-immigration-operation-video # Argentina # JavierMilei # ICEUSImmigrationandCustomsEnforcement # DonaldTrump # TheGuardian # TiagoRogeroSouthAmericacorrespondent"
117055728757410836,argentina,en,"Internet disruption detected in San Juan, Argentina — Significant Disruption — ongoing since 2026-08-07 18:20 UTC (source: IODA). https:// partially.online/?country=AR # PartialyOnline # Argentina # SanJuan # Disruption"
117055693022928662,argentina,en,Next Level - Issue 41 (November 2002) [ARGENTINA] # magazine # retrogaming # reviews # johnnygameovermag # jgomag # magazine # videogamemagazine # retrogaming # games # gaming # reviews # sp # argentina # ar # nextlevel #41 # november #2002 https://www. youtube.com/shorts/nTZsdhft9oc
117055609214601000,argentina,en,"Agi: Il pallone della 'Mano di Dio' va all'asta per 10 milioni di dollari AGI - Il pallone con cui Diego Maradona segnò, in particolare con la mano, durante la leggendaria vittoria dell'Argentina contro l'Inghilterra ai Mondiali del 1986 potrebbe essere venduto all'asta negli Stati Uniti alla fine di agosto per oltre 10 milioni di dollari. L'asta, organizzata dalla casa d'aste americana Heritage Auctions, che ha fornito la stima iniziale, si terrà dal 21 al 23 agosto. Il prezzo di partenza è stato fissato a 2,5 milioni di dollari. Il simbolismo della partita Argentina-Inghilterra ai Mondiali del 1986 La maglia indossata dalla stella argentina durante quella partita dei quarti di finale, vinta 2-1 dalla sua squadra il 22 giugno 1986 a Città del Messico, è stata venduta per la cifra record di 9,3 milioni di dollari nel 2022. Il pallone stesso è stato messo all'asta nel 2022 e nel 2023, con offerte che hanno raggiunto quasi i 2 milioni di dollari in entrambe le occasioni. Questa partita, carica di simbolismo a quattro anni dalla guerra delle Falkland tra i due Paesi, ha contribuito in modo determinante alla complessa leggenda di Maradona, scomparso nel novembre 2020 all'età di 60 anni. Al 51esimo minuto, il capitano argentino segnò, chiaramente con la mano, e a fine partita si riferì ironicamente a quel gesto come ""la mano di Dio"". Solo quattro minuti dopo, ""El Pibe de Oro"" realizzò un gol indimenticabile, partendo dalla propria metà campo e superando quattro avversari prima del portiere inglese. L'Argentina vinse poi la Coppa del Mondo. Heritage Auctions spiega sul suo sito web che l'arbitro, il tunisino Ali Bennaceur, dichiarò in una lettera del 2023 di aver recuperato l'unico pallone utilizzato durante la partita, di averlo fatto autografare dai suoi assistenti e di averlo conservato per oltre trent'anni. La casa d'aste aggiunge di aver fatto autenticare l'oggetto da due società specializzate in cimeli sportivi, in particolare sulla base di fotografie. The ‘Hand of God’ ball is going up for auction for $10 million. AGI - The ball with which Diego Maradona scored, particularly with his hand, during the legendary victory of Argentina against England at the 1986 World Cup could be sold at auction in the United States at the end of August for over $10 million. The auction, organized by American auction house Heritage Auctions, which provided the initial estimate, will take place from August 21st to 23rd. The starting price has been set at $2.5 million. The symbolism of the Argentina-England match at the 1986 World Cup The jersey worn by the Argentine star during that quarter-final match, won 2-1 by his team on June 22, 1986, in Mexico City, was sold for a record $9.3 million in 2022. The ball itself was put up for auction in 2022 and 2023, with bids reaching almost $2 million each time. This match, charged with symbolism four years after the Falklands War between the two countries, contributed significantly to Maradona’s complex legend, who died in November 2020 at the age of 60. In the 51st minute, the Argentine captain scored, clearly with his hand, and at the end of the match he ironically referred to that gesture as ""the Hand of God.” Just four minutes later, “El Pibe de Oro” scored an unforgettable goal, starting from his own half and overcoming four opponents before the English goalkeeper. Argentina then won the World Cup. Heritage Auctions explains on its website that the referee, Tunisian Ali Bennaceur, declared in a letter of 2023 that he had recovered the only ball used during the match, had it autographed by his assistants, and kept it for over thirty years. The auction house adds that the item has been authenticated by two specialist memorabilia companies, particularly based on photographs. # DiegoMaradona # Argentina # England # WorldCup # theUnitedStates # American # HeritageAuctions # WorldCup # Argentine # MexicoCity # theFalklandsWar # Maradona # theHandofGod # ElPibedeOro # English # theWorldCup # Tunisian # AliBennaceur https://www. agi.it/sport/news/2026-08-07/p allone-maradona-asta-38439881/"
117055535677786851,argentina,en,"“Milei, the Tech Bros and AI Dreams” By Richard M. Sanders, July 2026 #PeterThiel #Argentina Milei, the Tech Bros and AI Dr..."
117055242431147210,argentina,en,"# Argentina : Milei's property bill triggers protests, anger Emmy Sasipornkarn with AFP, EFE 15 hours ago15 hours ago Police clashed with protesters in Buenos Aires after thousands rallied against President Javier Milei's private property bill. The government had already dropped a provision on foreigners buying land in Argentina. https://www. dw.com/en/argentina-mileis-pro perty-bill-triggers-protests-anger/a-78272866"
117055115899610706,argentina,en,"Club Atletico Boca Juniors 🇦🇷 Liga Profesional de Fútbol 2026 Home Kit If you’d like one, I sell these 5.5-inch tall brick collectibles on Etsy: https://www. etsy.com/listing/4528493753/55 -inch-boca-juniors-brick-collectible # Boca # Argentina # 3dprinting # mastofut"
117055071100809849,argentina,ca,"MEPHISTOFELES (Argentina) presenta nou àlbum en directe: ""Live in Europe"" # Mephistofeles # PsychedelicRock # Drone # Stoner # DoomMetal # Agost2026 # Argentina # NouÀlbumEnDirecte # Metall # Metal # MúsicaMetal # MetalMusic"
117055001291260841,argentina,ru,"Official: Franco Mastantuono Joins Fiorentina on Season-Long Loan from Real Madrid Fiorentina has officially announced the signing of young talent Franco Mastantuono from Real Madrid. The player has been loaned from the Madrid club for one season. The loan deal does not include an option or obligation to buy, nor does it provide for automatic extension should ... # Argentina # Fiorentina # RealMadrid https:// sportbursts.com/soccer/officia l-franco-mastantuono-joins-fiorentina-on-season-long-loan-from-real-madrid/?utm_source=mastodon&utm_medium=jetpack_social"
117054848190857793,argentina,en,"Google Blog: Step into the world of tango on Google Arts & Culture. “Google Arts & Culture has long been committed to preserving and celebrating Argentina’s rich heritage, having collaborated with 25 local partners across the country. Following the success of Argentina’s Table — our exploration of the nation’s diverse culinary scene — we’re now turning our focus to the dance and […] https://rbfirehose.com/2026/08/07/google-blog-step-into-the-world-of-tango-on-google-arts-culture/"
117054490418478282,argentina,en,"✅ Resolved: Internet disruption detected in San Juan, Argentina — observed 2026-08-07 11:40–12:36 UTC (56m) (source: IODA). https:// partially.online/?country=AR # PartialyOnline # Argentina # SanJuan # Disruption"
117054324253643833,argentina,en,"“The # libertarian ’s free-market reforms — and more outlandish pledges to allow “non-human corporations” run by AI agents — have elicited adoration from some corners of # SiliconValley . Thiel, who secretly acquired New Zealand citizenship in 2011, purchased a mansion in # BuenosAires in April and moved his family there for two months. # Varsavsky , who says he knows # Thiel professionally and has spoken to him about # Argentina , said they did not plan their investments together. “We coincidentally came to the same conclusion that of all the places you could go in case of World War III, Argentina is the best,” he said.” < https:// archive.md/KwFYr > / (paywall) < https://www. ft.com/content/0e9c3c2e-1d67-4 b70-981b-73bcdf409a6c >"
117054155601095526,argentina,en,"Internet disruption detected in San Juan, Argentina — Significant Disruption — ongoing since 2026-08-07 11:40 UTC (source: IODA). https:// partially.online/?country=AR # PartialyOnline # Argentina # SanJuan # Disruption"
117053709163310188,argentina,ru,"Manchester City Set to Sign Marseille Goalkeeper Geronimo Rulli Manchester City is close to securing the signing of goalkeeper Geronimo Rulli from Marseille. The Olympique de Marseille shot-stopper is expected to replace James Trafford, who has been sold to Leeds United. The 33-year-old keeper brings extensive European experience and was part of Argentina's ... # Argentina # ManchesterCity # WorldCup https:// sportbursts.com/soccer/manches ter-city-set-to-sign-marseille-goalkeeper-geronimo-rulli/?utm_source=mastodon&utm_medium=jetpack_social"
117052531024849493,argentina,ru,"Daily Roundup: Pusic’s New Role, Diomande’s Millions, Cannavaro’s Rat Incident Thursday's top sports news, August 6, 2026. European Football Marino Pušić has secured a new coaching position in the Middle East, joining one of the leading Saudi clubs. Newcastle's new manager Matías Jaissle has outlined his vision for the team’s playi... # Argentina # Barcelona # England # FIFA # Morocco https:// sportbursts.com/soccer/daily-r oundup-pusics-new-role-diomandes-millions-cannavaros-rat-incident/?utm_source=mastodon&utm_medium=jetpack_social"
117051909904883974,argentina,en,"New # earthquake detected: M 4.5 - 29 km S of Mendoza, # Argentina 2026/08/07, 00:00:38 UTC GPS: -33.1527, -68.8413 Depth: 10.000 km 🔗 https:// earthquake.usgs.gov/earthquake s/eventpage/us6000tits"
117051899403480743,argentina,en,"📍 29 km S of Mendoza, Argentina 🕐 Fri 07 Aug 2026 00:00 UTC 🌍 M4.5 Earthquake 🟢 Light 📊 Magnitude: 4.5 📏 Depth: 10 km — Shallow 🗺️ -33.1527, -68.8413 👥 Felt by 2 people 🔗 https:// earthquake.usgs.gov/earthquake s/eventpage/us6000tits # Earthquake # Seismic # EarthAlerts # DisasterAlert # BreakingNews # Environment # Nature # Science # Prepping # Mendoza # Argentina"
117051883780473306,argentina,en,"Mb 4.50 earthquake (reviewed) occurred at 2026-08-07T00:00:38 UTC, 29 km S of Mendoza, Argentina # quake # earthquake # mendoza # argentina https:// earthquake.usgs.gov/earthquake s/eventpage/us6000tits"
117051757751841520,argentina,en,A 'weaponized' yen: How the U.S.-Japan intervention may reshape global currency markets The unprecedented U.S.-Japan intervention to support the yen may end up shaping market behavior. https://www. cnbc.com/2026/08/07/japan-us-y en-intervention-global-currency-markets.html # TopNews # News # Washington # Argentina # Treasury
117051658870448606,argentina,en,"🚨 WARNELY SAFETY ALERT Buenos Aires, Argentina · Civil unrest Protests against Milei's property bill in Buenos Aires Police clashed with protesters in Buenos Aires over President Milei's private property bill, drawing thousands of demonstrators. https://www. warnely.com/news/protests-agai nst-milei-s-property-bill-in-buenos-aires-eaa47268-1da1-4c02-9aa0-09e5134726e0?utm_source=mastodon&utm_medium=social&utm_campaign=incident # WarnelyAlert # Argentina"
117051629343884923,argentina,en,"""As the protest drew to a close, scuffles broke out on Congress Square with protesters targeting police with stones and other projectiles, and security forces responding with tear gas, rubber bullets and a water cannon. The protesters were mobilized by left-wing movements and unions. Demonstrators carried Argentine flags and banners reading ""The homeland is not for sale""."" # BuenosAires # Argentina # protest https://www. rfi.fr/en/international-news/2 0260807-thousands-protest-private-property-legislation-in-argentina"
117051603953299128,argentina,en,RE: https:// mastodon.social/@naidajazmin8a /117051457636054705 # Argentina : Police cracked down hard on thousands of protesters today in Buenos Aires. They are protesting a bill proposed by Javier Milei’s government to allow the sale of rural land to foreigners. # Milei # BuenosAires # ACAB
117051289073456658,argentina,en,"# Earthquake (#sismo) possibly felt 36 sec ago in # Argentina . Felt it? Tell us via: 📱 https:// m.emsc.eu/#app 🌐 https:// m.emsc.eu 🖥 https://www. emsc-csem.org ⚠ Automatic crowdsourced detection, not seismically verified yet. More info soon!"
117050203091580377,argentina,en,"""US # Escalation 🚨in the Caribbean & LATAM CEPRDC Donroe Doctrine tracker: - CIA sets up # Cuba task force as UN experts denounce ""silent # Gaza "" unfolding on the island. - The connection between pending legislation in # Argentina and the interests of tech billionaire P Thiel. - US nominee for Ambassador to # Colombia tells Senate that De la Espriella will withdraw from China's BRI. - # Paraguay & US sign # nuclear cooperation agreement."" -J Jackston Deeply # dystopian ‼️ # USPol https:// cepr.net/publications/americas -live-updates/"
117049471225406659,argentina,ru,Argentine Football Association to Commemorate 2026 World Cup Win Over England The Argentine Football Association has officially decided to commemorate their dramatic 2-1 victory over England in the 2026 World Cup semifinal. Officials confirmed that the decision honors the remarkable comeback that sparked nationwide jubilation. Enzo Fernández a... # Argentina # England # EnzoFernández # Spain # WorldCup https:// sportbursts.com/soccer/argenti ne-football-association-to-commemorate-2026-world-cup-win-over-england/?utm_source=mastodon&utm_medium=jetpack_social
117049274335244376,argentina,en,AFA declares July 15 as National Football Teams Day after their epic World Cup win! https:// english.mathrubhumi.com/sports /football/argentina-national-football-teams-day-july-15-2026-axnsnq9s?utm_source=dlvr.it&utm_medium=mastodon # Argentina # AFA # WorldCup2026 # FootballNews # EnglandVsArgentina
117048607000546172,argentina,en,Argentina commemorate win against England at World Cup 2026 with special day By PA Media AFA to establish ‘National Football Teams Day’ for 15 July https://www. theguardian.com/football/2026/ aug/06/argentinas-fa-commemorate-world-cup-semi-final-win-england # Argentina # England # WorldCup2026 # WorldCup # Football # Sport # TheGuardian # PAMedia
117048480237708842,argentina,en,⚡President Javier Milei has abandoned a legislative proposal intended to remove restrictions on foreign ownership of rural land in # Argentina 🇦🇷. The initiative failed following significant pressure from opposition lawmakers and public sentiment. [Le Monde] Check back for ongoing coverage
117047034638357556,argentina,en,"The Holy See Press Office announces Pope Leo XIV will make an apostolic journey to # Argentina # Uruguay and his home country of # Peru in November, marking his first trip to Latin America in his papacy. https://en-wp.orghttps://en-wp.org/wiki/List_of_pastoral_trips_made_by_Pope_Leo_XIV https://en-wp.orghttps://en-wp.org/wiki/Argentina–Holy_See_relations https://en-wp.orghttps://en-wp.org/wiki/Holy_See–Peru_relations https://en-wp.orghttps://en-wp.org/wiki/Holy_See–Uruguay_relations ht"
117045147664951740,argentina,en,"The Holy See Press Office announces Pope Leo XIV will make a apostolic journey to # Argentina # Uruguay and # Peru in November, marking his first trip to Latin America in his papacy. https://en-wp.orghttps://en-wp.org/wiki/List_of_pastoral_trips_made_by_Pope_Leo_XIV https:// newsasfacts.com/news/159504"
117044826717884700,argentina,en,"# Jerusalem The # Israeli FM Gideon Saar, who himself belongs to # Argentina # Ashkenazi # migrants , lashes out at # jordan , # qatar , # saudiarabia , # Egypt , # palestinelivesmatter and other # Arab states, alongside the # ArabLeague . We lashes out at him:"
117044560952702586,argentina,en,"⚡Agroindustrial exports from # Argentina 🇦🇷 to the # EU 🇪🇺 saw a significant increase in value during the first semester of the year. The price per ton exported to the # EU 🇪🇺 reached USD 608, representing a 39% premium over the average price for other global destinations. This growth follows the implementation of the Mercosur- # EU 🇪🇺 agreement on May 1, which provides tariff advantages that # Argentina 🇦🇷 is currently utilizing. [Clarín] Follow for developments as they come"
117043817508400222,argentina,en,"Pope Leo to visit Uruguay, Argentina and Peru in November - Vatican News The Holy See Press Office announces that Pope Leo will make an Apostolic Journey to Uruguay, Argentina and Peru in November 2026. https://www. vaticannews.va/en/pope/news/20 26-08/pope-to-make-apostolic-journey-to-uruguay-argentina-and-peru.html # TopNews # News # Argentina # Peru # Uruguay"
117043688377032634,argentina,en,# Trump admin revokes visa of # Brazil ’s top ambassador in escalating conflict with President Lula as election campaign launches. Trump openly wants # Lula replaced with a USA-friendly right-wing government and has even recruited # Argentina into the regional political frey. https://www. koreatimes.co.kr/world/2026080 5/trump-administration-revokes-visa-of-brazils-ambassador-to-us-in-spat-with-lula
117042889445889334,argentina,en,Brazil plunged deeper into diplomatic disputes with the U.S. and Argentina over what it described as attempts by the conservative governments of both nations to interfere in its October presidential election. https://www. japantimes.co.jp/news/2026/08/ 05/world/politics/lula-trump-milei-election-meddling/?utm_medium=Social&utm_source=mastodon # worldnews # politics # brazil # luizinacioluladasilva # argentina # javiermilei # us # donaldtrump # republicans # jairbolsonaro
117042635446833268,argentina,en,"RaiNews: Papa Leone XIV in viaggio apostolico in Uruguay, Argentina e Perù dal 6 al 17 novembre In particolare si recherà a Montevideo, Paisandú e Florida dal 6 all'8 novembre; a Buenos Aires, Córdoba e Luján dall'8 all'11 novembre; e a Lima, Chiclayo, Cusco e Pucallpa dall'11 al 17 novembre Pope Leo XIV on a papal mission/journey to Uruguay, Argentina and Peru from November 6th to 17th. Specifically, he will travel to Montevideo, Paysandú, and Florida from November 6th to 8th; Buenos Aires, Córdoba, and Luján from November 8th to 11th; and Lima, Chiclayo, Cusco, and Pucallpa from November 11th to 17th. # LeoXIV # Uruguay # Argentina # Montevideo # Paysandú # Florida # BuenosAires # Córdoba # Luján # Chiclayo # Cusco # Pucallpa https://www. rainews.it/articoli/2026/08/pa pa-leone-xiv-in-viaggio-apostolico-in-uruguay-argentina-e-peru-dal-6-al-17-novembre-f4cf5ac7-5287-4808-a83e-fc7c77130eb3.html"
117042354679153346,argentina,ru,"Dmytro Riznyk Competes with Paraguay’s Orlando Gill for Juventus Goalkeeper Spot Representatives of Dmytro Riznyk recently traveled to Turin for a scheduled meeting with officials from Juventus, according to multiple sources in the Italian press. Journalist Stefano Nesti reports that agents from ProStar, the agency managing the 27-year-... # Argentina # France # Juventus # KylianMbappé # Paraguay https:// sportbursts.com/soccer/dmytro- riznyk-competes-with-paraguays-orlando-gill-for-juventus-goalkeeper-spot/?utm_source=mastodon&utm_medium=jetpack_social"
117040084495074145,argentina,en,"🟢 Diplomacy | 5/10 🇧🇷 🇦🇷 Brazil downgrades diplomatic relations with Argentina Brazil has announced a downgrade of diplomatic relations with Argentina to the chargé d'affaires level, not returning its ambassador to Buenos Aires. This follows Brazil summoning Argentina's ambassador and lodging a formal protest. # OSINT # NewsGroup # Brazil # Argentina # DiplomaticRelations # LatinAmerica"
117037873519310867,argentina,en,"So, apparently my ISP (Express) is blocking mastodon.social. What?? As soon as I disable my VPN, I cannot access it anymore. It keeps loading for a couple of minutes and then fails with a timeout error. # argentina # mastodonsocial"
117037176291481767,argentina,en,"Estadio Marcelo Bielsa https:// en.wikipedia.org/wiki/Estadio_ Marcelo_Bielsa Capacity: 42000 Location: Rosario, Argentina Team: Newell's Old Boys # Rosario # Argentina # stadium # soccer # football # fussball # fedifc # mastodonFC"
117036240904547383,argentina,en,My First Night Out in Argentina https:// gallivanting-rainbows.com/read /2026-08-04/my-first-night-out-in-argentina # BuenosAires # Argentina # LGBTQTravel # FirstNightOut # PersonalTravelMemories
117035993969069583,argentina,,Teachers and public sector workers launch national strike against Milei https:// tankie.tube/w/p9qDsfpe4keYe2Su mqicde
117034844446987528,argentina,en,"National Library of Argentina — Buenos Aires, Argentina 📍 📷 Sking · CC BY-SA 3.0 # Argentina https:// show.pictures/world/argentina/ buenos-aires/national-library-of-argentina/"
117034735344000583,argentina,en,@ drahardja @ ai6yr very common. # StarBucks # Argentina had # Cryptojacking # Malware in their # CaptivePortal !
117034419074565457,argentina,en,"✅ Resolved: Internet disruption detected in Santa Cruz, Argentina — observed 2026-08-03 21:55–23:26 UTC (1h 31m) (source: IODA). https:// partially.online/?country=AR # PartialyOnline # Argentina # SantaCruz # Disruption"
117034065235657248,argentina,en,"Internet disruption detected in Santa Cruz, Argentina — Significant Disruption — ongoing since 2026-08-03 21:55 UTC (source: IODA). https:// partially.online/?country=AR # PartialyOnline # Argentina # SantaCruz # Disruption"
117029925838931637,argentina,ru,"Chelsea Signs Argentina World Cup Runner-Up Valentin Barco from Strasbourg Valentin Barco, the 22-year-old versatile player and World Cup runner-up with Argentina, continues his rapid rise. Capable of playing both on the wing and in midfield, Barco has officially joined Chelsea, signing a seven-year contract that runs until 2033. A product of Boca Juniors,... # Argentina # Chelsea # England # WorldCup https:// sportbursts.com/soccer/chelsea -signs-argentina-world-cup-runner-up-valentin-barco-from-strasbourg/?utm_source=mastodon&utm_medium=jetpack_social"
117028081557982866,argentina,en,Chelsea sign Argentina international Valentín Barco from Strasbourg By PA Media Barco a left-back who can also play in midfield https://www. theguardian.com/football/2026/ aug/02/chelsea-sign-argentina-international-valentin-barco-from-strasbourg # Transferwindow # Chelsea # Strasbourg # Europeanclubfootball # Argentina # Football # TheGuardian # PAMedia
117027526679951967,argentina,en,"We spent a few days resting at La Aurora del Palmar, in Entre Ríos, Argentina # silentSunday # entreRios # argentina # fotografia # photography"
117027326984218313,argentina,es,"""Piedra del Fraile"" 🏔️❄️🇦🇷 July 11, 2026, on the trail to Piedra del Fraile, along the Río Eléctrico. In the depths of winter, frost transforms the forest into a pale, otherworldly landscape. The icy river flows quietly between the mountains, leading the eye toward the snow-covered peaks of the Andes. A quiet winter moment in the wild heart of Argentine Patagonia. ❄️ # PiedraDelFraile # RioElectrico # Patagonia # ElChalten # Argentina # WinterInPatagonia # LandscapePhotography https:// pixelfed.social/i/web/post/989 594576038505552"
117027277031542688,argentina,,"""Piedra del Fraile"" 🏔️❄️🇦🇷 This photograph was taken on July 11, 2026, while following the trail toward Piedra del Fraile, before reaching the refuge. In the depths of winter, the landscape takes on an almost otherworldly appearance. The forest is covered in a delicate layer of frost, turning every branch and shrub into a pale silhouette. Below, the cold waters of the Río Eléctrico flow quietly through the valley, surrounded by rounded stones and scattered boulders. Beyond the river, the mountains rise dramatically on both sides, creating a natural corridor that leads the eye toward the distant, snow-covered peaks of the Andes. The contrast between the dark rock, the frozen vegetation, the icy blue water and the small patch of blue sky makes this scene feel both wild and incredibly peaceful. This is one of those places where the immensity of Patagonia becomes truly apparent. Far from the crowds and deep into the wilderness, the trail follows the Río Eléctrico through a landscape shaped by ice, water and mountains. A quiet winter moment in one of the most beautiful corners of Argentine Patagonia. 🏔️❄️🇦🇷 #PiedraDelFraile #RioElectrico #RíoEléctrico #Patagonia #PatagoniaArgentina #Argentina #ElChalten #LosGlaciaresNationalPark #Andes #PatagonianWinter #WinterInPatagonia #Frost #FrozenLandscape #MountainLandscape #MountainPhotography #LandscapePhotography #NaturePhotography #Wilderness #ExplorePatagonia #VisitArgentina"
117027089761356774,argentina,en,"Operation Condor: # CIA backed dictatorships across # Argentina , # Chile , # Uruguay , # Brazil , # Paraguay & # Bolivia formed a network to hunt dissidents—death flights, disappearances, cross‑border assassinations. Declassified US records confirm coordinated state terror. This borderless imperialism forged the blueprint for today’s rendition ops & # SurveillanceCapitalism . We must name the architects of state terror. # SusanKlopferTruth # NoMoreLies # OperationCondor # USimperialism # silentsunday # USpolitics"
117027061534860608,argentina,en,"if we look at Spain’s waves of expulsiones (aka deportations) and their use of eminent domain to take over the lands and properties of the deported, it’s clear they had expanded the definition of LIMPIA DE SANGRE and “one-drop rule” not for pedestrian racist reasons but because it was a quick way to make money. so even though LA LIMPIA didn't have in # Spain the same white supremacist connotations that # blanqueamiento had in # Argentina and # OneDropRule in the United States 🧵…"
117025774471050092,argentina,en,Indigenous groups oppose Milei plan to open # Argentina to foreign buyers https://www. youtube.com/shorts/b8wb9UKNuU4
117025210518537546,argentina,en,"New # earthquake detected: M 4.6 - 73 km W of San Antonio de los Cobres, # Argentina 2026/08/02, 08:49:51 UTC GPS: -24.2307, -67.0412 Depth: 172.527 km 🔗 https:// earthquake.usgs.gov/earthquake s/eventpage/us6000thl6"
117025191355688195,argentina,en,"📍 73 km W of San Antonio de los Cobres, Argentina 🕐 Sun 02 Aug 2026 08:49 UTC 🌍 M4.6 Earthquake 🟢 Light 📊 Magnitude: 4.6 📏 Depth: 172.5 km — Intermediate depth 🗺️ -24.2307, -67.0412 🔗 https:// earthquake.usgs.gov/earthquake s/eventpage/us6000thl6 # Earthquake # Seismic # EarthAlerts # DisasterAlert # BreakingNews # Environment # Nature # Science # Survival # SanAntonioDeLosCobres # Argentina"
117021901395374814,argentina,en,"# extinction # reintroduction # jaguars # Argentina ""Almost seven decades ago, the jaguar, or yaguareté as it is known in Argentina, had disappeared from the wetlands of Iberá due to hunting and habitat loss. However, the situation today is hopeful. In May 2026, National Parks confirmed the presence of more than 50 jaguars in the wild in this region, marking a milestone in the restoration of this species. The Renaissance of the Jaguar in Iberá The return of the jaguars makes Iberá a global reference for conservation. This pioneering effort in the reintroduction of jaguars shows the positive impact of well-executed conservation projects. Nonetheless, the challenge continues with the need to preserve genetic diversity and ensure peaceful coexistence with human communities. (. . .) In January 2025, there were at least 35 jaguars in the region; a year later, the figure exceeds 50 thanks to births in the natural environment and planned reintroductions. Although statistics may vary, the upward trend is clear, consolidating Iberá as a fertile refuge for this species. The recovery project began in 2021 with the release of Mariua and her cubs in the Gran Parque Iberá. This effort started in 2012 with the creation of the Jaguar Reintroduction Center, where the animals learned to hunt and adapt with minimal human intervention. The sustainability of the project is reinforced with births in the wild, as confirmed by the litter of three cubs reported in May 2024. This phenomenon marks the transition towards a self-sufficient population, where young jaguars achieve independence and natural dispersion. The jaguar, being at the top of the food chain, plays a crucial role in the ecological balance of Iberá, influencing the dynamics of its prey and vegetation. The careful reintroduction of predators is seen by the United Nations Environment Programme as a means to restore degraded ecosystems. The effort is not limited to jaguars. Iberá also hosts conservation programs for species like the giant otter and the red macaw, seeking to restore lost ecological interactions."" https:// noticiasambientales.com/animal s/successful-reintroduction-of-the-jaguar-in-ibera-over-50-specimens-released-after-70-years-of-local-extinction/"
117021301715719356,argentina,en,"Argentina vs England Dream11 Prediction FIFA World Cup 2026. Check top fantasy picks, probable lineups, live streaming details and expert tips on Sports LNV. Read Blog: https:// bit.ly/4w1HE3G # fifa # fifawolrdcup # sportslnv # sportsnews # sportsblog # finalworldcup # argentina # england # dream11"
117021300851182640,argentina,ru,FIFA Considers Lengthy Ban for Paredes Over Post-World Cup Incidents Leandro Paredes faces three charges of violent conduct from FIFA following Argentina's defeat to Spain in the World Cup final. Paredes has hinted at the possibility of avoiding a potential nine-match ban from FIFA due to his central role in the disgraceful incidents that unfolded after the Wor... # Argentina # FIFA # Spain # WorldCup https:// sportbursts.com/soccer/fifa-co nsiders-lengthy-ban-for-paredes-over-post-world-cup-incidents/?utm_source=mastodon&utm_medium=jetpack_social
117021080521685932,argentina,,Chimango 🦅 #WildlifePhotography #BirdPhotography #Chimango #Argentina #Patagonia #NaturePhotography #SonyAlpha
117020902452314362,argentina,,Yacaré 🐊 #WildlifePhotography #Yacare #Argentina #EsterosDelIbera #NaturePhotography #SonyAlpha
117020777254301736,argentina,en,"Lisandro Martínez says criticism of Argentina’s 2026 World Cup behavior is distorted, insisting the team’s intensity came from passion and respect. The defender rejects claims of “dirty play” and defends the squad’s identity. # WorldCup2026 # Argentina # Martinez # FanZone https:// fanzonesportsnetwork.wordpress .com/2026/08/01/lisandro-martinez-defends-argentina-world-cup-criticism/?utm_source=mastodon&utm_medium=jetpack_social"
117019994277061488,argentina,en,"The Chaco Open, Abierto del Nordeste or Northeast Open, is a # golf tournament on the # TPGTour , the official # professionalGolfTour in # Argentina . First held in 1970, it has always been held at the Chaco Golf Club, in # Resistencia , # ChacoProvince . It took a hiatus from 2008 to 2010."
117019856091124850,argentina,ru,"FIFA President Infantino Abandons Controversial World Cup Sale Plan FIFA President Gianni Infantino has abandoned his controversial plan to involve private investors in the World Cup. Following a revolt led by UEFA and other confederations, Infantino was compelled to withdraw his proposal to hand over the tournament’s organization to a private company. The globa... # Argentina # FIFA # UEFA # WorldCup https:// sportbursts.com/soccer/fifa-pr esident-infantino-abandons-controversial-world-cup-sale-plan/?utm_source=mastodon&utm_medium=jetpack_social"
117017385704914955,argentina,en,"La Recoleta Cemetery — Buenos Aires, Argentina 📍 📷 Enildo Amaral · Public domain # Argentina https:// show.pictures/world/argentina/ buenos-aires/la-recoleta-cemetery/"
117017276288442032,argentina,es,"Se viene otra vuelta de Beyond the Wire desde Buenos Aires! FPS táctico de la primera guerra mundial tan crudo como bello. Eso si, hay mucho barro y muerte. 🍷 https://www. battlemetrics.com/servers/btw/ 40466237 # beyondthewire # gaming # pcgaming # latam # tacticalshooters # videojuegos # multijugador # argentina # buenosaires"
117017187826047294,argentina,en,Buildings as canvas for paintings seems a common theme in # Argentina . # SantaFe # Rosario
117016259559533011,argentina,es,El vino blanco argentino cae un 7% pese al avance exterior https://www. vinetur.com/20260731105128/arg entinas-white-wine-sales-fell-7-in-2025.html # VinoBlanco # VinoArgentino # Argentina # Varietales # TetraBrik
117015696436441433,argentina,en,"When Argentina and England met in a World Cup semifinal match earlier this month, the potential for a political firestorm was clear. The 10-week war over the Falkland Islands in 1982 comes up every time the two nations play. And after a stunning comeback victory, the Argentine players wasted no time in unfurling a banner that read “Los Malvinas son Argentinas.” (Indirect translation: ""The Falklands are ours.”) Their fans back home took notice and turned the controversial political statement into a cultural juggernaut. Read more from @ AssociatedPress : https:// flip.it/3_I.JM # Culture # WorldCup # Argentina"
117015331784148685,argentina,ru,"FIFA Opens Disciplinary Case Against Argentine Football Association The FIFA Disciplinary Committee has initiated disciplinary proceedings against the Argentine Football Association due to the conduct of the Argentina national team during the 2026 World Cup matches, according to official FIFA sources. These proceedings concern potential violations of Article 13... # Argentina # FIFA # Spain # WorldCup https:// sportbursts.com/soccer/fifa-op ens-disciplinary-case-against-argentine-football-association/?utm_source=mastodon&utm_medium=jetpack_social"
117013197822205755,argentina,,https://youtu.be/rZjdbSU969c #techno #vinyl #SolOrtega #vinyl #DeseoClub #Argentina #SolOrtega #djset #techno #vinyl #hypnotictechno #groove #underground #electronicmusic #buenosaires #clubculture #deseo #technodj
117013020182939627,argentina,en,🎥 Bauti Rivas 'NUNCA SE SABE' 📡 https://www. youtube.com/watch?v=C83jy5P5scI # skateboarding # BuenosAires # argentina
117012288486601819,argentina,en,The president of Paraguay—just like the president of Argentina—is being manipulated by Trump to sabotage Lula's presidential campaign. # Paraguay # Argentina # Lula # Trump # Brazil # elections https://www. brasildefato.com.br/2026/07/30 /assim-como-milei-presidente-do-paraguai-esta-sendo-usado-por-trump-para-prejudicar-lula/
117011911905583536,argentina,en,FIFA Charges Argentina Over Falklands Banner Displayed After Defeating England at World Cup https:// fed.brid.gy/r/https://european conservative.com/articles/news-corner/fifa-charges-argentina-over-falklands-banner-displayed-after-defeating-england-at-world-cup/
117011456089399869,argentina,en,"Death to Argentina! (and every nation state) Ban me, bro. https://www. aljazeera.com/news/2026/7/30/a rgentinas-milei-seeks-to-deport-foreigners-that-spread-hate-of-country # Argentina # WorldCup"
117011428006066947,argentina,en,Argentina Tightens Immigration with Milei’s New Controversial Decree https:// fed.brid.gy/r/https://www.tele surenglish.net/argentina-immigration-new-milei-decree/
117011421252962798,argentina,en,The World’s First Giant Anteater Reintroduction Appears to Be Succeeding in Brazil https:// fed.brid.gy/r/https://www.good newsnetwork.org/the-worlds-first-giant-anteater-reintroduction-appears-to-be-succeeding-in-brazil/
117011308549446903,argentina,en,"The World’s First Giant Anteater Reintroduction Appears to Be Succeeding in Argentina (I know the headline says Brazil, but this takes place in Argentina.) https://www. goodnewsnetwork.org/the-worlds -first-giant-anteater-reintroduction-appears-to-be-succeeding-in-argentina/ # goodnews # animals # wildlife # Argentina"
117011280871656116,argentina,es,"From commit36, a worker-owned software cooperative and member of the PTI, we believe working-class struggles can also be shared through games. Fate Resiste is our latest project: a Telegram game where SUTNA workers defend the Fate tire factory. 🌐 https:// commit36.com 🎮 Play now: https:// t.me/Miniapp_v01_bot/games_fate # FateResiste # SUTNA # LaborMovement # TradeUnion # WorkerCoop # Cooperative # IndieGame # GameDev # Telegram # Argentina # Solidarity # ClassStruggle # Workers # Gaming"
117010511951519622,argentina,en,# News # Argentina # Madness https:// apnews.com/article/argentina-w orld-cup-milei-dc649598f3917ebacf0ffdf478379a6a
117009010206892923,argentina,ru,"Petitions Call to Revoke Lionel Messi’s Princess of Asturias Sports Award Around 30 petitions have been launched on the Change.org platform demanding a review of the decision to award Lionel Messi the Princess of Asturias Award for Sports. The petitioners are calling for the award to be canceled, withdrawn, or reconsidered, according to COPE. These... # Argentina # LionelMessi # Spain # WorldCup https:// sportbursts.com/soccer/petitio ns-call-to-revoke-lionel-messis-princess-of-asturias-sports-award/?utm_source=mastodon&utm_medium=jetpack_social"
117008844636050800,argentina,en,"# ThursDeath this week is Argentina's NAJASH and their wild new LP 'De Báratros Ustorios'. https:// najash.bandcamp.com/album/de-b -ratros-ustorios This is blackened death, great aspects of both, but in my opinion, more death than black. Very unique record. Growls and screams aplenty. Some cool, strange shit all over this. I keep coming back to it. And that cover art! 💀 # metal # DeathMetal # Argentina # Najash # 2026Albums # 2026Records # BlackenedDeath @ HailsandAles @ wendigo @ rtw @ guffo @ AlfeeDee @ c0m4 @ Kitty @ umrk @ flockofnazguls @ swampgas @ nnenov @ ttntm @ Affekt"
117007004950007561,argentina,en,"Ischigualasto Provincial Park — San Juan Province, Argentina 📍 📷 Anaca79 · CC BY-SA 4.0 # Argentina https:// show.pictures/world/argentina/ san-juan-province/ischigualasto-provincial-park/"
117006532957651493,argentina,en,"Inmaculada Concepción parish — Buenos Aires, Argentina 📍 📷 Beatrice Murch · CC BY 2.0 # Argentina https:// show.pictures/world/argentina/ buenos-aires/inmaculada-concepci-n-parish/"
117006440087353967,argentina,en,"FIFA hits Argentina with World Cup charges for scuffle and ""Malvinas"" banner A list of disciplinary cases opened by FIFA against Argentina also includes ""discriminatory chants and gestures"" by fans. https://www. cbsnews.com/news/fifa-argentin a-world-cup-charges-for-scuffle-malvinas-banner/ # TopNews # News # Argentina # FIFA # Malvinas"
117006434430011250,argentina,en,"CF Signals: Vanina Buniak – Conectados [Arido Records] Born and raised in Rosario, Argentina, Vanina Buniak has built a career defined by a vision of techno where hypnotism, intensity, and industrial textures take center stage. Coming from a family deeply tied to music, she began her journey in 2005 across iconic local spots like Kasa Enkantada and the historic after-hours El Sótano—projections that later took her to clubs across Latin America, Europe, and the Middle East, alongside releases on seminal labels such as Soma and MindTrip. https://clubfuries.com.mx/2026/06/21/cfs-anxiety-belefonta-ard063/ Now, the Arido Records platform presents Trànsito Hubble , the Argentine producer’s new EP and the 64th reference point in its digital catalog. Inspired by concepts of transit, distance, and perception, the release unfolds a hypnotic techno journey where atmospheric depth and science-fiction elements move in balance. https://soundcloud.com/clubfuriess/cfs-vanina-buniak-conectados-ard064 The peak point of physical immersion in this release solidifies on Conectados , our exclusive Premiere. The cut surgically bridges the depths of the universe with those of the dancefloor through a driving groove, pure hypnotism, and thick rhythms. The track’s architecture warps the club’s temporality by revealing itself as emergent, effervescent, and incipient , staying perpetually one step ahead by chasing new sonic horizons from a deeply established rhythm section imbued with an unmistakable Sci-Fi touch. Towards the denouement, the composition rejects any complacent resolution or standard fading closure. The analog drive cuts off abruptly mid-interstellar friction, leaving residual frequencies and the ship’s echo suspended in mid-air like an unfinished interference in the dark. With Trànsito Hubble , Vanina Buniak and Arido Records sign a flawless editorial stance: proving that cult techno reaches its peak potency when transforming the vastness of the cosmos into a deeply physical, immersive dancefloor experience. Label: Arido Records Artist: Vanina Buniak Title: Trànsito Hubble Format: Digital Catalogue: ARD064 Genre: Techno Mastered by Ø Sound Lab / Crøg Artwork: Aimar Release Date: June 29, 2026 Support & Buy: Bandcamp Tracklist 1. Cambios Físicos 2. Conectados 3. Horizonte Silencioso 4. Línea 33 5. Órbita Perdida 6. Pulso Estelar Vanina Buniak SoundCloud | Instagram | Threads | Facebook | Linktree Arido Records SoundCloud | Instagram | Bandcamp | Facebook | Formaviva | Linktree Club Furies Website | SoundCloud | Instagram | Threads | TikTok | Facebook | Bandcamp | Linktree #Argentina #AridoRecords #Atacama #CFPremiere #Chile #clubFuries #ClubFuriesPremiere #DeepTechno #Electrónica #Electronic #Electronica #HypnoticTechno #industrialTechno #Iquique #Premiere #premiereCF #PremiereClubFuries #RawTechno #Rosario #SciFiTechno #techno #VaninaBuniak"
117006338719760834,argentina,es,My dream is to one day leave Argentina so I can work and have financial stability with my son ♥ I'm an illustrator specializing in traditional and anime styles. I love the anime style of the 90s/2000s. # art # artist # argentina # illustration # D &D # krita # loveart # dreams # angel
117006241173441370,argentina,es,"The Beach Boys' Pet Sounds arrived in Argentina as Sonidos Favoritos. In my latest El Espacio Haro piece, I write about how music was edited and translated in my country: Capitol/Odeón's decisions, the hands that pressed the vinyl, and the life each record gathered in the homes of those who played it. Playing a vinyl means listening to a historical object. https:// substack.com/@elespacioharo/p- 209041813 # Vinyl # PublicHistory # Music # BeachBoys # PetSounds # Argentina # Substack"
117005827390899578,argentina,en,"FIFA has opened a disciplinary investigation into Argentina over incidents after the World Cup final, including clashes with Spain and a political banner. Full story on Fan | Zone. # WorldCup # FIFA # Argentina # Football # FanZone https:// fanzonesportsnetwork.wordpress .com/2026/07/29/fifa-opens-disciplinary-investigation-argentina-world-cup-final-incidents/?utm_source=mastodon&utm_medium=jetpack_social"
117005826966670979,argentina,en,"Argentina’s World Cup Conduct Under Investigation FIFA has opened a disciplinary investigation into Argentina over incidents after the World Cup final, including player clashes with Spain and a political banner. A prosecutor will review footage and reports before deciding on possible sanctions. https:// fanzonesportsnetwork.wordpress .com/2026/07/29/fifa-opens-disciplinary-investigation-argentina-world-cup-final-incidents/"
117005806497994522,argentina,en,Fifa opens disciplinary proceedings against Argentina over Falklands banner and final chaos Fifa has begun disciplinary proceedings against Argentina over the Falkland Islands banner displayed after their World Cup semi-final win over England https://www. theguardian.com/football/2026/ jul/29/fifa-open-disciplinary-proceedings-against-argentina-over-falklands-banner-and-final-chaos # TopNews # News # Fifa # Argentina # Spain
117005500607829595,argentina,ru,"FIFA Opens Disciplinary Cases Against Argentina and Gavi After World Cup Final The FIFA Disciplinary Committee has launched an investigation following the World Cup final. The Argentine Football Association is under scrutiny, facing potential sanctions due to discriminatory chants by fans, throwing of objects, match delays, and breaches of security. Separate cases hav... # Argentina # FIFA # WorldCup https:// sportbursts.com/soccer/fifa-op ens-disciplinary-cases-against-argentina-and-gavi-after-world-cup-final/?utm_source=mastodon&utm_medium=jetpack_social"
117005459285369626,argentina,en,🟡 Bomb Threat / Evacuation | 7/10 🇦🇷 U.S. Embassy Evacuation in Buenos Aires Due to Bomb Threat The U.S. Embassy in Buenos Aires was evacuated after an anonymous call claiming there was a bomb outside the building. Police cordoned off the diplomatic area in the Palermo neighborhood. # OSINT # NewsGroup # Argentina # USEmbassy # BombThreat # Evacuation
117005193844661222,argentina,en,"🟡 BombThreat | 7/10 🇺🇸 🇦🇷 US Embassy in Buenos Aires evacuated after bomb threat Embassy received an anonymous bomb threat call, prompting evacuation and a police response. No explosive device found yet. # OSINT # NewsGroup # BombThreat # USEmbassy # Argentina # Security"
117004812422500532,argentina,en,World Cup 2026: Fifa opens disciplinary proceedings against Argentina Fifa opens disciplinary proceedings against Argentina over their behaviour after their World Cup final loss to Spain and throughout the tournament. https://www. bbc.com/sport/football/article s/cp3rkwgy6y7o # TopNews # News # Argentina # Fifa # Spain
117004409553931443,argentina,en,Fifa open disciplinary proceedings against Argentina over Falklands banner and final chaos By PA Media Players brandished banner after semi-final against England https://www. theguardian.com/football/2026/ jul/29/fifa-open-disciplinary-proceedings-against-argentina-over-falklands-banner-and-final-chaos # WorldCup2026 # Fifa # Argentina # England # Footballpolitics # Football # Sport # FalklandIslands # TheGuardian # PAMedia
117004212080685992,argentina,en,RE: https:// mastodon.social/@europeanspace flight/116990873039507885 The # Cebreros ground station is located approximately 77 kilometres west of # Madrid 🇪🇸 and is one of # ESA ’s three # DeepSpace ground stations. The other two are hosted at New Norcia in # Australia 🇦🇺 and Malargüe in # Argentina 🇦🇷
117003472942173804,argentina,en,"Just made this review of # IfCatsDisappearedFromTheWorld with # TakeruSatoh # AoiMiyazaki # AnnaIshii # EitaOkuno # GakuHamada # MiekoHarada and # EijiOkuda This # JapaneseMovie is a # LiveAction filmed in # Japan , # Argentina and # Brazil"
117003339966783652,argentina,en,""" # Antisemitism in our seven countries is no longer a surge; it is our new normal,” the organization said in a statement. “Governments must stop reacting after # Jews are attacked and start acting before, with real # securityfunding , stronger laws and # socialmedia platforms that enforce their own rules.” Fifteen Jews were # murdered at a # Hanukkah celebration on # BondiBeach in # Sydney , two were # killed at # HeatonPark # Synagogue in # Manchester on # YomKippur , two were killed at the Capital # Jewish Museum in # WashingtonDC , and one was killed in # Boulder , # Colorado . The figure was the highest since 1994, when 85 people — including 67 Jews — were killed in the # AMIA # bombing in # Argentina ."" https://www. timesofisrael.com/after-deadli est-year-in-decades-for-diaspora-jews-task-force-warns-hate-is-our-new-normal/"
117003183300823532,argentina,,Parque Carlos Thays / Carlos Thays park [Buenos Aires] #argentina #urban #streetphotography #buenosaires
117002876710202092,argentina,en,"🚨 WARNELY SAFETY ALERT Posadas, Argentina · Natural disaster M5.0 earthquake — South Sandwich Islands region A magnitude 5.0 earthquake struck South Sandwich Islands region. Follow local authority guidance. https://www. warnely.com/news/m5-0-earthqua ke-south-sandwich-islands-region-365c70a8-7c25-429b-99e0-d393411b45de?utm_source=mastodon&utm_medium=social&utm_campaign=incident # WarnelyAlert # Argentina"
117002409622184597,argentina,en,"Webuild v # Argentina # ICSID Case No. ARB/26/7 July 27, 2026 - The Claimant files a proposal for the disqualification of arbitrator Philippe Sands pursuant to ICSID Arbitration Rule 22(1). The proceeding is suspended in accordance with ICSID Arbitration Rule 22(2). https:// icsid.worldbank.org/cases/case -database/case-detail?CaseNo=ARB/26/7"
117001361964173564,argentina,en,"RE: https:// mastodon.social/@Abelvicent/11 7001300369614134 # Germany # Netherlands # Belgium # USA # europe # Community 🌱 # Spain # Denmark # Luxembourg # UK # Austria # Italy # Australia , # Austria , # Canada , # France , # Portugal , # Norway , # argentina , # sweden , # UnitedKingdom , # Finland , # Lithuania , # Greece , # RepublicofCyrus , # Malta , # Poland , # CzechRepublic , # Romania , # Hungary , # Slovakia , # Croatia , # Slovenia , # RepublicofIreland , # America"
117001342533817690,argentina,en,"Iguazu Falls — Puerto Iguazu, Argentina 📍 📷 Meltryth · CC BY-SA 3.0 # Argentina https:// show.pictures/world/argentina/ puerto-iguazu/iguazu-falls/"
117001133993957676,argentina,en,"I find inaturalist maps pretty fascinating. I'll be viewing a botanist profile, viewing mapped observations, and learn something new on a regular basis. For instance, I've been seeing this evergreen Monkey-Puzzle tree around on random occasions (once you see it once its hard not to see it), as people plant them for landscaping additions in the pnw, and realized its a wild presence is now endangered in Chile and Argentina...which is a major downer...but still interesting nonetheless. Such a fascinating species. https://www. inaturalist.org/taxa/126404-Ar aucaria-araucana # inaturalist # botany # trees # endangered # Argentina # Chile"
117000870597224669,argentina,en,"Iguazú National Park — Iguazú Department, Argentina 📍 📷 littletroll · CC BY-SA 3.0 # Argentina https:// show.pictures/world/argentina/ iguaz-department/iguaz-national-park/"
116999329187838224,argentina,en,"⚡IMF Managing Director Kristalina Georgieva visited the Vaca Muerta shale formation in Neuquén, # Argentina 🇦🇷, accompanied by Economy Minister Luis Caputo and the president of YPF. The visit to the Loma Campana deposit highlighted a sector described as ""one of the fastest growing"" in the country and a primary source of foreign currency. [Clarín] Keep following for ongoing coverage"
116998478482808835,argentina,es,A beautiful hidden gem in the heart of Patagonia. 💦🏔️❄️ A hidden waterfall just a short detour from the Fitz Roy trail — definitely worth the effort to find it. # LagunaCapri # FitzRoy # MountFitzRoy # ElChalten # Patagonia # PatagoniaArgentina # Argentina # LosGlaciaresNationalPark # HiddenWaterfall # HiddenGem # Waterfall # NaturePhotography # LandscapePhotography # HikingPatagonia # ExplorePatagonia # VisitArgentina # Andes https:// pixelfed.social/p/drcalambreSC /987750121362959041
116998457418312592,argentina,,"A hidden waterfall just a short detour from the Fitz Roy trail — definitely worth the effort to find it. It isn't marked on the trail maps, so we saved the location on our offline maps (there is no signal in the park), which helped us find it. From El Chaltén, follow the trail to Laguna Capri and continue along the lakeshore, with the lake on your left. You'll pass another beach; just keep following the trail along the lake. Eventually, the lake will no longer be beside you. The trail continues, but you'll come across a large area of loose rocks sloping down to the right, as mentioned in other reviews. Make your way down the rocky slope and you'll soon start hearing the waterfall. It's not far from the main trail. The waterfall is reached by descending toward it, rather than climbing up. A beautiful hidden gem in the heart of Patagonia. 💦🏔️❄️ #LagunaCapri #FitzRoy #MountFitzRoy #ElChalten #Patagonia #PatagoniaArgentina #Argentina #LosGlaciaresNationalPark #HiddenWaterfall #HiddenGem #Waterfall #NaturePhotography #LandscapePhotography #HikingPatagonia #ExplorePatagonia #VisitArgentina #Andes"
116998355695123815,argentina,es,"Laguna Capri, completely frozen on July 10, 2026, with the majestic Mount Fitz Roy rising in the distance. A breathtaking Patagonian landscape, where winter transforms the lake into a vast frozen mirror beneath the legendary peaks of the Andes. 🏔️ ❄️ 🇦🇷 # LagunaCapri # MountFitzRoy # FitzRoy # ElChalten # Patagonia # Argentina # LosGlaciaresNationalPark # Winter # FrozenLake # LandscapePhotography # NaturePhotography # MountainPhotography # Andes # ExplorePatagonia # VisitArgentina https:// pixelfed.social/p/drcalambreSC /987743055545157579"
116998347021618525,argentina,,"Laguna Capri, completely frozen on July 10, 2026, with the majestic Mount Fitz Roy rising in the distance. A breathtaking Patagonian landscape, where winter transforms the lake into a vast frozen mirror beneath the legendary peaks of the Andes. 🏔️❄️🇦🇷 #LagunaCapri #MountFitzRoy #FitzRoy #ElChalten #Patagonia #ArgentinePatagonia #Argentina #LosGlaciaresNationalPark #PatagoniaArgentina #WinterInPatagonia #FrozenLake #LandscapePhotography #NaturePhotography #MountainPhotography #Andes #ExplorePatagonia #VisitArgentina"
116997961098819971,argentina,ja,https://www. wacoca.com/news/2894321/ Spain tops Argentina in final for 2nd World Cup crown | Top News # Argentina # アルゼンチン
116997290470226835,argentina,en,"Webuild v # Argentina # ICSID Case No. ARB/26/7 July 27, 2026 - The Tribunal is constituted in accordance with Article 37(2)(b) of the ICSID Convention. Its members are: Sean Murphy Stephan Schill Philippe Sands https:// icsid.worldbank.org/cases/case -database/case-detail?CaseNo=ARB/26/7"
116997174371525990,argentina,en,Javier Milei accuses US Democrats of financing ‘anti-Argentina campaign’ at World Cup By Facundo Iglesia in Buenos Aires and Tiago Rogero in Rio de Janeiro President also blames Brazil and Mexico and says online critics ‘do not want the ideas of freedom to succeed’ https://www. theguardian.com/world/2026/jul /28/javier-milei-accuses-us-democrats-of-financing-anti-argentina-campaign-at-world-cup # Argentina # Americas # Worldnews # JavierMilei # JairBolsonaro # Brazil # AmnestyInternational # SamuelLJackson # WorldCup2026 # WorldCup # Football # TheGuardian # FacundoIglesiainBuenosAires # TiagoRogeroinRiodeJaneiro
116997170149712470,argentina,ru,"Lionel Messi Has No Plans to Pursue Coaching After Playing Career Lionel Messi currently has no plans to retire from playing football, and consequently, he is not considering a coaching career after his playing days are over. It appears that he does not have any inclination toward management. ""I have absolutely no plans to become a coach after I finish my playi... # Argentina # LionelMessi # WorldCup https:// sportbursts.com/soccer/lionel- messi-has-no-plans-to-pursue-coaching-after-playing-career/?utm_source=mastodon&utm_medium=jetpack_social"
116997151665472294,argentina,en,Javier Milei accuses US Democrats of financing ‘anti-Argentina campaign’ at World Cup https://www. theguardian.com/world/2026/jul /28/javier-milei-accuses-us-democrats-of-financing-anti-argentina-campaign-at-world-cup # Argentina # Americas # WorldNews # JavierMilei # JairBolsonaro # Brazil # AmnestyInternational # SamuelLJackson # WorldCup2026 # WorldCup # Football
116997151507578407,argentina,en,# News # Argentina # MadKingCrazyCountry https://www. theguardian.com/world/2026/jul /28/javier-milei-accuses-us-democrats-of-financing-anti-argentina-campaign-at-world-cup
116997035765084571,argentina,ru,"Rudi Völler Rejects Germany Adopting Argentina’s Defensive Style Germany's national team sporting director, Rudi Völler, has acknowledged significant defensive issues within the squad but firmly rejects the idea of addressing them by emulating Argentina's style of play. ""Many have pointed to Argentina as an example, but I believe that's a poor model. Suddenly, Argenti... # Argentina # Germany # Spain https:// sportbursts.com/soccer/rudi-vo ller-rejects-germany-adopting-argentinas-defensive-style/?utm_source=mastodon&utm_medium=jetpack_social"
116996491967515036,argentina,ru,"Cape Verde Defender Sidney Lopez Cabral Scores World Cup’s Best Goal After a considered pause, FIFA has named the best goal of the recently concluded World Cup. According to the organization's experts, the honor goes to Cape Verde defender Sidnei Lopes Cabral. This remarkable strike came during the round of 16 match against the reigning world... # Argentina # CapeVerde # FIFA # Morocco # WorldCup https:// sportbursts.com/soccer/cape-ve rde-defender-sidney-lopez-cabral-scores-world-cups-best-goal/?utm_source=mastodon&utm_medium=jetpack_social"
116996148122296484,argentina,en,"# Earthquake (#sismo) possibly felt 7 sec ago in # Argentina (detected from https:// sismo.app/ ). Felt it? Tell us via: 📱 https:// m.emsc.eu/#app 🌐 https:// m.emsc.eu 🖥 https://www. emsc-csem.org ⚠ Automatic crowdsourced detection, not seismically verified yet. More info soon!"
116995658809991960,argentina,en,"📍 38 km S of Mendoza, Argentina 🕐 Tue 28 Jul 2026 01:37 UTC 🌍 M4.6 Earthquake 🟢 Light 📊 Magnitude: 4.6 📏 Depth: 36.5 km — Shallow 🗺️ -33.2379, -68.8772 👥 Felt by 2 people 🔗 https://earthquake.usgs.gov/earthquakes/eventpage/us6000tg9q # Earthquake # Seismic # EarthAlerts # DisasterAlert # BreakingNews # Environment # Nature # Science # Survival # Mendoza # Argentina https:// mastodon.social/@earthalerts/1 16995131029499639?utm_source=flipboard&utm_medium=activitypub Posted into Real-Time Disaster Earth Alert @ real-time-disaster-earth-alert-Econopass"
116995131029499639,argentina,en,"📍 38 km S of Mendoza, Argentina 🕐 Tue 28 Jul 2026 01:37 UTC 🌍 M4.6 Earthquake 🟢 Light 📊 Magnitude: 4.6 📏 Depth: 36.5 km — Shallow 🗺️ -33.2379, -68.8772 👥 Felt by 2 people 🔗 https:// earthquake.usgs.gov/earthquake s/eventpage/us6000tg9q # Earthquake # Seismic # EarthAlerts # DisasterAlert # BreakingNews # Environment # Nature # Science # Survival # Mendoza # Argentina"
116995129533133660,argentina,en,"New # earthquake detected: M 4.6 - 38 km S of Mendoza, # Argentina 2026/07/28, 01:37:42 UTC GPS: -33.2379, -68.8772 Depth: 36.491 km 🔗 https:// earthquake.usgs.gov/earthquake s/eventpage/us6000tg9q"
116994903747977209,argentina,en,Argentinean President Milei Faces Criminal Charges for Misuse of Public Funds in Brazil https:// fed.brid.gy/r/https://www.tele surenglish.net/argentina-milei-misuse-public-funds/
116994674444463800,argentina,en,"✅ Resolved: Internet disruption detected in Santa Cruz, Argentina — observed 2026-07-27 22:00–22:59 UTC (59m) (source: IODA). https:// partially.online/?country=AR # PartialyOnline # Argentina # SantaCruz # Disruption"
116994320565841323,argentina,en,"Internet disruption detected in Santa Cruz, Argentina — Significant Disruption — ongoing since 2026-07-27 22:00 UTC (source: IODA). https:// partially.online/?country=AR # PartialyOnline # Argentina # SantaCruz # Disruption"
116994161195960444,argentina,es,# fútbol # soccer # football # spain # argentina # trump # world # ai # ñ
116994014766248868,argentina,en,⚡ # Brazilian 🇧🇷 company Vibra has initiated operations in # Argentina 🇦🇷 as part of a regional expansion strategy. The company intends to focus on the marketing of its Lubrax lubricants with the goal of capturing a 12% market share. [Clarín] We’ll update as more details are confirmed
116993804439523619,argentina,en,"Free download codes: INCELLING - Sol entre dos mares ""Vaporwave made in Argentina"" https:// getmusic.fm/l/aQOhGl # lofi # vaporwave # synthpop # chill # retro # nostalgic # 80s # nostalgia # argentina # music"
116993763267778370,argentina,en,"DebConf26 – Santa Fe, Argentina TL;DR: What a great DebConf! I managed to recharge my Debian batteries, and my talks / BoF sessions all went fine. Already looking forward to DebConf in Japan next year! DebCamp The evening before DebCamp started, we had a nice bbq (we taught some locals to call it a “braai” at an organiser’s house and went for a walk around the river as the sun set. It was a very peaceful lead-in to DebCamp. I set up and sent out the call for Forky desktop artwork: https://lists.debian.org/msgid-search/910906f3-7ce4-4884-a49f-4b4a5975471b@debian.org Had many nice discussions about various Debian topics with all the Debian people around. It’s really fun being around people who are natural problem solvers who care deeply about both technical and social issues. At one point Jonas told me “Holy shit, these people are motivated!” and I appreciate that so much too! Debian LTS wine Most of my DebCamp was dedicated to preparing for my demo and main talk that followed at DebConf. Sadly, we had no loopy this year, I just didn’t have the time, and the people who stepped up to help last year were either overwhelmed with other issues or couldn’t make it. I’ll try to make it happen again for next year by kicking it off long before DC27. View of Santa Fe city from hotel DebConf Talk – Is it even possible to build a truly universal system installer? In this talk I do a very quick comparison of system installers based on my experience with them. It’s hard to directly compare all of them, since there are so many, and each have their own niche that they attempt to satisfy. I also introduce Yasi – my attempt to answer the question of whether we could build a universal installer, which can also better cover advanced installations, automated installations and niche setups. It’s very early days for the project, and I didn’t quite feel ready to share the code with the world, but it was nice that I did a quick demo where I could install a Debian system… and the resulting system actually booted up. *phew*. This is also going to be my main focus for the mid-term future. I aim to have all the basic partitioning options working by the time Debian 14 (Forky) is released, and by the time Debian 15 is released, I have a long list of features that I aim to have working. So, my timeline for having something that’s generally useful is around a year from now, and in around 3 years it should be a fully fledged installer that should cover a very large amount of Debian use cases and architectures. Day Trip For the day trip, we did a tour across Santa Fe, visited Constitución de la Nación Argentina , had lunch where we tried various dishes based on local fish from the river, and then went on a boat ride on the river. BoF Sessions: Funding in Free Software Projects: I initially registered this BoF because I’m increasingly concerned about how upstreams are asking for donations in their software. I increased the scope to talk about funding in free software in general. It followed Marga’s talk about funding, which focussed more about how developers are funded in general. We didn’t dive very deep into this, but we certainly need some further discussion (and action) on this within Debian. Debian Social Team: My most important issue for this team is a carry-over from last year, I want to set up barman (packaged in Debian) for live postgres syncing for our larger databases. For the smaller DBs, doing a daily dump is quite cheap. But for Matrix, it’s very expensive in terms if i/o and CPU, so it would be ideal to do less regular complete dumps and use live replication for the first line of redundancy instead. Images Team: I wasn’t initially planning to say much during this session, I have some ideas to reduce both size and count of images, without losing any benefits, but I don’t have any work to show for that yet. I ended up talking a lot more than I anticipated, the topics covered were quite good and representative of the current state of Debian images built. I don’t have time to create a full summary, so I suggest checking the etherpad / video recording if you’re interested. Some more wine variety during the conference dinner Debianites in the main hacklab Rosario I’m spending two days in Rosario before I head home. Exploring a bit, catching up with sleep, finishing this blog post, signing keys and exploring some ideas I made note of during DebConf. Thank you to the DebConf26 Team! It was a little surreal not being part of any DebConf team for the first time ever, I’ve just been too focussed on getting Yasi ready for my talk (no regrets!). I hope to be more involved again next year, in the meantime, I’m very grateful to everyone who has made this happen, you did a stellar job! I hope to see many of you again next year in Japan! #Argentina #ConstituciónDeLaNaciónArgentina #Debconf #Debian #Yasi"
116992902432184339,argentina,ru,"Argentine President Criticizes Brazil, Mexico, and US Democrats in Political Dispute Brazil has recalled its ambassador from Buenos Aires following sharp criticism from Argentine President Javier Milei directed at Brazil's leaders and judicial system. Milei traveled to Brazil last Friday to show support for Senator Flavio Bolsonaro's presidential campaign. During his visit,... # Argentina # WorldCup https:// sportbursts.com/soccer/argenti ne-president-criticizes-brazil-mexico-and-us-democrats-in-political-dispute/?utm_source=mastodon&utm_medium=jetpack_social"
116991104469408541,argentina,ru,Slovenian Referee Slavko Vinčič Retires After 2026 World Cup Final Slovenian referee Slavko Vinčić has officially retired from officiating. His final match was the 2026 World Cup final between Spain and Argentina. Vinčić had been listed as an international referee since 2010. He made history as the first Slovenian official to be appointe... # Argentina # BorussiaDortmund # RealMadrid # Spain # WorldCup https:// sportbursts.com/soccer/sloveni an-referee-slavko-vincic-retires-after-2026-world-cup-final/?utm_source=mastodon&utm_medium=jetpack_social
116990576220640400,argentina,en,Javier Milei calls Brazilian president Lula a 'thief' and 'convict' https://www. bbc.com/news/articles/cvgx91vd edno # Argentina # Milei # RightWing # Fascism
116990238266014818,argentina,en,"Brazil recalls ambassador to Argentina over Milei's remarks During a visit to Brazil to support far-right presidential candidate Flavio Bolsonaro, Argentina's president called the Brazilian leader a ""convict"" and a ""thief."" https://www. dw.com/en/brazil-recalls-ambas sador-to-argentina-over-milei-s-remarks/a-78123444?maca=en-rss-en-all-1573-rdf # Argentina # Brazil # BrazilNews # Milei # ArgentinaNews # News"
116990104933579740,argentina,ja,https://www. wacoca.com/news/2893160/ Paredes expects Messi to retire from Argentina duty after World Cup heartbreak # Argentina # アルゼンチン
116990017931545662,argentina,en,"Hotel Castelar — Buenos Aires, Argentina 📍 📷 I the author of this work, User:Roberto Fiadone · Public domain # Argentina https:// show.pictures/world/argentina/ buenos-aires/hotel-castelar/"
116989470379492914,argentina,en,"CF Signals: Morgana Parel – Estímulo [Audio Alert] The archaeology of future techno demands labels that understand rhythm as an extension of urban industrial dynamics. Buenos Aires-based imprint Audio Alert —spearheaded by Kid Riot , a key figure from the first wave of the Argentine scene—presents volume four of its acclaimed various artists series, marking the ninth reference point in its catalog. Faithful to its vocation for science fiction and analog hybridization, this compilation gathers global producers such as Nicko Shuo, Kid Riot himself, and Brazilian duo Lost My Keys, unified under a singular raw, authentic vision of the underground. https://clubfuries.com.mx/2025/12/15/cfp-citizen-noise-pragmatic-aa008/ The vanishing point of this release solidifies with our exclusive Premiere: Estímulo , a piece signed by leading Peruvian DJ and producer Morgana Parel . Living up to a word that defines any physical or mechanical agent capable of triggering a functional reaction within an organism, the track operates as a biological catalyst upon the dancer’s body. From the very first bars, the sonic matter reveals itself as dense and intense, like an erupting volcano that, nonetheless, does not fully explode , holding back a massive amount of modular energy within its core. https://soundcloud.com/clubfuriess/cfs-morgana-parel-estimulo-aa009 The composition’s architecture subtly warps the club’s temporality. As the minutes progress, the track unwinds from its moorings and its density , releasing the accumulated tension to streamline the sonic structure and brighten the rhythm . Enveloping landscapes and an energetic drive coexist masterfully, demonstrating a refined sound design that awakens the senses without resorting to easy stridency. Towards the denouement, the structure rejects any complacent resolution or traditional fading closure. The industrial drive cuts off abruptly mid-analog containment, leaving the residual vibration and the synths’ echo suspended like an unfinished interference in the dark. With Estímulo , Morgana Parel and Audio Alert sign a flawless editorial stance against the current Latin American scene: a manifesto proving that cult techno reaches its peak potency when it manages to fuse geological force with future precision. Label: Audio Alert Artist: Various Artists Title: Curated series Vol.4 Catalogue: AA009 Artwork: Activity Vision Masterized by: Seph Bandcamp Release Date: July 27, 2026 All Major Stores and Platforms: August 3, 2026 Support & Buy: Bandcamp Tracklist 1. Nicko Shuo “Futurism” 2. Morgana Parel “Estímulo” 3. Kid Riot “The Gaze” 4. Lost My Keys “Ondrem” Morgana Parel SoundCloud | Instagram | Beatport | Facebook | Linktree Audio Alert SoundCloud | Instagram | Bandcamp | Facebook Club Furies Website | SoundCloud | Instagram | Threads | TikTok | Facebook | Bandcamp | Linktree #Argentina #AudioAlert #BuenosAires #CFPremiere #clubFuries #ClubFuriesPremiere #CuratedSeries #Electrónica #Electronic #Electronica #Lima #MorganaParel #Peru #Premiere #premiereCF #PremiereClubFuries #techno"
116989392347415654,argentina,en,Fash Milei hearts Bolsonaro. https://www. telesurenglish.net/brazil-call s-its-ambassador-in-argentina-for-consultations-after-milei-offenses/ # ArgentinaFascism # Argentina # Brazil
116989222379758385,argentina,en,"https://www. si.com/soccer/fifa-president-f urther-scrutiny-leaked-argentina-letter-world-cup-final ""Professionalism"" ?! # WorldCup # GianniInfantino # Football # Soccer # Argentina # FIFA"
116988920006712380,argentina,en,"📍 53 km N of Arauco, Argentina 🕐 Sun 26 Jul 2026 17:29 UTC 🌍 M4.5 Earthquake 🟢 Light 📊 Magnitude: 4.5 📏 Depth: 157.1 km — Intermediate depth 🗺️ -28.0972, -66.7262 🔗 https://earthquake.usgs.gov/earthquakes/eventpage/us7000t3ia # Earthquake # Seismic # EarthAlerts # DisasterAlert # BreakingNews # Environment # Nature # Science # Prepping # Arauco # Argentina https:// mastodon.social/@earthalerts/1 16987531290573884?utm_source=flipboard&utm_medium=activitypub Posted into Real-Time Disaster Earth Alert @ real-time-disaster-earth-alert-Econopass"
116988484893699276,argentina,en,Agenzia Nova: Business news: Argentina: gruppo locale prende controllo di petrolifera Crown Point Energy 26 lug 23:00 - (Agenzia Nova) - Il gruppo argentino Liminar Energia ha acquisito il controllo del 91 per cento della petrolifera Crown Point... (Abu) Business news: Argentina: local group takes control of Crown Point Energy oil company July 26 23:00 – (Agenzia Nova) – The Argentine group Liminar Energia has acquired control of 91 percent of the oil company Crown Point… (Abu) # Argentina # CrownPointEnergy # AgenziaNova # Argentine # LiminarEnergia # 91percent # CrownPoint https://www. agenzianova.com/a/6a667c1c92b2 f8.69582585/7642086/2026-07-26/business-news-argentina-gruppo-locale-prende-controllo-di-petrolifera-crown-point-energy
116988061677541005,argentina,en,"# Argentina gov was like ""we know the anti-argentina trend was state sponsored because it worked just like we did on other campaigns, here's examples, we are just mad we are not the ones manipulating the consent"" wtf are we even doing in social"
116987540403793382,argentina,en,"New # earthquake detected: M 4.5 - 53 km N of Arauco, # Argentina 2026/07/26, 17:29:13 UTC GPS: -28.0972, -66.7262 Depth: 157.114 km 🔗 https:// earthquake.usgs.gov/earthquake s/eventpage/us7000t3ia"
116987531290573884,argentina,en,"📍 53 km N of Arauco, Argentina 🕐 Sun 26 Jul 2026 17:29 UTC 🌍 M4.5 Earthquake 🟢 Light 📊 Magnitude: 4.5 📏 Depth: 157.1 km — Intermediate depth 🗺️ -28.0972, -66.7262 🔗 https:// earthquake.usgs.gov/earthquake s/eventpage/us7000t3ia # Earthquake # Seismic # EarthAlerts # DisasterAlert # BreakingNews # Environment # Nature # Science # Prepping # Arauco # Argentina"
116987167203272330,argentina,en,"Club Atletico River Plate 🇦🇷 Liga Profesional de Fútbol 2026 Home Kit If you’d like one, I sell these 5.5-inch tall brick collectibles on Etsy: https://www. etsy.com/listing/4463398660/55 -inch-river-plate-brick-collectible # RiverPlate # CARP # Argentina # Mastofut # 3dPrinting"
116987110378695303,argentina,en,"""Argentina’s distributed solar capacity grew 34.5% in H1"" # Argentina # SolarPower # Energy # Renewables https://www. pv-magazine.com/2026/07/23/arg entinas-distributed-solar-capacity-grew-34-5-in-h1/"
116986822471134852,argentina,en,"“The fallout from the World Cup final between # Spain and # Argentina has spilled over into music. In just a few days, the singer # Rosalía has seen a tribute concert to her work cancelled in Cordoba and calls grow for a boycott of her four upcoming concerts in Buenos Aires. American artist Patti Smith has also ended up backtracking on a post about the match after receiving a wave of criticism. Both singers have apologized to Argentina’s fans for the posts.” https://www. euronews.com/culture/2026/07/2 4/boycotts-and-apologies-argentina-row-over-rosalia-and-patti-smith-after-world-cup"
116986459381033125,argentina,en,"🇦🇷 Argentina National Team ""La Albiceleste"" 2026 World Cup Primary Kit If you’d like one, I sell these 5.5-inch tall brick collectibles on Etsy: https://www. etsy.com/listing/4440096297/55 -inch-argentina-national-team-lionel # WorldCup # Argentina # Messi # Mastofut"
116985278227227559,argentina,ru,"Spain Awarded $50 Million for 2026 World Cup Victory The 2026 FIFA World Cup has become the most lucrative tournament in history, with the total prize fund reaching a record $727 million. The champions, Spain, earned $50 million, while the runners-up Argentina received $33 million, and third-placed England took home $29 million. By comparison... # AfricaCupOfNations # Argentina # England # FIFA # Spain https:// sportbursts.com/soccer/spain-a warded-50-million-for-2026-world-cup-victory/?utm_source=mastodon&utm_medium=jetpack_social"
116985057507453052,argentina,ru,"FIFA President Infantino Praises Argentina Amid Ongoing Disciplinary Probe FIFA President Gianni Infantino faced a wave of criticism following the leak of his letter to Claudio Tapia, head of the Argentine Football Association. In the letter, Infantino expressed his gratitude for Argentina's professionalism and their contribution to the 2026 World Cup, where th... # Argentina # FIFA # Spain # WorldCup https:// sportbursts.com/soccer/fifa-pr esident-infantino-praises-argentina-amid-ongoing-disciplinary-probe/?utm_source=mastodon&utm_medium=jetpack_social"
116985051188249226,argentina,ru,"World Cup 2026 Hero Vozinha Joins Colo-Colo on Free Transfer The biggest surprise of the recent World Cup was the 40-year-old Cape Verde goalkeeper Vozinha, who has now officially joined Chilean club Colo-Colo. The veteran goalkeeper signed a one-and-a-half-year contract with the club as a free agent. During the tournament in North America, Vo... # Argentina # CapeVerde # LionelMessi # Spain # WorldCup https:// sportbursts.com/soccer/world-c up-2026-hero-vozinha-joins-colo-colo-on-free-transfer/?utm_source=mastodon&utm_medium=jetpack_social"
116984400640988978,argentina,,"""Unity"" - A mural in Zanon - FASINPAT, a ceramics factory under workers' control since 2002 in Neuquén, Argentina (05-2023). #Argentina #strike #politics #workers #industrial #mural"
116983628144561062,argentina,en,"Club Atletico Boca Juniors 🇦🇷 Liga Profesional de Fútbol 2026 Home Kit If you’d like one, I sell these 5.5-inch tall brick collectibles on Etsy: https://www. etsy.com/listing/4528493753/55 -inch-boca-juniors-brick-collectible # Boca # Argentina # 3dprinting # mastofut"
116982123547579519,argentina,en,"After last week post-event performance at # fifa by # argentina , I can only give a 👎 to # messi who’s probably never even stepped foot in a # lowes"
116982007583854343,argentina,en,Marsh Deer 🦌😻 live most of their lives in #wetlands of #Argentina 🇦🇷 #Peru 🇵🇪 #Bolivia 🇧🇴 #Brazil 🇧🇷eating plants. They are #vulnerable from #palmoil #agriculture and gold #mining . Fight for them and #Boycottpalmoil 🌴🚫#Boycott4Wildlife @palmoildetect.bsky.social@bsky.brid.gy palmoildetectives.com/2024/05/19/m...
116982007315605654,argentina,en,Marsh Deer 🦌😻 live most of their lives in # wetlands of # Argentina 🇦🇷 # Peru 🇵🇪 # Bolivia 🇧🇴 # Brazil 🇧🇷eating plants. They are # vulnerable from # palmoil # agriculture and gold # mining . Fight for them and # Boycottpalmoil 🌴🚫#Boycott4Wildlife @ palmoildetectives https:// palmoildetectives.com/2024/05/ 19/marsh-deer-blastocerus-dichotomus/?utm_source=mastodon&utm_medium=Palm+Oil+Detectives&utm_campaign=publer
116980148345962164,argentina,en,‘Proxy for Trump’ Milei tours Latin America to meet far-right leaders By Tiago Rogero South America correspondent Tour comes amid Argentinian president’s declining popularity and far-right victories across Latin America https://www. theguardian.com/world/2026/jul /25/javier-milei-latin-america-tour-far-right # JavierMilei # Argentina # Brazil # Peru # Colombia # Ecuador # Worldnews # TheGuardian # TiagoRogeroSouthAmericacorrespondent
116979328594208953,argentina,en,Javier Milei Deploys Argentinean Troops to Panama’s Military Exercise Without Congress Approval https:// fed.brid.gy/r/https://www.tele surenglish.net/milei-deploys-argentina-troops-to-panama/
116977846789062299,argentina,en,"📍 292 km SSE of Ushuaia, Argentina 🕐 Fri 24 Jul 2026 23:10 UTC 🌍 M5.7 Earthquake 🟡 Moderate 📊 Magnitude: 5.7 📏 Depth: 10 km — Shallow 🗺️ -57.3066, -66.8383 🔗 https://earthquake.usgs.gov/earthquakes/eventpage/us7000t387 # Earthquake # Seismic # EarthAlerts # DisasterAlert # BreakingNews # Environment # Nature # Science # Prepping # Ushuaia # Argentina https:// mastodon.social/@earthalerts/1 16977554837700370?utm_source=flipboard&utm_medium=activitypub Posted into Real-Time Disaster Earth Alert @ real-time-disaster-earth-alert-Econopass"
116977839724722377,argentina,en,"📍 47 km WNW of San Antonio de los Cobres, Argentina 🕐 Fri 24 Jul 2026 19:38 UTC 🌍 M5.4 Earthquake 🟡 Moderate 📊 Magnitude: 5.4 📏 Depth: 197.2 km — Intermediate depth 🗺️ -24.0121, -66.7282 🔗 https://earthquake.usgs.gov/earthquakes/eventpage/us7000t36n # Earthquake # Seismic # EarthAlerts # DisasterAlert # BreakingNews # Environment # Nature # Science # Prepping # SanAntonioDeLosCobres # Argentina https:// mastodon.social/@earthalerts/1 16976711627137785?utm_source=flipboard&utm_medium=activitypub Posted into Real-Time Disaster Earth Alert @ real-time-disaster-earth-alert-Econopass"
116977828537814330,argentina,en,"📍 50 km NNW of Fiambalá, Argentina 🕐 Fri 24 Jul 2026 15:34 UTC 🌍 M4.8 Earthquake 🟢 Light 📊 Magnitude: 4.8 📏 Depth: 10 km — Shallow 🗺️ -27.2556, -67.8335 🔗 https://earthquake.usgs.gov/earthquakes/eventpage/us7000t33w # Earthquake # Seismic # EarthAlerts # DisasterAlert # BreakingNews # Environment # Nature # Science # Prepping # Fiambal # Argentina https:// mastodon.social/@earthalerts/1 16975823266338360?utm_source=flipboard&utm_medium=activitypub Posted into Real-Time Disaster Earth Alert @ real-time-disaster-earth-alert-Econopass"
116977554837700370,argentina,en,"📍 292 km SSE of Ushuaia, Argentina 🕐 Fri 24 Jul 2026 23:10 UTC 🌍 M5.7 Earthquake 🟡 Moderate 📊 Magnitude: 5.7 📏 Depth: 10 km — Shallow 🗺️ -57.3066, -66.8383 🔗 https:// earthquake.usgs.gov/earthquake s/eventpage/us7000t387 # Earthquake # Seismic # EarthAlerts # DisasterAlert # BreakingNews # Environment # Nature # Science # Prepping # Ushuaia # Argentina"
116977552777072065,argentina,en,"New # earthquake detected: M 5.7 - 292 km SSE of Ushuaia, # Argentina 2026/07/24, 23:10:29 UTC GPS: -57.3066, -66.8383 Depth: 10.000 km 🔗 https:// earthquake.usgs.gov/earthquake s/eventpage/us7000t387"
116977546695819975,argentina,en,"🚨 WARNELY SAFETY ALERT Ushuaia, Argentina · Natural disaster M5.7 earthquake — 292 km SSE of Ushuaia, Argentina A magnitude 5.7 earthquake struck 292 km SSE of Ushuaia, Argentina. Follow local authority guidance. https://www. warnely.com/news/m5-7-earthqua ke-292-km-sse-of-ushuaia-argentina-c45c87fa-ce22-4668-822c-88129e148b44?utm_source=mastodon&utm_medium=social&utm_campaign=incident # WarnelyAlert # Argentina"
116977404553453093,argentina,en,23 Million sign petition to Kick Argentina out of the World Cup 2030 https:// peq42.com/blog/23-million-sign -petition-to-kick-argentina-out-of-the-world-cup-2030/ # Argentina # international # news
116976726975910563,argentina,en,"New # earthquake detected: M 5.4 - 47 km WNW of San Antonio de los Cobres, # Argentina 2026/07/24, 19:38:42 UTC GPS: -24.0121, -66.7282 Depth: 197.180 km 🔗 https:// earthquake.usgs.gov/earthquake s/eventpage/us7000t36n"
116976711627137785,argentina,en,"📍 47 km WNW of San Antonio de los Cobres, Argentina 🕐 Fri 24 Jul 2026 19:38 UTC 🌍 M5.4 Earthquake 🟡 Moderate 📊 Magnitude: 5.4 📏 Depth: 197.2 km — Intermediate depth 🗺️ -24.0121, -66.7282 🔗 https:// earthquake.usgs.gov/earthquake s/eventpage/us7000t36n # Earthquake # Seismic # EarthAlerts # DisasterAlert # BreakingNews # Environment # Nature # Science # Prepping # SanAntonioDeLosCobres # Argentina"
116976704291018435,argentina,en,"🚨 WARNELY SAFETY ALERT Municipio de Susques, Argentina · Natural disaster M5.4 earthquake — 47 km WNW of San Antonio de los Cobres, Argentina A magnitude 5.4 earthquake struck 47 km WNW of San Antonio de los Cobres, Argentina. Follow local authority guidance. https://www. warnely.com/news/m5-4-earthqua ke-47-km-wnw-of-san-antonio-de-los-cobres-argen-3b282bde-f781-406b-b51c-068821b330a5?utm_source=mastodon&utm_medium=social&utm_campaign=incident # WarnelyAlert # Argentina"
116975823266338360,argentina,en,"📍 50 km NNW of Fiambalá, Argentina 🕐 Fri 24 Jul 2026 15:34 UTC 🌍 M4.8 Earthquake 🟢 Light 📊 Magnitude: 4.8 📏 Depth: 10 km — Shallow 🗺️ -27.2556, -67.8335 🔗 https:// earthquake.usgs.gov/earthquake s/eventpage/us7000t33w # Earthquake # Seismic # EarthAlerts # DisasterAlert # BreakingNews # Environment # Nature # Science # Prepping # Fiambal # Argentina"
116975822617257460,argentina,en,"New # earthquake detected: M 4.8 - 50 km NNW of Fiambalá, # Argentina 2026/07/24, 15:34:32 UTC GPS: -27.2556, -67.8335 Depth: 10.000 km 🔗 https:// earthquake.usgs.gov/earthquake s/eventpage/us7000t33w"
116975488748227239,argentina,en,Rosalía Apologizes to Argentina as a World Cup Repost Shadows Her LUX Tour https://www. martincid.com/music-en/rosalia -argentina-world-cup-repost-lux-tour/ # LuxTour # Rosalia # Argentina
116975420168707955,argentina,ru,"Nicolás Otamendi Retires from Argentina National Team After 17 Years Nicolas Otamendi, the 38-year-old defender of the Argentina national team, has announced his decision to retire from international football following the final of the 2026 World Cup. He expressed his gratitude to the fans, teammates, and family for their unwavering support throughout his career. Over 17 ye... # Argentina # WorldCup https:// sportbursts.com/soccer/nicolas -otamendi-retires-from-argentina-national-team-after-17-years/?utm_source=mastodon&utm_medium=jetpack_social"
116975402803152482,argentina,en,"Two whales swim near the shoreline in the San Jorge gulf, southern Argentina. The gulf’s nutrient-rich waters, abundant in krill and small crustaceans and fish, have attracted southern right whales, sei whales and, more recently, blue whales. Researchers are describing their return as a significant sign of ecological recovery following decades of commercial whaling. Photograph: Anadolu/Getty Images # photography # conservation # whales # Argentina"
116975173786472543,argentina,es,# Argentina https:// youtu.be/AaHC4ay9FOU?is=WpNXca 60mNQJAwzG
116975149519348466,argentina,es,# Argentina https:// youtu.be/CJuolgY3Jjs?feature=s hared
116974955744066151,argentina,de,"in December I wrote a report for the Rosa Luxemburg Foundation Cono Sur about how the # Milei government abuses # AI for his transformation to an authoritarian/fascist state. The report is now available in spanish, please share with your communities in # Argentina to help people understand. https:// rosalux-ba.org/2026/07/22/la-i a-en-argentina-entre-vigilancia-explotacion-y-supuestas-oportunidades-economicas/"
116974800356098105,argentina,en,"Argentina behaviour after World Cup final was ‘intolerable’, says De la Fuente By AFP Spain head coach hits out at ‘acts of aggression’ https://www. theguardian.com/football/2026/ jul/24/argentina-behaviour-world-cup-final-intolerable-de-la-fuente # Spain # Argentina # WorldCup2026 # WorldCup # Football # Sport # TheGuardian # AFP"
116974772417219591,argentina,ru,"Argentina Football Chief Acknowledges Spain’s Fair Victory in Final Claudio Tapia, President of the Argentine Football Association (AFA), addressed the supporters of the Argentina national team who believe the final result was unjust and accuse the referee of bias. ""We were unable to defeat Spain. They were stronger, they won fairly, and we must acknowledge that. In spor... # Argentina # Spain https:// sportbursts.com/soccer/argenti na-football-chief-acknowledges-spains-fair-victory-in-final/?utm_source=mastodon&utm_medium=jetpack_social"
116974463192614207,argentina,en,"Internet disruption detected in Tierra del Fuego, Argentina — Severe Disruption — ongoing since 2026-07-24 09:50 UTC (source: IODA). https:// partially.online/?country=AR # PartialyOnline # Argentina # TierraDelFuego # Disruption"
116974013987756650,argentina,en,"Weather tracker: more than 900 wildfires rage across Canada By James Michelin for MetDesk Fires remain out of control in Northwest Territories and Ontario, while Argentina endures record night-time heat https://www. theguardian.com/environment/20 26/jul/24/weather-tracker-wildfires-canada-argentina-heat # Environment # Wildfires # Canada # USnews # Americas # Worldnews # Argentina # ElNiosouthernoscillation # Philippines # China # AsiaPacific # TheGuardian # JamesMichelinforMetDesk"
116973992167684899,argentina,ru,"Nicolás Otamendi Announces Retirement from Argentina National Team at 38 Veteran Argentine international Nicolás Otamendi has announced his retirement from the national team at the age of 38. ""Fate decided that my final match would be the World Cup final. The result wasn’t what we wanted, but I leave with my head held high, knowing this team fought until the very last secon... # Argentina # WorldCup https:// sportbursts.com/soccer/nicolas -otamendi-announces-retirement-from-argentina-national-team-at-38/?utm_source=mastodon&utm_medium=jetpack_social"
116973981672063665,argentina,en,Weather tracker: more than 900 wildfires rage across Canada https://www. theguardian.com/environment/20 26/jul/24/weather-tracker-wildfires-canada-argentina-heat # Environment # Wildfires # Canada # UsNews # Americas # WorldNews # Argentina # ElNioSouthernOscillation # Philippines # China # AsiaPacific
116973707338114403,argentina,,"¿Milei is starving us': Argentinian retirees rally against pension cuts, austerity https:// tankie.tube/w/2JTwA4Nqh89YFSn4 wRJHNb"
116972522644324944,argentina,en,Opuntia quimilo is a # treeCactus and flowering plant species belonging to the # Cactaceae family. It is found in north-central # Argentina and is widespread in # Bolivia .
116972069155814985,argentina,en,"“How the most racist country in the world was invented The anti-Argentine campaign was hate speech dressed in progressivism.” (Great article, in Spanish) #CopaMundial #Mundial2026 #WorldCup #Argentina #Messi #racism jacobinlat.com/2026/07/como... Cómo se inventó el país más ra..."
116971712099236345,argentina,fr,Small Boy has been enjoying # Argentina and making new friends during # DebConf26 . He misses his big brother though! # plushtodon
116971529350899264,argentina,ja,https://www. wacoca.com/news/2890605/ 政治的横断幕は序章に過ぎず——W杯準優勝アルゼンチンにFIFAが動いた”2件目の調査”の理由 – Qoly-Sports＆the Style # Argentina # アルゼンチン
116971354003667286,argentina,es,# Argentina https:// youtu.be/Mma1iuSqwAw?is=VPWPa7 EPptiqykv6
116971132902168149,argentina,en,"There are a lot of # zionists in # Argentina . Not most people, but a lot. Especially among the upper # class . And they have been involved in the # military and # government , including during the # fascist # dictatorship era. Much like how the # Maya # genocide perpetrators in # Guatemala were backed by # Israel and saw the highlands similarly to how # Israelis see # Gaza . In both cases, the # CIA and the # USA generally was an even more significant sponsor, via # OperationCondor ."
116970593074044432,argentina,en,Falkland Islands bowler criticises ‘disappointing’ Argentina World Cup banner By Yara El-Shaboury at SEC Centre Cecil Alexander is competing at Commonwealth Games https://www. theguardian.com/sport/2026/jul /23/disappointing-falklands-islands-bowler-criticises-argentina-world-cup-banner-commonwealth-games # CommonwealthGames # CommonwealthGames2026 # Sport # FalklandIslands # KatarinaJohnsonThompson # DinaAsherSmith # Argentina # TheGuardian # YaraElShabouryatSECCentre
116969659511789503,argentina,ru,"Tottenham Exclude Kulusevski and Kudus from Preseason Tour Due to Injuries Dejan Kulusevski and Mohammed Kudus have been left out of Tottenham's 35-man squad for their preseason tour of New Zealand and Australia, as both players continue to struggle with their recoveries. The Spurs will proceed with three matches in Auckland and Sydney following ... # Argentina # MateusFernandes # Tottenham # WorldCup https:// sportbursts.com/soccer/tottenh am-exclude-kulusevski-and-kudus-from-preseason-tour-due-to-injuries/?utm_source=mastodon&utm_medium=jetpack_social"
116968863477631396,argentina,ru,"Argentina’s Football Association Plans Legal Action Over World Cup Defamation Campaign The Argentine Football Association (AFA) is considering launching a major lawsuit against those responsible for orchestrating a disinformation campaign targeting players during the World Cup. This was reported by La Nacion. According to the source, the potential defamation suit will... # Argentina # WorldCup https:// sportbursts.com/soccer/argenti nas-football-association-plans-legal-action-over-world-cup-defamation-campaign/?utm_source=mastodon&utm_medium=jetpack_social"
116968722970568091,argentina,es,# Argentina https:// youtu.be/B01nzZC5dgM?si=vNLPt9 WoIRkYoGYR
116968697224255625,argentina,en,"# Argentina # Latin # Tango Why did tango, which was born in the port city of Buenos Aires in the early 20th century, become a world music? At the center of this was the “voice” of Carlos Gardel. https:// monumental-movement.jp/en/colu mn-carlos-gardel/"
116968696623942831,argentina,en,"#Argentina #Latin #Tango Why did tango, which was born in the port city of Buenos Aires in the early 20th century, become a world music? At the center of this was the “voice” of Carlos Gardel. monumental-movement.jp/en/column-ca... [Column] Carlos Gardel – The b..."
116968085556691578,argentina,ru,"FIFA Unveils Official 2026 World Cup All-Star Team After a brief pause, FIFA has released its official lineup for the symbolic World Cup 2026 All-Star team. The selection is as follows: Vozinha (Cabo Verde) — Pedro Porro (Spain), Lisandro Martínez (Argentina), Dayot Upamecano (France), Marc Cucurella (Spain) — Rodri (Spain), Michael Olise (France... # Argentina # England # ErlingHaaland # FIFA # France https:// sportbursts.com/soccer/fifa-un veils-official-2026-world-cup-all-star-team/?utm_source=mastodon&utm_medium=jetpack_social"
116968079351382101,argentina,ru,"FBI Detains Third Party in Probe Linked to Argentina Football President The Argentine Football Association (AFA) issued a statement following reports about the Federal Bureau of Investigation (FBI) detaining the organization's president, Claudio Tapia, after the World Cup final amid allegations of financial misconduct. ""In light of recent media reports circulating in the pa... # Argentina # WorldCup https:// sportbursts.com/soccer/fbi-det ains-third-party-in-probe-linked-to-argentina-football-president/?utm_source=mastodon&utm_medium=jetpack_social"
116966916440260116,argentina,en,"“FIFA has deleted the red card shown to Argentina midfielder Leandro Paredes following the brawl that erupted after the # FIFA World Cup 2026 final between the # Argentina and # Spain , confirming that he will not face disciplinary action over the incident.” https://www. timesnownews.com/sports/footba ll/fifa-rescinds-leandro-paredes-red-card-for-brawl-after-world-cup-final-report-article-155148822"
116966380959293340,argentina,en,"Spain has pulled off the miracle: 2026 World Cup champions 🏆⚽ In my latest post I talk about how I experienced the final (4am alarm included), the two disallowed goals that felt like a robbery, and the controversy over Argentina's snub during the trophy ceremony. I also give my take on what sanction FIFA should apply. https:// goguma.blog/en/spain-world-cup -2026-champion-argentina-controversy/ Did you watch it? Do you agree? # blog # SmallWeb # WorldCup2026 # Football # Spain # Argentina"
116966116527142326,argentina,en,Argentine Unions Rally in Support of Pensioners https:// fed.brid.gy/r/https://www.tele surenglish.net/argentine-unions-rally-in-support-of-pensioners/
116965754813296176,argentina,es,# Argentina https:// youtube.com/shorts/7N7jiFVZtqI ?is=uM-QOKfCqBWd87T_
116965685280611850,argentina,es,# Argentina https:// youtu.be/4ytuL2p6sk0?is=Cz2wvh xG--RfdpyP
116965218659158560,argentina,en,"# Argentina ""Football, Falklands, fascism: The dark soul of Argentina (. . .) Argentina was hardly unique in harbouring Nazis. Some found refuge elsewhere in South America, while others were quietly absorbed into Cold War intelligence programmes in both East and West. But nowhere became so closely associated with the phenomenon. It was a country whose leadership, institutions and sections of society proved unusually willing to accommodate men whose crimes were the vilest imaginable. None of this means Argentina is somehow uniquely wicked. Every nation has shadows in its past, Britain included. Nor should millions of decent Argentines be judged by the actions of dictators or unsporting footballers. Modern Argentina is a democracy whose citizens have often shown extraordinary resilience in the face of economic mismanagement and political dysfunction. But nations are also shaped by the stories they choose to tell themselves. Too often Argentina has preferred romantic myths to uncomfortable truths: the myth of the noble victim in the Falklands, the myth of glorious footballing cunning; and, for too long after 1945, a willingness to look the other way when Europe's worst murderers arrived seeking sanctuary."" https://www. yahoo.com/news/world/articles/ football-falklands-fascism-the-dark-soul-of-argentina-155951578.html"
116964694849796016,argentina,en,"The Falklands-Malvinas and fundamental rights | Letters By Guardian Staff Jack Ford of the Falkland Islands legislative assembly says the Falkland Islands are British because that is the wish of the people who live there, in response to an article by Simon Jenkins. Plus letters from Marcelo Alberto Albarenque and Lucian Comoy https://www. theguardian.com/uk-news/2026/j ul/22/the-falklands-malvinas-and-fundamental-rights # FalklandIslands # Argentina # UKnews # Americas # TheGuardian # GuardianStaff"
116964651703852311,argentina,ja,https://www. wacoca.com/news/2889632/ Martinez could ‘step aside’ from Argentina duty after World Cup heartache # Argentina # アルゼンチン
116964574824003405,argentina,fr,"In The Guardian, an inspiring and highly relevant text from Etan Thomas, former NBA player. Racism in Argentina is absolutely disgusting. I'm so glad they lost the World Cup final. Why many Black Americans were rooting for Argentina to lose the World Cup | World Cup 2026 | The Guardian https://www. theguardian.com/football/2026/ jul/22/argentina-black-americans-spain-world-cup-messi-silence # argentina # worldcup # blacklivesmatter # racism # spain"
116964510959313554,argentina,ru,"Gavi Defends Leandro Paredes Amid Post-World Cup Final Incident Review Spanish midfielder Gavi believes that Argentine player Leandro Paredes should not face suspension for his involvement in the post-World Cup final altercation. The incident saw Argentina's Paredes, Molina, Almada, and assistant coach Roberto Ayala engaged in a scuffle on the pitch as Spain ce... # Argentina # FIFA # Spain # WorldCup https:// sportbursts.com/soccer/gavi-de fends-leandro-paredes-amid-post-world-cup-final-incident-review/?utm_source=mastodon&utm_medium=jetpack_social"
116964454156358652,argentina,es,Is this moralist attack against # Argentina another attempt from the global north to ultimately justify colonialism?
116964444158630677,argentina,es,# Argentina https://www. youtube.com/watch?v=JmaBoVNMSN4
116964296074849542,argentina,en,"Washington University in St. Louis: ACLS Digital Justice Grant supports bilingual archive of transfeminist activism in Argentina. “The project brings together U.S.-based feminist scholars and Argentine activists, scholars and community organizations to preserve materials related to 21st-century transfeminist movements while developing a new model for ethical, community-centered digital […] https://rbfirehose.com/2026/07/22/washington-university-in-st-louis-acls-digital-justice-grant-supports-bilingual-archive-of-transfeminist-activism-in-argentina/"
116964245624655068,argentina,en,"Salon del Reino de los Testigos de Jehova in # Pailón , # Bolivia -🇧🇴 is around 762 km or 476 miles from our previous place of worship Municipio de Bell Ville in # MunicipiodeBellVille , # Argentina - 🇦🇷 - https:// mastodon.social/@pilgrimsonlin e/116963148222339996 # VisitBolivia # StepByStep 👣 # PlacesOfWorship 2/6"
116964234621462025,argentina,es,# Argentina https:// youtu.be/yK-k2oIwxrs?si=DtFrco amtimxKhyy
116964141654936763,argentina,es,Más # Argentina https:// youtu.be/4VVMpoZFSic?si=Ywj7jV 2UC6k-EDev
116964138515665574,argentina,en,"⚡""There are already green shoots in the economy,"" said José Luis Daza, Secretary of Economic Policy in # Argentina 🇦🇷, while noting that job creation is emerging in the energy and mining sectors. Daza referenced terminology from the administration of former President Macri to describe the current economic outlook. [Clarín] We’ll bring further updates as they come"
116964114164804627,argentina,es,# Argentina https:// youtu.be/ZaR82xmMycM?si=w1Ixyk a2P4qZzrSz
116963632529763498,argentina,en,"Why many Black Americans were rooting for Argentina to lose the World Cup | Etan Thomas Many Black Americans were not cheering Spain’s complicated history. They were rooting against the racism, politics and silence associated with Argentina https://www. theguardian.com/football/2026/ jul/22/argentina-black-americans-spain-world-cup-messi-silence # TopNews # News # Argentina # Spain # Messi"
116963179392912061,argentina,ru,"France backs Infantino’s FIFA bid to secure 2038 World Cup hosting France is eager to become the sole host of the 2038 FIFA World Cup and has devised a clever strategy to achieve this goal. The next FIFA presidential election is scheduled for March 18, 2027, in Rabat, the capital of Morocco. The current FIFA president, Gianni Infantino, has offi... # Argentina # FIFA # France # Morocco # Paraguay https:// sportbursts.com/soccer/france- backs-infantinos-fifa-bid-to-secure-2038-world-cup-hosting/?utm_source=mastodon&utm_medium=jetpack_social"
116963175416355350,argentina,ru,"IFFHS Names Lionel Messi Best Player of 2026 World Cup Over FIFA’s Choice It was not the Spaniard Rodri, as FIFA's version suggested, but the Argentine Lionel Messi who was named the best player of the 2026 World Cup by the International Federation of Football History & Statistics (IFFHS). The general explanation provided was as follows: ""Our de... # Argentina # FIFA # LionelMessi # WorldCup https:// sportbursts.com/soccer/iffhs-n ames-lionel-messi-best-player-of-2026-world-cup-over-fifas-choice/?utm_source=mastodon&utm_medium=jetpack_social"
116963148367658169,argentina,en,Here is every place of worship we have visited so far in Argentina 🇦🇷 # List # Argentina # StepByStep 👣 # PlacesOfWorship Been here? ❤️ Want to visit? 🔁 6/6
116963148309958032,argentina,en,"Iglesia Sagrado Corazón in # MunicipiodeBellVille , # Argentina has no wikipedia page, why not become an editor and add one? https:// en.wikipedia.org/wiki/Wikipedi a:Contributing_to_Wikipedia # VisitArgentina # StepByStep 👣 # PlacesOfWorship 4/6"
116963148281813081,argentina,en,Where is Argentina 🇦🇷? # Argentina # StepByStep 👣 # PlacesOfWorship Been here? ❤️ Want to visit? 🔁 # Maps # Cartography # Geography # OneWorld 3/6
116963148260351579,argentina,en,"Iglesia Sagrado Corazón in # Municipio de Bell Ville, # Argentina -🇦🇷 is around 8,757 km or 5,473 miles from our previous place of worship Ebebiyín in # Ebebiyin , # EquatorialGuinea - 🇬🇶 - https:// mastodon.social/@pilgrimsonlin e/116959817016240413 # VisitArgentina # StepByStep 👣 # PlacesOfWorship 2/6"
116963127262083298,argentina,en,# News # Racism # Argentina # Truth but not only them. https://www. theguardian.com/football/2026/ jul/22/argentina-black-americans-spain-world-cup-messi-silence
116962886200638068,argentina,en,"Why many Black Americans were rooting for Argentina to lose the World Cup | Etan Thomas By Etan Thomas Many Black Americans were not cheering Spain’s complicated history. They were rooting against the racism, politics and silence associated with Argentina https://www. theguardian.com/football/2026/ jul/22/argentina-black-americans-spain-world-cup-messi-silence # WorldCup2026 # Football # Sport # WorldCup # Spain # Argentina # LionelMessi # TheGuardian # EtanThomas"
116962820847166830,argentina,en,Why many Black Americans were rooting for Argentina to lose the World Cup | Etan Thomas https://www. theguardian.com/football/2026/ jul/22/argentina-black-americans-spain-world-cup-messi-silence # WorldCup2026 # Football # Sport # WorldCup # Spain # Argentina # LionelMessi
116962564590663456,argentina,ru,"FIFA President Infantino Commends Argentina After World Cup Final Loss FIFA President Gianni Infantino issued a special message to the Argentina national team following their 0-1 defeat to Spain in the World Cup final, praising their remarkable series of comebacks throughout the tournament. ""Thank you, Argentina! What an incredible World Cup campaign you delive... # Argentina # FIFA # Spain # WorldCup https:// sportbursts.com/soccer/fifa-pr esident-infantino-commends-argentina-after-world-cup-final-loss/?utm_source=mastodon&utm_medium=jetpack_social"
116962554857149252,argentina,ru,"Messi Named Best Player of 2026 World Cup by AIPS Vote Lionel Messi, captain of the Argentina national team, was named the best player of the 2026 World Cup by the International Sports Press Association (AIPS). The voting involved 472 reporters from 121 countries. Messi, aged 39, amassed 1179 points in the poll. He finished the tournament with... # Argentina # CapeVerde # England # ErlingHaaland # FIFA https:// sportbursts.com/soccer/messi-n amed-best-player-of-2026-world-cup-by-aips-vote/?utm_source=mastodon&utm_medium=jetpack_social"
116962546479917684,argentina,ru,"Key Updates: Rodri Block, Vinicius Injury and More Top Sports News for Tuesday, July 21, 2026. World Cup FIFA has launched an investigation into the Argentina national team, focusing on incidents of hooliganism and displays of disrespect. This World Cup has seen an unprecedented number of disappointments. ESPN has compiled a team featur... # Argentina # AymericLaporte # Barcelona # Belgium # Fiorentina https:// sportbursts.com/soccer/key-upd ates-rodri-block-vinicius-injury-and-more/?utm_source=mastodon&utm_medium=jetpack_social"
116961104798331095,argentina,en,"After recent eye surgery, I'm just getting back to using the computer so sue me if I am a few days late with sharing my desire to see every player on the # argentina World Cup team suffer cleats-first ankle-breaking tackles from every single opponent each individual player faces on their normal teams for the entirety of their careers. Team Argentina was not a team of passionate players, they were the thug-riddled MAGA (losers) of the FIFA kingdom and they deserve everything they get going forward. Given the amount of # fifa corruption, quite the accomplishment."
116960916230736465,argentina,en,"Nearly 39 million people watched Spain's win over Argentina in the World Cup final, setting U.S. record Sunday's match was the most-watched non-NFL telecast in the United States since Game 7 of the 2016 World Series. https:// sports.yahoo.com/soccer/articl e/nearly-39-million-people-watched-spains-win-over-argentina-in-the-world-cup-final-setting-us-record-224257068.html # TopNews # News # Argentina # Spain # theWorldCup"
116960787227853338,argentina,en,GENDEMA – Where It Hurts Less # ambient # argentina # buenosaires # chillwave # downtempo # drumandbass # electronic # experimental # idm # instrumental # Chile CC BY (#CreativeCommons Attribution) # ccmusic https:// noproblematapes.bandcamp.com/a lbum/where-it-hurts-less
116960759282122241,argentina,en,What Messi Means https:// fed.brid.gy/r/https://defector .com/what-messi-means
116960526034733463,argentina,en,"📍 281 km SSE of Ushuaia, Argentina 🕐 Tue 21 Jul 2026 17:21 UTC 🌍 M4.8 Earthquake 🟢 Light 📊 Magnitude: 4.8 📏 Depth: 10 km — Shallow 🗺️ -57.1718, -66.6861 🔗 https://earthquake.usgs.gov/earthquakes/eventpage/us7000t29r # Earthquake # Seismic # EarthAlerts # DisasterAlert # BreakingNews # Environment # Nature # Science # OffGrid # Ushuaia # Argentina https:// mastodon.social/@earthalerts/1 16959566618852953?utm_source=flipboard&utm_medium=activitypub Posted into Real-Time Disaster Earth Alert @ real-time-disaster-earth-alert-Econopass"
116960519469304879,argentina,en,'Kick Argentina out of the World Cup' petition nearly breaks Guinness World Record with over 23 million signatures https://www. euronews.com/culture/2026/07/2 1/kick-argentina-out-of-the-world-cup-petition-nearly-breaks-guinness-world-record # argentina # worldcup # WorldCupfinal # fifa # kickargentinaout # thugs # violence
116960208109439109,argentina,es,:debian: DebConf 26 - Santa Fe Argentina 🌍 https:// debconf26.debconf.org/ 📺 Streaming y Schedule: https:// debconf26.debconf.org/schedule/ https:// debconf26.debconf.org/schedule /venue/1/ 🎥 Videos grabados del evento: https:// meetings-archive.debian.net/pu b/debian-meetings/2026/DebConf26/ # softwarelibre # debian # debconf26 # argentina # freesoftware
116960134499162471,argentina,en,Cristiano Ronaldo Sparks Fresh Row As He Likes Post Claiming FIFA Favoured Argentina https:// fed.brid.gy/r/https://in.masha ble.com/sports/112155/cristiano-ronaldo-sparks-fresh-row-as-he-likes-post-claiming-fifa-favoured-argentina
116960066337724339,argentina,en,"Africa: Superb Spain Rule the World, Overwhelm Argentina: [Vanguard] Spain finally broke Argentina's dogged resistance in extra time to win the men's World Cup for the second time with a 1-0 victory. http:// newsfeed.facilit8.network/TTf5 Wk # WorldCup # Spain # Argentina # Football # Soccer"
116959994717400700,argentina,en,"Can the beautiful game be saved from permanent scarring? Some people believe football is a matter of life and death, I am very disappointed with that attitude. I can assure you it is much, much more important than that. – Bill Shankly, Liverpool Manager, 1959-1974 I still remember with distaste the moment FIFA President Gianni Infantino presented U.S. President Donald Trump with the concocted FIFA Peace Prize in December 2025. The first thought that came to mind was that the beautiful game was coming to America to die. Realising now that such thoughts were hyperbolic, I wonder whether football will be irreparably scarred after its dalliance with imperialism. There have been far too many deplorable incidents in the lead-up to America’s World Cup kick-off, during the tournament, and even after it, which justify such thinking, even if grudgingly. Could the game survive the humiliating and destructive antics of arguably the two most corrupt men currently in politics and sport? Sportswashing is the practice of governments around the world to launder their atrocious track record of poor or authoritarian governance and/or human rights abuses. There is no better vehicle than the FIFA World Cup to deflect attention away from a nation’s scandalous governance. Even back in 2010, when, as one of the project managers working on building South Africa’s communications and broadcast network for the tournament, I had heard murmurs about the ANC government’s corrupt involvement in the awarding of the hosting rights by FIFA. Corruption was alleged even in the local management of the event. I did not pay much attention at the time because I was focused on gaining valuable work experience and knowledge. Besides, I honestly thought it was a great distinction for an African country to finally host such a renowned sporting event. It was only years later that evidence surfaced of FIFA Vice President Jack Warner’s corrupt activities. As it turned out, South Africa had a near-flawless tournament that is still spoken of in glowing terms 16 years later. Football had survived former FIFA President Sepp Blatter’s awful reputation for being corrupt. However, Gianni Infantino’s overt corruption makes Blatter look like a rank amateur, and in Donald Trump, he found the perfect partner and collaborator. Under Infantino’s watch, there have been two other highly contentious awarding of World Cup hosting rights. Russia, which was actively cracking down on political opposition inside the country, invaded Georgia and Crimea, shot down Malaysia Airlines Flight MH17, and armed Bashar al-Assad’s regime in Syria, but was still awarded hosting rights in 2018. Just before the opening match in 2018, Vladimir Putin awarded Gianni Infantino the Order of Friendship medal. This is a state decoration which is awarded “… among other things, for special acts of merit serving to foster peace, friendship, cooperation and mutual understanding between nations.” It leaves one wondering what dubious special act was being rewarded, but at least Putin was being generous, unlike Trump, who is more accustomed to receiving tributes. Similarly, the awarding of the World Cup to Qatar in 2022 was mired in controversy because of its human rights and LGBTQ rights violations. Further, Qatar’s Kafala system also came under scrutiny from Human Rights Watch. They were tracking the low pay and dreadful working conditions, including restricted movement for migrant workers constructing stadiums and other infrastructure. These are just some incidents of FIFA corruption in the last decade or so. There is a long history of misconduct and political meddling, likely dating back to the first World Cup in Uruguay in 1930. Journalist, broadcaster and political commentator Mehdi Hasan conducted a three-part deep dive on The Dark Side of the World Cup on his Zeteo Channel. You can find them here , here and here . Perhaps the awarding of the last World Cup to America (as the majority co-host with Canada and Mexico) has brought corruption to the forefront like never before. Here was a country that continuously lectures the world about freedom, democracy and rights, but whose president (and political party) was actively following a policy of targeting and threatening (including criminally prosecuting) legitimate immigrants, migrants, protesters, human rights activists, civil society organisations, institutions of learning, journalists, and transgender people. And it does not stop there! America has been actively providing funding and weapons, including military and diplomatic support, to another country that practically every reputable human rights organisation has determined was conducting a genocide. Worse! The president of America was also leading a completely manufactured war against Iran on behalf of that very same country, reliably accused of genocide. It is astonishing that FIFA considered America worthy of hosting, considering that Trump’s bigotry and ostentatious violations of rights fly in the face of its very own Human Rights Policy : FIFA is committed to respecting all internationally recognised human rights and shall strive to promote the protection of these rights. Donald Trump has been at the centre of the most vile acts of dishonesty to ever plague FIFA. From receiving the absurd Peace Prize to meddling in the internal player disciplinary process by demanding that a suspension of a U.S. team player be overturned, to insinuating himself in the victory celebrations of the winning Spanish team. What moral bankruptcy! This is not the first time Trump has tried to steal attention. He acted in this craven manner at the FIFA World Club Cup, also held in America last year, which Chelsea Football Club won. Imagine having to be coaxed away by Infantino, who’s no less of an attention whore. Also, it must have been so utterly humiliating when Spain edited him out of the published pictures in that country. But wait, there’s more! FIFA functions under the banners Unite for Peace and Football Unites the World . However, this last tournament in America has been perhaps the most divisive in history. Tickets were priced out of the reach of most ordinary football fans. That rendered the game elitist as only the well-healed could afford tickets. FIFA was reported to be hosting a ticket reselling portal , effectively making them scalpers of their own tickets. America implemented a VISA policy for tourists that was designed to keep many people away, particularly brown-skinned people. Trump personally made abrasive comments that unambiguously stated that even Iran, one of the qualified teams, was not welcome. An official FIFA referee from Somalia, Omar Abdulkadir Artan, was detained and prevented from entering the country before the tournament started. The Iranian team was treated atrociously and prevented from staying in the U.S. for their matches. They had to reside in Mexico for the duration of their scheduled matches and were only allowed into the country to compete, then return immediately after each match. Despite this unfair treatment, they performed magnificently, no doubt much to the ire of American officials. Amnesty International Australia released a report on some of these incidents, including the ICE raids during the tournament that led to the detention of tens of thousands of people, culminating in the deaths of two immigrants in Houston and Maine. Then there was that atrocious half-time show in the final featuring several aging artists. This annoyance is peculiar to American sport, particularly their version of football, which is why they call real football soccer . FIFA has reportedly cleared between $11 billion and $15 billion, staging this latest tournament. Were the regular water breaks that we all know were used to push advertising really necessary? FIFA’s greed to squeeze every penny out of this tournament is confirmation that the World Cup is just another grubby business empire competing with other grubby corporations to extract money from the public. To top it all, FIFA’s partisan refereeing and VAR decisions added to the suspicion of corruption and favouritism. There were far too many questionable decisions for it to be simple errors, considering all the technology available to assist the officials. Perhaps one of the most startling outcomes of this tournament was the division of support between the eventual finalists, Spain and Argentina, and how the endorsement of either team became a proxy for support of Israel or Palestine. Spain became a treasured idol around the world, not only for eventually winning the World Cup but also for its humanitarian approach, support for the Palestinian cause, and opposition to the genocide in Gaza. Argentina, on the other hand, became the villain not only for their violent and abysmal conduct on the field of play, and suspicion of favouritism by FIFA, but also because of President Gerardo Milei’s endorsement of the depraved Israeli regime conducting the genocide in Gaza, and other race-based discrimination against the Palestinians. There was also the matter of Israeli Prime Minister Benjamin Netanyahu publicly endorsing Argentina and captain Lionel Messi. When asked whom he was rooting for, he reportedly quipped, “Argentina, but it’s going to be Messi.” Indeed, it was, but hilariously not in the way the war criminal imagined. As a matter of fact, Argentina has generated so much anger for both its violent on-field conduct and support of Israel that a now-closed petition to kick them out of the World Cup titled Argentina Out has drawn more than 23 million signatures. Spain’s performance may well have rescued the beautiful game for the time being, but the not-so-little matter of endemic corruption at the heart of the sport cannot be put off any longer. While Argentina is going to be investigated by FIFA for its violent conduct, who is going to investigate FIFA for its conduct, especially that of Gianni Infantino? At least from this report , it looks like the corrupt conehead is going to survive another term in charge of FIFA. Utterly disappointing! Rate this: #ANC #Argentina #ArgentinaOut #BenjaminNetanyahu #BillShankly #Canada #corruption #DonaldTrump #FIFAPeacePrize #FIFAWorldCup #genocide #GerardoMilei #GianniInfantino #HumanRightsWatch #JackWarner #Kafala #LGBTQ #Liverpool #MalaysiaAirlinesFlightMH17 #MehdiHasan #Mexico #OrderOfFriendship #Qatar #Russia #Spain #TheDarkSideOfTheWorldCup #VladimirPutin #Zeteo"
116959967530121564,argentina,en,Niall Horan addresses Argentina fans after accusations of ‘hating them’ https:// fed.brid.gy/r/https://metro.co .uk/2026/07/21/niall-horan-addresses-argentina-fans-accusations-hating-them-29193368/
116959925301569401,argentina,en,Are there antiracists in Argentina? Of course there are. And they have their work cutout for them! https://www. facebook.com/share/v/1GnFfpJaN C/ # Argentina # racists # AntiRacist # racista # StandUpToRacism # FogoNosRacistas
116959846417518124,argentina,en,3 Argentinians Jailed After Violent World Club Football Match | Estudiantes vs. AC Milan | Oct. 1969 https://www. youtube.com/watch?v=8q7_ZaZkFW4 # Worldcup # futbol # Argentina # thugs # Assassins # ACMilan
116959799672763699,argentina,en,"# Argentina football players are thugs of the worst kind, A blood bath was visited on Milan in the Intercontinental Cup tie in Argentina was marked by bloody violence that three Argentinians ended up in prison. !! https://www. theguardian.com/football/2019/ oct/20/estudiantes-milan-intercontinental-cup-bombonera-three-players-jailed-one-kidnapped-violence # Worldcup # Fifa # futbol # Assassins"
116959566618852953,argentina,en,"📍 281 km SSE of Ushuaia, Argentina 🕐 Tue 21 Jul 2026 17:21 UTC 🌍 M4.8 Earthquake 🟢 Light 📊 Magnitude: 4.8 📏 Depth: 10 km — Shallow 🗺️ -57.1718, -66.6861 🔗 https:// earthquake.usgs.gov/earthquake s/eventpage/us7000t29r # Earthquake # Seismic # EarthAlerts # DisasterAlert # BreakingNews # Environment # Nature # Science # OffGrid # Ushuaia # Argentina"
116959507058411825,argentina,en,Spain Claims World Cup 2026 With Collective Tactical https:// fed.brid.gy/r/https://www.tele surenglish.net/spain-claims-world-cup-2026-with-collective-tactical/
116959120072109306,argentina,,The falklands debate is a real spain in the butt # argentina # spain # worldcup # falklands # malvinas # uk
116958904418871680,argentina,ru,"Fastest Players and Sprint Records at the 2026 World Cup Sofascore has compiled the top running statistics from the recently concluded 2026 World Cup, highlighting the best sprint speeds and distances covered during the tournament. The highest speed recorded at the World Cup was by Nicolás Tagliafico (Argentina), who reached 36.2 km/h. Michael Olise (F... # Argentina # France # MichaelOlise # WorldCup https:// sportbursts.com/soccer/fastest -players-and-sprint-records-at-the-2026-world-cup/?utm_source=mastodon&utm_medium=jetpack_social"
116958745538385068,argentina,en,"e.g. Argentinian arrested for the crime of racism in Copacabana, Rio de Janeiro 😍 https:// youtu.be/vFueMl4OEqI?is=pWqGlp u-Xxi3hwMJ # brasil # fogonosracistas # argentina # racismIsDisgusting # racism # antiracist # RacismIsACrimeInBrazil # brazil # antiracista"
116958720420350080,argentina,en,"Racists behind bars: Brazil is at the vanguard of the fight against discrimination More than 300 people are incarcerated for crimes of racism in a country that strengthened its laws three years ago Note: most of them, ARGENTINIANS https:// english.elpais.com/internation al/2026-06-06/racists-behind-bars-brazil-is-at-the-vanguard-of-the-fight-against-discrimination.html # racism # racismo # argentina # brazil # brasil # antiracista # antiracistas # antifa # FogoNosRacistas # ArgentinaRacism # RacismIsACrimeInBrazil # antiracist"
116958625512986932,argentina,en,"Argentina Joins Global Treaty to Fight Illegal Fishing - https://www. pew.org/en/research-and-analys is/articles/2026/07/17/argentina-joins-global-treaty-to-fight-illegal-fishing well done, # argentina"
116958125621466445,argentina,,Keeper Martinez may 'step aside' from Argentina https://www.bbc.co.uk/sport/football/articles/c62xzle86n4o?at_medium=RSS&at_campaign=rss # Football # Argentina # Sports
116957734818295005,argentina,en,David Squires on … Spain winning the World Cup final in the shadow of Trump By David Squires Our cartoonist looks back at the final game of the 2026 World Cup as Donald Trump watched Spain triumph again https://www. theguardian.com/football/pictu re/2026/jul/21/david-squires-spain-winning-world-cup-final-argentina-shadow-of-donald-trump # Football # WorldCup2026 # WorldCup # Spain # Argentina # Fifa # Sport # USsports # TheGuardian # DavidSquires
116957713580668603,argentina,ru,"CONMEBOL Confirms 64 Teams for 2030 World Cup Expansion Alejandro Dominguez, President of the South American Football Confederation (CONMEBOL), has announced that the next World Cup will feature 64 teams. ""The next match will be at home! In 2030, the World Cup will be hosted by Uruguay, Argentina, and Paraguay. This is a fantastic opportunity for fo... # Argentina # FIFA # Morocco # Paraguay # Portugal https:// sportbursts.com/soccer/conmebo l-confirms-64-teams-for-2030-world-cup-expansion/?utm_source=mastodon&utm_medium=jetpack_social"
116957709836641281,argentina,ru,"FIFA Clears Leandro Paredes of Sanctions After World Cup Final Altercation FIFA has decided to rescind the red card shown to Argentina midfielder Leandro Paredes for his involvement in the brawl during the World Cup final against Spain, which ended 0-1. No disciplinary action will be taken against the player, according to BBC Sport journalist Dale Johnson on th... # Argentina # FIFA # Spain # WorldCup https:// sportbursts.com/soccer/fifa-cl ears-leandro-paredes-of-sanctions-after-world-cup-final-altercation/?utm_source=mastodon&utm_medium=jetpack_social"
116957695619036616,argentina,en,"EA Sports nails the World Cup winner for the FIFTH STRAIGHT time, Spain beat Argentina 1-0 in the final with a Ferran Torres extra-time goal. The simulation called it way back on July 6. The streak lives on even after the FIFA split 🔥 # SteamAndEpic # Argentina # STRAIGHT # Sports # Ferran # Torres"
116957683997567090,argentina,en,David Squires on … Spain winning the World Cup final in the shadow of Trump https://www. theguardian.com/football/pictu re/2026/jul/21/david-squires-spain-winning-world-cup-final-argentina-shadow-of-donald-trump # Football # WorldCup2026 # WorldCup # Spain # Argentina # Fifa # Sport # UsSports
116957354347504578,argentina,en,"⚡Lionel Scaloni is considering his future as head coach of the # Argentina 🇦🇷 national football team following a defeat to # Spain 🇪🇸 in the final. The coach stated he will use the period until his contract expires in December for ""retrospection and reflection"" regarding his tenure. [Clarín] Return for updates as this develops"
116957263278411140,argentina,en,"⚡️EA Sports predicted the World Cup winner for the FIFTH straight time. The football sim forecasted the champion a month before the tournament, and it came true in New York on Sunday. Spain beat Argentina 1-0, with Ferran Torres scoring the decider in the 106th minute. This isn't luck anymore, it's a virtual oracle. # SteamAndEpic # Argentina # Sports # Sunday # Ferran # Torres"
116957236345077874,argentina,ru,"Argentina’s AFA Committed to Retaining Scaloni Despite World Cup Final Loss The Argentine Football Association (AFA) is determined to retain Lionel Scaloni as the head coach of the national team, according to TNT Sports. Following Argentina's 0-1 defeat to Spain in the 2026 World Cup final, Scaloni emotionally addressed the media, affirming his commitment to fu... # Argentina # Spain # WorldCup https:// sportbursts.com/soccer/argenti nas-afa-committed-to-retaining-scaloni-despite-world-cup-final-loss/?utm_source=mastodon&utm_medium=jetpack_social"
116957147177474713,argentina,en,Argentina Welcomes National Squad with a Fans Massive Caravan After World Cup 2026 https:// fed.brid.gy/r/https://www.tele surenglish.net/argentina-welcomes-squad-world-cup-2026/
116957093599048553,argentina,en,"Thousands of fans braved the cold and rain Monday to give a rapturous welcome to the Argentine soccer squad, which landed back home without star Lionel Messi after its World Cup final loss to Spain. https://www. japantimes.co.jp/sports/2026/0 7/21/soccer/world-cup/argentina-return-welcome/?utm_medium=Social&utm_source=mastodon # soccer # worldcup # argentina # lionelmessi # lionelscaloni # 2026fifaworldcup"
116957071780491175,argentina,ru,"FIFA Opens Disciplinary Case Against Argentina Over Post-Match Conduct According to Sky Sports, FIFA has launched a disciplinary investigation into the conduct of players and officials from the Argentina national team during the title match against Spain. The governing body will review referee reports and video footage to determine whether any sanctions are war... # Argentina # DaniOlmo # FIFA # Spain https:// sportbursts.com/soccer/fifa-op ens-disciplinary-case-against-argentina-over-post-match-conduct/?utm_source=mastodon&utm_medium=jetpack_social"
116957070393208107,argentina,ru,"11 Most Significant World Cup Records Broken at 2026 Tournament The more matches played in the World Cup, the more records are bound to be broken. This is simple arithmetic, which the 2026 tournament has confirmed in practice. Numerous records fell during the competition, and here are 11 of the most interesting, significant, and remarkab... # Algeria # Argentina # Belgium # CapeVerde # CristianoRonaldo https:// sportbursts.com/soccer/11-most -significant-world-cup-records-broken-at-2026-tournament/?utm_source=mastodon&utm_medium=jetpack_social"
116957069610090531,argentina,ru,"Lionel Messi Announces Retirement from Argentina National Team Ahead of World Cup Final Argentina's national team captain, Lionel Messi, has decided to retire from international football. Journalist Hernan Castillo revealed this news on the social media platform X. According to the source, the legendary player delivered an emotional speech in the locker room ah... # Argentina # LionelMessi # WorldCup https:// sportbursts.com/soccer/lionel- messi-announces-retirement-from-argentina-national-team-ahead-of-world-cup-final/?utm_source=mastodon&utm_medium=jetpack_social"
116956853767322218,argentina,en,New World Cup champion Spain enjoyed a vibrant night of celebrations after an open-top bus parade through the streets of Madrid on Monday in front of a jubilant crowd of an estimated 2 million people. https://www. japantimes.co.jp/sports/2026/0 7/21/soccer/world-cup/spain-world-cup-parade/?utm_medium=Social&utm_source=mastodon # soccer # worldcup # spain # argentina # 2026fifaworldcup # lionelmessi # rodri # luisdelafuente
116956832504843290,argentina,en,"Adnkronos - ultimoratop: Mondiali, l'Argentina rientra a Buenos Aires senza festa e senza Messi dopo il ko in finale (Adnkronos) - Numerosi tifosi hanno comunque abbracciato e ringraziato la nazionale albiceleste World Cup, Argentina returns to Buenos Aires without celebration and without Messi after the defeat in the final. (Adnkronos) – Numerous fans nevertheless embraced and thanked the Albiceleste national team. # WorldCup # Argentina # BuenosAires # Messi # Albiceleste https://www. adnkronos.com/sport/mondiali-m ondiali-2026-argentina-afa-messi-de-paul_5BcPJwyhV0kw0Kw3OatP9b"
116956764028978662,argentina,en,Silent in Sky Blue and White: Bangladesh Stunned as World Cup Festivities End in Unfulfilled Dreams https:// fed.brid.gy/r/https://www.pres senza.com/2026/07/silent-in-sky-blue-and-white-bangladesh-stunned-as-world-cup-festivities-end-in-unfulfilled-dreams/
116956712689129503,argentina,en,"World Cup 2026 in 90 seconds: a photo animation By Jonny Weeks Picture editor Jonny Weeks has created a rapid audio-visual review of the tournament featuring key moments, colourful fans ... and the precious trophy. https://www. theguardian.com/football/video /2026/jul/21/world-cup-2026-in-90-seconds-a-photo-animation # WorldCup2026 # Spain # Argentina # England # France # WorldCup # Football # Sport # TheGuardian # JonnyWeeks"
116956556622617581,argentina,en,"If Lionel # Scaloni decides to leave # Argentina National Team’s bench (his contract expires in December), Marcelo # Gallardo is a candidate to replace him. Argentina Football Federation’s dream is Cholo # Simeone for the coach role. # transfers"
116956515852263385,argentina,en,Gaza celebrates World Cup victory of Spanish team they took into their hearts By Seham Tantesh in Gaza and Emma Graham-Harrison in Jerusalem People gather at cafes and outdoor screenings to support team after Spain’s backing for Palestinian rights https://www. theguardian.com/football/2026/ jul/21/gaza-celebrates-world-cup-victory-of-spanish-team-they-took-into-their-hearts # WorldCup2026 # Palestine # Spain # Israel # Argentina # Football # WorldCup # Worldnews # MiddleEastandnorthAfrica # Sport # TheGuardian # SehamTanteshinGaza # EmmaGrahamHarrisoninJerusalem
116956452078482143,argentina,en,Gaza celebrates World Cup victory of Spanish team they took into their hearts https://www. theguardian.com/football/2026/ jul/21/gaza-celebrates-world-cup-victory-of-spanish-team-they-took-into-their-hearts # WorldCup2026 # Palestine # Spain # Israel # Argentina # Football # WorldCup # WorldNews # MiddleEastAndNorthAfrica # Sport
116956356791709213,argentina,ru,"FIFA Names Kylian Mbappé Best Attacker of World Cup FIFA has identified the top performers of the recently concluded World Cup using a unique statistical evaluation system. Every outfield player in the tournament was rated on a scale from zero to ten across three categories: attacking, creative, and defensive contributions. Leading the attacking... # Argentina # England # FIFA # France # JudeBellingham https:// sportbursts.com/soccer/fifa-na mes-kylian-mbappe-best-attacker-of-world-cup/?utm_source=mastodon&utm_medium=jetpack_social"
116956228505428821,argentina,en,"https:// sports.yahoo.com/articles/abso lutely-digusting-argentina-sparks-outrage-101035568.html I'm not expecting the global football players of the 21st century to behave like the British gentleman amateurs of the 19th, but the Argentines have behaved in the most awful way throughout this World Cup. I can understand the centrality of football to Argentine national identity, but I do not see how that centrality can explain, let alone justify, what we have had to witness during this tournament. # Football # WorldCup # Argentina"
116956042133308322,argentina,,"Lionel Messi, Argentina and the challenge of moving on from a GOAT https://www.nytimes.com/athletic/7458687/2026/07/21/messi-argentina-goat-world-cup/ # Soccer # Messi # Argentina"
116955812207864856,argentina,en,"""The pain is immense"": Lionel Messi speaks out after Argentina's World Cup final heartbreak. https:// english.mathrubhumi.com/sports /football/lionel-messi-instagram-post-world-cup-final-e5ykbdll?utm_source=dlvr.it&utm_medium=mastodon # Messi # WorldCup2026 # Argentina # Football"
116955061153322308,argentina,en,FIFA investigates Argentina players after on-field brawl following World Cup final FIFA opened an investigation Monday after Spain's celebrations on beating Argentina in the World Cup final took an ugly turn when players briefly clashed on the field. https:// abc7ny.com/post/fifa-investiga tes-argentina-players-field-brawl-following-world-cup-final/19546397/ # TopNews # News # Argentina # Spain # Rodri
116954969866535266,argentina,en,FIFA investigates Argentina players after on-field brawl following World Cup final FIFA opened an investigation Monday after Spain's celebrations on beating Argentina in the World Cup final took an ugly turn when players briefly clashed on the field. https:// abc7.com/post/fifa-investigate s-argentina-players-field-brawl-following-world-cup-final/19546397/ # TopNews # News # Argentina # Spain # Rodri
116954697532668663,argentina,en,"10 things that wowed us at the 2026 World Cup The United States, Mexico, and Canada co-hosted the nearly six-week tournament. NPR's team of journalists who covered the World Cup reflects on the experience. https://www. npr.org/2026/07/20/nx-s1-58925 11/2026-world-cup-fifa-spain-argentina-tournament # TopNews # News # US # Argentina # WorldCup"
116954567638575961,argentina,en,"Africa: Why We Love Messi but Can't Stand Argentina: [Premium Times] While Messi himself remains as beloved as any athlete on the planet, the team he captains has become the most distrusted side at the 2026 FIFA World Cup http:// newsfeed.facilit8.network/TTdF FR # Messi # FIFAWorldCup # Argentina # Africa # Football"
116954381895591055,argentina,en,"World Cup 2026: Lionel Messi says 'pain is immense' after Argentina lose World Cup final Lionel Messi says ""the pain is immense"" and that it ""will take time to heal"" after Argentina lost 1-0 to Spain in the World Cup final. https://www. bbc.com/sport/football/article s/cz97gwpk01yo # TopNews # News # Messi # Argentina # WorldCup"
116954314326251218,argentina,en,Argentina players face bans as Fifa opens investigation into World Cup final brawls By Matt Hughes in New York Leandro Paredes was shown a red card after final whistle https://www. theguardian.com/football/2026/ jul/20/argentina-players-face-bans-as-fifa-opens-investigation-into-world-cup-final-brawls # Argentina # WorldCup2026 # WorldCup # Spain # Football # Sport # TheGuardian # MattHughesinNewYork
116954167067384162,argentina,en,Why do England and Argentina keep retreating into the same stereotypical behaviours? # worldcup2026 # england # argentina
116954095684257289,argentina,en,"""Speaking to Argentina’s ambassador, Netanyahu added: ""I don't hide the fact that I'm an Argentina fan. Most Israelis are Argentina fans, because President Milei has revolutionised Argentina's relations with us. We have no greater or better friend."" That transformation has been dramatic. Argentina recognised Palestinian statehood in 2010 under former President Cristina Fernandez de Kirchner. Meanwhile, Milei, a self-described “anarcho-capitalist” who took office in December 2023, has since pulled the country into Netanyahu’s orbit and made support for Israel central to his international identity. The contrast also revives memories of Diego Maradona. Unlike Messi, the late Argentine football icon spoke openly about Palestine and met Palestinian Authority President Mahmoud Abbas during the 2018 World Cup. “In my heart, I am Palestinian,” Maradona said."" https://www. middleeasteye.net/news/how-one -president-made-argentina-look-far-more-pro-israel-it # israel # argentina # palestine"
116954055057706863,argentina,en,"Oh look. Argentina’s Economy Minister, Luis Caputo, who signed Argentina’s “Super RIGI” bill on May 22 or 23, met with Peter Thiel on or about May 12. #Argentina #Thiel RE: https://bsky.app/profile/did:plc:we7sidyj3b5or2r7trtpfzt7/post/3mr3to6gxqs22"
116954018808493040,argentina,en,FIFA appoints prosecutor to probe Argentina vs. Spain World Cup brawl FIFA has appointed a prosecutor to review the post-match brawl that broke out between Argentina and Spain after the 2026 World Cup final. https://www. usatoday.com/story/sports/socc er/worldcup/2026/07/20/world-cup-argentina-spain-brawl-leandro-paredes-fifa-investigation/90985046007/ # TopNews # News # Argentina # FIFA # Spain
116953974953650097,argentina,en,"White House Posts Pictures Of Trump At World Cup Final After FIFA Crops Him Out FIFA posted a photo of Spain lifting the World Cup trophy to social media—but President Donald Trump, who lingered on stage, appears to be carefully cropped out. https://www. forbes.com/sites/conormurray/2 026/07/20/fifa-crops-trump-out-of-world-cup-photo-white-house-adds-him-back-in/ # TopNews # News # Trump # Infantino # Argentina"
116953883110544772,argentina,en,Revealed: The punishment Leandro Paredes faces after hectic end to World Cup final defeat to Spain | Goal.com Leandro Paredes faces a lengthy FIFA suspension after being sent off for clashing with Gavi and Eric Garcia in Argentina's World Cup final loss to Spain. https://www. goal.com/en/lists/revealed-the -punishment-leandro-paredes-faces-after-hectic-end-to-world-cup-final-defeat-to-spain/blt8598262862c8913d # TopNews # News # Spain # Argentina # FIFA
116953882527877111,argentina,en,"29 Reasons We Loved the 2026 World Cup From Cape Verde’s last stand to the prophetic photo of Messi and Lamine Yamal, this summer’s World Cup delivered on and off the pitch https://www. theringer.com/2026/07/20/world -cup/world-cup-fifa-2026-soccer-tournament-favorite-best-moments # TopNews # News # WorldCup # Argentina # England"
116953879687622436,argentina,en,# Argentina # winter # heat # heatwave # foehn # ElNino # SuperElNino via # WeatherWest dr. # DanielSwain https:// bsky.app/profile/weatherwest.b sky.social/post/3mr3whzfzi22o # climate # ClimateScience # climatechange # ClimateEmergency # ClimateCrisis # ClimateBreakdown # ClimateDisruption # globalWarming # globalHeating # ExtremeWeather # polycrisis
116953876315502731,argentina,de,#Argentina #winter #heat #heatwave #foehn #snow #ElNino #SuperElNino via #WeatherWest dr. #DanielSwain #climate #ClimateScience #climatechange #ClimateEmergency #ClimateCrisis #ClimateBreakdown #ClimateDisruption #globalWarming #globalHeating #ExtremeWeather #polycrisis RE: https://bsky.app/profile/did:plc:gslrbg7et2wxhlhrkqtwlm22/post/3mr3whzfzi22o
116953792878383987,argentina,en,Spain’s on-field World Cup celebrations marred by scuffles with Argentina players Spain's celebrations after beating Argentina in the World Cup final turned ugly as players briefly clashed on the field. https:// apnews.com/article/world-cup-f inal-brawl-scuffle-paredes-96a47e04a3485874b808a0ebcd90c76a # TopNews # News # Argentina # Spain # WorldCup
116953789519590098,argentina,en,"Africa: Spain Deserved to World Cup, Says Argentina's Coach Scaloni: [Leadership] Argentina coach Lionel Scaloni admitted Spain were the better team following his team's 1-0 extra-time defeat in the 2026 World Cup final on Sunday. http:// newsfeed.facilit8.network/TTd7 pF # WorldCup # Argentina # Spain # Scaloni # Football"
116953725087485291,argentina,en,"Adnkronos - ultimoratop: ""L'Argentina ha vinto i Mondiali"", lo scherzo del pilota ai passeggeri in volo (Adnkronos) - Il video dilaga sul web: prima la festa ad alta quota, poi il gelo “Argentina won the World Cup,” the pilot joked to the passengers on the flight. (Adnkronos) – The video goes viral on the web: first the party at high altitude, then the freeze. # Argentina # theWorldCup # first https://www. adnkronos.com/sport/argentina- mondiali-scherzo-pilota-video_70ilnxIJtRqAblSIy5dZ6J"
116953694458003324,argentina,en,"✅ Resolved: Internet disruption detected in La Pampa, Argentina — outage lasted 57m (source: IODA) (2026-07-20 16:50 UTC – 2026-07-20 17:47 UTC). https:// partially.online/?country=AR # PartialyOnline # Argentina # LaPampa # Shutdown"
116953611402113556,argentina,en,"The 2026 World Cup was full of spectacle, scandal and compromise | Jonathan Wilson This was a good rather than great World Cup on the field. In the background, things were a lot less edifying https://www. theguardian.com/football/2026/ jul/20/a-world-cup-of-spectacle-scandal-and-compromise # TopNews # News # theWorldCup # Argentina # Fifa"
116953609785602875,argentina,en,"Long Live Football: Football Won A match where only one side wanted to win. It took patience, effort, and composure to avoid being drawn into the fights the other side started. In the end, they succeeded: a team with no stars was brave enough to save football from near collapse. https:// iamarino.com/football-won/"
116953538063144633,argentina,en,"The macabre kidnapping of Eva Perón's corpse Argentina's iconic first lady died in July 1952. Sixty years on, the BBC looked back at her cadaver's bizarre disappearance – and its 16-year journey around the globe. https://www. bbc.com/culture/article/202607 17-the-macabre-kidnapping-of-eva-perns-corpse # Argentina # EvaPeron"
116953537450105815,argentina,en,"Internet disruption detected in La Pampa, Argentina — Severe Shutdown (source: IODA) (started 2026-07-20 16:50 UTC). https:// partially.online/?country=AR # PartialyOnline # Argentina # LaPampa # Shutdown"
116953486326683084,argentina,en,"💻 @ TaylorTwellman # Spain dominated # Argentina in the # WorldCup Final on Sunday, capping off a historic fun in which they gave up only one goal in the entire tournament:"
116953474675144539,argentina,en,🏆 Copa America: Argentina vs Spain World Cup Final Betting Argentina's Copa America dominance meets Spain in the World Cup final. We break down the betting angles. 🔗 https:// puntersure-tips.com/blogs/copa -america-argentina-spain-world-cup-final-prediction # CopaAmerica # Argentina # Spain # WorldCupfinal
116953474188514079,argentina,en,World Cup 2026: Could Argentina face action after post-final trouble? Argentina are likely to face a Fifa investigation following the ugly scenes at the end of the World Cup final. https://www. bbc.com/sport/football/article s/clyxjk0z5y7o # TopNews # News # Argentina # Fifa # Spain
116953432859590222,argentina,en,Let's talk about Messi 🇦🇷👎 And about the violence of the Argentina football fans in Brazil after losing the world cup final - shameless feckers! # messi # worldcup # argentina # football # worldcup2026 # SeleccionArgentina
116953370230855972,argentina,en,"The 2026 World Cup was full of spectacle, scandal and compromise | Jonathan Wilson By Jonathan Wilson This was a good rather than great World Cup on the field. In the background, things were a lot less edifying https://www. theguardian.com/football/2026/ jul/20/a-world-cup-of-spectacle-scandal-and-compromise # Football # Sport # WorldCup2026 # WorldCup # Spain # Argentina # TheGuardian # JonathanWilson"
116953337431651103,argentina,en,"Trump absent from Spain's World Cup celebration picture shared to social media Donald Trump lingered for Spain's celebration after receiving the World Cup trophy, but he wasn't included in a photo of it shared to social media. https://www. usatoday.com/story/sports/socc er/worldcup/2026/07/20/donald-trump-spain-world-cup-celebration-photo/90980301007/ # TopNews # News # Spain # Trump # Argentina"
116953336659586567,argentina,,Could Argentina face action after post-final trouble? https://www.bbc.co.uk/sport/football/articles/clyxjk0z5y7o?at_medium=RSS&at_campaign=rss # Football # Sports # Argentina
116953294228533676,argentina,en,The World Cup Could Not Be Americanized Spain’s 1–0 win over Argentina demonstrated all of the ways that this sport is still foreign in the United States. https://www. theatlantic.com/culture/2026/0 7/world-cup-spain-argentina/688000/ # TopNews # News # Spain # Messi # Argentina
116953251912216639,argentina,en,"“The moment you touch Messi, there’s about 10 of them that just come flooding around and screaming. I don’t know, like he’s some just disabled child who’s in a wheelchair you’ve just kicked into a canal and everybody’s having a meltdown like suddenly you’re the bad guy. Instead of him just being a socially awkward, inept dwarf who’s brilliant at football and that’s about it” This man knows how to paint a picture 🤣🤣 https:// youtu.be/EtsrnqOrj5k?t=47 # worldcup26 # messi # argentina"
116953137030267966,argentina,en,"Today: La nazionale di calcio paralimpica lasciata a terra in aeroporto: ""Non c'è posto per le carrozzine"" Sei atleti della nazionale paralimpica di calcio dovevano raggiungere Glasgow per partecipare a un torneo internazionale di preparazione ai prossimi campionati del mondo in Argentina. Ma il volo easyJet su cui dovevano imbarcarsi è partito senza di loro. Così, la nazionale italiana di Powerchair... The Paralympic football team abandoned at the airport: “There’s no space for wheelchairs.” Six Paralympic football team athletes had to reach Glasgow to participate in an international preparatory tournament for the upcoming World Championships in Argentina. But the easyJet flight on which they were supposed to board departed without them. So, the Italian Powerchair... # Glasgow # WorldChampionships # Argentina # Italian https://www. today.it/attualita/nazionale-c alcio-paralimpica-powerchair-bloccata-easyjet.html"
116953102383812255,argentina,en,"Last night's match wasn't great, but satisfying to see the Argentine thugs beaten by a very classy Spain. Also great to see and hear the Idiot in Chief thoroughly abused. My abiding memories of the month-long spectacle. Beyond the brilliant football and fantastic supporters, the tournament itself was a tacky, vulgar, corrupt circus — the worst kind of overblown, plastic, tasteless Americanised showmanship, trashy, sleazy shite. A crooked, bloated pageant rather than a celebration of the sport. Let’s hope the USA are never handed it again, and that football nations eventually have the backbone to form a different, breakaway organisation. # worldcup # football # trump # usa # spain # argentina # thugs"
116953096852501697,argentina,en,"Don't Cry for Me Argentina It won't be easy, you'll think it strange When I try to explain how I feel That I still need your love after all goals scored You won't believe me, all you will see is a Messi you once knew Although he dressed up to the nines He failed to score a goal for you I had to let it happen, I had to change Couldn't stay all my life a scorer # worldcup # Messi # Argentina https://www. youtube.com/watch?v=KD_1Z8iUDho"
116953067873389449,argentina,en,"Sore-loser Argentina turn their backs to Spain during World Cup trophy celebration after igniting post-match brawl If you weren’t looking closely, you might have missed the dirty move Argentina pulled on Spain after the final whistle. https:// nypost.com/2026/07/20/sports/s ore-loser-argentina-turn-their-backs-to-spain-during-world-cup-celebration/ # TopNews # News # Argentina # Spain # WorldCup"
116952974411559320,argentina,en,Otamendi’s furious reaction to Rodri following Spain’s dramatic victory The Argentine defender was angered by a Spanish player's comments before the World Cup Final. https://www. marca.com/en/world-cup/2026/07 /20/otamendi-s-furious-reaction-to-rodri-following-spain-s-dramatic-victory.html # TopNews # News # Rodri # Argentina # Argentine
116952900134555804,argentina,en,🚨 BREAKING: FIFA faces scrutiny over alleged favoritism toward Argentina during the 2026 World Cup campaign. Read More: https:// gtvnewshd.com/sports/2026/07/2 0/fifa-under-scrutiny-over-alleged-favoritism-toward-argentina-during-world-cup-2026-campaign/ # BreakingNews # FIFA # WorldCup2026 # Argentina # Football # Soccer # SportsNews # FairPlay # FootballNews # GTVNews
116952886312671008,argentina,en,"Trump Cropped Out Of Spain’s World Cup Victory Photo FIFA posted a photo of Spain lifting the World Cup trophy to social media—but President Donald Trump, who lingered on stage, appears to be carefully cropped out. https://www. forbes.com/sites/conormurray/2 026/07/20/fifa-crops-trump-out-of-spains-world-cup-victory-photo/ # TopNews # News # Trump # Infantino # Argentina"
116952861510080593,argentina,en,"Analysis of the xG (expected goals) created and conceded per game for each R16 team, along with Germany and the Netherlands (R32). The statistics suggest that 🇪🇸 Spain's World Cup victory was driven primarily by defensive dominance rather than overwhelming attacking output. Clearly, they had the best balance between attacking output and defensive solidity (both efficient and defensive) throughout the tournament. They were technically the most complete team and thoroughly deserved to be crowned World Champions.🌎🥇🏆 • Lowest xG conceded in the tournament: 0.30 per match. • Highest xG difference among all semi-finalists: +1.65. • Held both 🇫🇷 France (0.31 xG) and 🇦🇷 Argentina (0.22 xG), the other finalists and one of the strongest attacking teams, to almost no chance in the knockout rounds. While 🇫🇷 France were the most prolific attacking side and 🇧🇷 Brazil (eliminated in R16) led the tournament in xG created, 🇪🇸 La Roja consistently controlled matches at both ends of the pitch. Their ability to suppress opponents' chance creation was the defining statistical feature of the 2026 FIFA World Cup. # xG # ExpectedGoals # FootballAnalytics # FootballStats # SoccerAnalytics # FIFAWorldCup # WorldCup2026 # Spain # LaRoja # SpainNationalTeam # WorldChampions # Football # Soccer # MatchAnalysis # DataAnalysis # SportsAnalytics # TacticalAnalysis # FootballTactics # KnockoutStage # DefensiveMasterclass # DefensiveSolidity # EliteDefense # AttackVsDefense # SpainFootball # France # Argentina # Brazil # WorldCupStats # FootballData # SoccerStats"
116952842240977146,argentina,en,"'Total disgrace': Argentina branded 'classless' as post-final conduct sparks outrage Argentina came under intense scrutiny following their FIFA World Cup 2026 final defeat to Spain, with their behaviour during the post-match medal ceremony drawing widespread criticism from sections of the football community. https:// timesofindia.indiatimes.com/sp orts/football/fifa-world-cup/total-disgrace-argentina-branded-classless-as-post-final-conduct-sparks-outrage/articleshow/132517657.cms # TopNews # News # Argentina # Spain # WorldCup"
116952826794722246,argentina,en,"# soccer # worldcup # argentina # lol # politics # taco Everyone hates the fat pig ; “ Argentina defender Cristian Romero appeared to deliberately avoid shaking hands with Donald Trump during the medal ceremony at the 2026 World Cup final. The incident happened after Argentina's 1-0 extra-time defeat to Spain at MetLife Stadium in New Jersey, where the president was part of the official presentation party.” https:// sports.yahoo.com/articles/arge ntina-cristian-romero-appears-ignore-082737074.html"
116952790907507300,argentina,en,🏆 Argentina World Cup 2026: Betting Lessons & Future Argentina's 2026 World Cup campaign offers a detailed blueprint of betting market psychology and crucial indicators for approaching a team in transition. 🔗 https:// puntersure-tips.com/blogs/arge ntina-world-cup-2026-betting-lessons-future-prospects # Argentina # WorldCup2026 # BettingTips # Spain
116952748649661924,argentina,en,Kylian Mbappé Wins 2026 Fifa World Cup Golden Boot Over Lionel Messi The French forward claims his second consecutive scoring title as Argentina falls to Spain in the final. https:// hypebeast.com/2026/7/kylian-mb appe-wins-2026-fifa-world-cup-golden-boot-over-lionel-messi # TopNews # News # Spain # Argentina # WorldCup
116952701861208001,argentina,en,Gangs of New Jersey: how the World Cup final descended into ugly scenes between Argentina and Spain By Joe Pinner A blow-by-blow account of how players from both sides fought in the aftermath of Sunday’s showpiece https://www. theguardian.com/football/2026/ jul/20/gangs-of-new-jersey-how-the-world-cup-final-descended-into-ugly-scenes-between-argentina-and-spain # WorldCup2026 # Argentina # Spain # WorldCup # Football # Sport # TheGuardian # JoePinner
116952656876409745,argentina,en,Gangs of New Jersey: how the World Cup final descended into ugly scenes between Argentina and Spain A blow-by-blow account of how Spain and Argentina players fought in the aftermath of Sunday’s showpiece https://www. theguardian.com/football/2026/ jul/20/gangs-of-new-jersey-how-the-world-cup-final-descended-into-ugly-scenes-between-argentina-and-spain # TopNews # News # Garcia # Spain # Argentina
116952648491358308,argentina,en,Argentina World Cup fate decided after calls to ban finalists from next tournament https:// fed.brid.gy/r/https://www.mirr or.co.uk/sport/football/news/argentina-world-cup-ban-fight-37454176
116952636266871072,argentina,en,A Video showing all the reasons why #Spain deserves to be the #World's #Champion and NOT #Argentina ( #Karma ) #VALUES AND #MENTALITY #MATTER #España x.com/i/status/207... (fan) REAL MADRID FANS 🤍 (@Adr...
116952635044175727,argentina,fr,A Video showing all the reasons why # Spain deserves to be the # World 's # Champion and NOT # Argentina ( # Karma ) # VALUES AND # MENTALITY # MATTER # España https:// x.com/i/status/207912981166285 6541
116952585209742990,argentina,ru,"Dietmar Hamann Backs Jurgen Klopp to Revive Germany National Team Germany is actively seeking solutions to overcome the crisis facing their national team. The Germans were eliminated in the round of 16 at the World Cup by Paraguay. Veteran of the German national team Dietmar Hamann shared his perspective on addressing the issue: ""If yo... # Argentina # England # Germany # JulianNagelsmann # JürgenKlopp https:// sportbursts.com/soccer/dietmar -hamann-backs-jurgen-klopp-to-revive-germany-national-team/?utm_source=mastodon&utm_medium=jetpack_social"
116952583706454950,argentina,en,‘Beyond reproach’: Argentinian media praises Scaloni’s team despite World Cup final defeat By Facundo Iglesia in Buenos Aires Clarín says team ‘gave it their all’ in losing effort https://www. theguardian.com/football/2026/ jul/20/beyond-reproach-argentinian-media-praises-scaloni-team-despite-world-cup-final-defeat # WorldCup2026 # WorldCup # Argentina # Spain # Football # Sport # TheGuardian # FacundoIglesiainBuenosAires
116952575949862350,argentina,en,"# Soccer # Futból # FIFA # WorldCup I watched more soccer in the past few wks than I previously did in the entire 75 yrs of my entire life. I still find the game mostly boring, especially when no goals are scored & it's just a defensive battle. This is the reason why I only watched a couple of games live, instead of viewing them off of recordings on fast forward to just watch the scoring plays. Nothing I saw, including the final game between # Spain & # Argentina , which I watched live, changed my mind. I've watched enough to learn the rules & nuances of the game but it was still boring to me. But what's worse to me is how the players on all teams constantly over react to contact & fake injuries & fall down & roll over & scream out as though in pain after incidental contact just to get a penalty call. It's ridiculous! 🤦‍♂️ So, I won't be watching any more soccer games anytime soon. 🤷🏻‍♂️ And I'll continue to watch FOOTBALL (or even rugby) instead, where men who get hit have a real reason to fall down!!! 😎"
116952566162049429,argentina,en,"PHOTOS: Spain wins the World Cup by beating Argentina 1-0 on Ferran Torres' goal in extra time Denying Lionel Messi a second straight title in what he has indicated would be his final World Cup match, Torres came off the bench and scored in the 106th minute and Spain ended Argentina’s reign with a 1-0 win on Sunday. https://www. pbs.org/newshour/world/photos- spain-wins-the-world-cup-by-beating-argentina-1-0-on-ferran-torres-goal-in-extra-time # TopNews # News # Spain # Argentina # Messi"
116952394004036359,argentina,en,RE: https:// sportsbots.xyz/users/TeleFootb all/statuses/2079122944358326545 This is quite the quote and stat this morning from the Telegraph on # Argentina ’s Enzo Fernandez…..
116952347922255380,argentina,en,‘A unique collective experience’: Spain media hail team’s World Cup triumph By Sam Jones in Madrid El Mundo marks country’s ‘unique collective experience’ https://www. theguardian.com/football/2026/ jul/20/spain-media-hail-2026-world-cup-final-triumph # WorldCup2026 # Spain # Argentina # Spain # WorldCup # Football # Sport # TheGuardian # SamJonesinMadrid
116952319428242831,argentina,ru,"Toni Kroos Reflects: Football Triumphed in World Cup Final German football legend and former Bayern Munich and Real Madrid midfielder Toni Kroos summed up the World Cup final in just two words: ""Football won."" The brief yet powerful statement from the 2014 World Cup champion captured the essence of what unfolded at MetLife Stadium. It wasn’t... # Argentina # BayernMunich # RealMadrid # Spain # WorldCup https:// sportbursts.com/soccer/toni-kr oos-reflects-football-triumphed-in-world-cup-final/?utm_source=mastodon&utm_medium=jetpack_social"
116952318551011714,argentina,ru,"Donald Trump and Gianni Infantino Booed During Spain’s Trophy Presentation Donald Trump and Gianni Infantino were booed as they stepped onto the field for the award ceremony, after which the US president attempted to join Spain's victory celebration. During the match, Trump was seated in a glass-enclosed luxury box alongside Infantino. Nearby were other dignita... # Argentina # Spain # WorldCup https:// sportbursts.com/soccer/donald- trump-and-gianni-infantino-booed-during-spains-trophy-presentation/?utm_source=mastodon&utm_medium=jetpack_social"
116952230845797015,argentina,en,"Adnkronos - ultimoratop: Messi, le critiche di Conte: ""In finale la sua peggior prestazione"" (Adnkronos) - L'ex allenatore del Napoli ha commentato il ko dell'Argentina in finale dei Mondiali contro la Spagna Messi, Conte’s criticism: “His worst performance in the final” (Adnkronos) – The former Naples coach has commented on Argentina’s defeat in the World Cup final against Spain. # Messi # Conte # Naples # Argentina # theWorldCup # Spain https://www. adnkronos.com/sport/conte-mess i-finale-mondiali-spagna-argentina_7M4mzmRjLbCgKCeg556VHU"
116952185570219818,argentina,en,"What does this #World #Cup ( of #Shame ) and the #Second #World #War have in common ? Well, At the end , the losers fly to #Argentina ! 😅 www.instagram.com/reel/Da_ZQet... Instagram"
116952183892228854,argentina,fr,"What does this # World # Cup ( of # Shame ) and the # Second # World # War have in common ? Well, At the end , the losers fly to # Argentina ! 😅 https://www. instagram.com/reel/Da_ZQetImNd /?igsh=ZXUwNXFlamxoajN6"
116952169760919922,argentina,en,Quotidian Little #harassing #racism in #Argentina www.instagram.com/reel/Dat2L-s... Instagram
116952167402367681,argentina,en,Quotidian Little #harassing #racism in #Argentina www.instagram.com/reel/Dat2L-s... Instagram
116952165981965467,argentina,fr,Quotidian Little # harassing # racism in # Argentina https://www. instagram.com/reel/Dat2L-syClt /?igsh=MWh5YWt2YXlncTJxNw==
116952152307589981,argentina,en,"Adnkronos - ultimoratop: Spagna campione del mondo, la festa in pullman e Yamal scatenato (Adnkronos) - La Spagna è campione del mondo e la festa comincia. Prima nello spogliatoio, poi sul pullman. I video pubblicati da Gavi sul proprio profilo Instagram mostrano la gioia delle Furie Rosse. Musica, cori e balli dopo la vittoria in finale per 1-0 contro l'Argentina. Menzione speciale per Lamine Yamal, protagonista della lunga nottata. Spain World Champions, party bus and Yamal unleashed. (Adnkronos) - Spain is world champion and the celebrations begin. First in the locker room, then on the bus. Videos posted by Gavi on his Instagram profile show the joy of La Roja. Music, chants and dancing after victory in the final by 1-0 against Argentina. Special mention for Lamine Yamal, who was the star of the long night. # SpainWorldChampions # Yamal # Spain # First # Instagram # LaRoja # Argentina # LamineYamal https://www. adnkronos.com/sport/spagna-yam al-mondiali-video-festa_s48OxZVn3xVw9Pmn2lhbP"
116952065246551407,argentina,ru,"Opta Sports Selects World Cup 2026 Best XI Excluding Olise and Vozinha Opta Sports, the renowned analytics company, has unveiled its symbolic World Cup 2026 Best XI. This lineup is based on the Opta Index, an averaged player rating that combines key statistical metrics. Notably, some players like France’s winger Michael Olise and Cape Verde... # Argentina # Belgium # CapeVerde # England # ErlingHaaland https:// sportbursts.com/soccer/opta-sp orts-selects-world-cup-2026-best-xi-excluding-olise-and-vozinha/?utm_source=mastodon&utm_medium=jetpack_social"
116952059746499532,argentina,en,THE #WHOLE #WORLD AFTER #SPAIN JUST BEAT #ARGENTINA F_CK YOU #TRUMP www.instagram.com/reel/Da_eLbe... Instagram
116952058746022892,argentina,fr,THE # WHOLE # WORLD AFTER # SPAIN JUST BEAT # ARGENTINA F_CK YOU # TRUMP https://www. instagram.com/reel/Da_eLbegvMm /?igsh=MXVocGZ4dnA4MTUyaQ==
116952038985834643,argentina,en,I don't care that # Spain won the # worldcup I'm just happy # Argentina lost. And I think the majority of us feel this way.
116951996404155079,argentina,en,"Today: Il pagellone dei Mondiali: le sorprese e le delusioni, i momenti da ricordare e quelli penosi Il Mondiale più grande della storia si chiude - giustamente - con la Spagna campione per la seconda volta nel Ventunesimo secolo grazie a un 1-0 sofferto e deciso ai supplementari da Ferran Torres contro un'Argentina rimasta in dieci uomini.Un trofeo assegnato con un certo senso di giustizia va... The World Cup grading: surprises and disappointments, memorable moments and unfortunate ones. The greatest tournament in history closes – rightly – with Spain as champions for the second time in the twenty-first century, thanks to a hard-fought and decisive 1-0 victory in extra time by Ferran Torres against an Argentina that remained down to ten men. A trophy awarded with a certain sense of justice goes… # TheWorldCup # Spain # second # FerranTorres # Argentina https://www. today.it/opinioni/pagelle-fina li-mondiali.html"
116951994662837115,argentina,en,Spain’s Torres scores in extra time to bring country 2nd World Cup title https:// fed.brid.gy/r/https://globalne ws.ca/news/11972013/spain-wins-world-cup-defeats-argentina/
116951978012938931,argentina,en,"The 2026 World Cup was an enthralling spectacle from beginning to end, with a worthy champion - The Boston Globe What made this tournament so fantastic was the gripping uncertainty across an event where, on a daily basis, anything seemed possible. https://www. bostonglobe.com/2026/07/20/spo rts/world-cup-analysis-spain-argentina-final/ # TopNews # News # Argentina # England # Brazil"
116951977396375928,argentina,en,"Muppets, Trump and Lego trophies: The 10 weirdest moments from the World Cup final Spain beat Argentina 1-0 in added time in a game which was full of colourful and at times farcical incidents but notably low on football quality https://www. independent.co.uk/sport/footba ll/world-cup-final-spain-argentina-trump-muppets-fifa-b3017983.html # TopNews # News # Spain # Argentina # Lego"
116951970546197842,argentina,ja,"https://www. wacoca.com/news/2887884/ Argentina ‘set a great example’ with World Cup efforts, claims Scaloni # Argentina # アルゼンチン"
116951955641633715,argentina,en,"Adnkronos - ultimoratop: Mondiali, Adani festeggia (anche senza Argentina): ""La Rai ha dominato"" (Adnkronos) - L'ex difensore ha commentato la finale tra l'Albiceleste e la Spagna World Cup, Adani celebrates (even without Argentina): “Rai dominated” (Adnkronos) - The former defender has commented on the final between Argentina and Spain. # WorldCup # Adani # Argentina # Spain https://www. adnkronos.com/sport/argentina- adani-rai-messaggio-finale-mondiali_oxuhBzH20w1JdrL40tcx0"
116951916922859327,argentina,en,“Donald Trump and Gianni Infantino booed before US president attempts to crash Spain celebrations” …No surprise there https://www. theguardian.com/football/2026/ jul/19/donald-trump-world-cup-final # worldcup # worldcupfinal # football # soccer # sport # sports # fifa # trump # donaldtrump # usa # us # america # spain # uspol # uspolitics # maga # gop # argentina # espana
116951840061991653,argentina,en,"Spain wins World Cup 2026, receives unprecedented cash prize https:// fed.brid.gy/r/https://www.isra elhayom.com/2026/07/20/spain-wins-world-cup-2026-receives-unprecedented-cash-prize/"
116951794988749629,argentina,ru,"FIFA Launches Sale of Championship Rings Following Spain’s 2026 World Cup Win Following Spain's 1-0 victory over Argentina in the 2026 FIFA World Cup final, FIFA introduced a historic new tradition by awarding the champions with special gold rings, similar to those customary in American sports. Immediately after the final whistle, FIFA President Gianni Infantin... # Argentina # FIFA # Spain # WorldCup https:// sportbursts.com/soccer/fifa-la unches-sale-of-championship-rings-following-spains-2026-world-cup-win/?utm_source=mastodon&utm_medium=jetpack_social"
116951705610343480,argentina,en,"Tonight's winner takes home the trophy, rings and $51 million The cash prize for either Argentina or Spain, while an increase on the last tournament, is a small figure when compared to the amounts spent on individual football players https://www. euronews.com/2026/07/19/new-wo rld-cup-champions-51-million-prize # TopNews # News # theWorldCup # Argentina # France"
116951664559888304,argentina,de,# Paredes from the team of # Argentina got a red card after the final of the # fifaworldcup # ESPArG I hope he will never return to a football pitch again. The German commentator said that’s a bit over the top but what happens in the heat if the moment. This is bullshit. It's violence and I hope he doesn't come back. And I hope he doesn't have a family who gets a good beat up in the heat of the moment sometimes too. # maleviolence
116951582310820423,argentina,en,Spain Crowned 2026 World Cup Champions: ‘La Roja’ Outshines Argentina in Dramatic Final to Crush Messi’s Dream https:// fed.brid.gy/r/https://www.pres senza.com/2026/07/spain-crowned-2026-world-cup-champions-la-roja-outshines-argentina-in-dramatic-final-to-crush-messis-dream/
116951524337601380,argentina,en,"Key takeaways from the World Cup 2026 final as Spain beat Argentina Midfield dominance, stifling Lionel Messi and gifted wingers - Spain outclassed Argentina to lift the World Cup. https://www. aljazeera.com/sports/2026/7/20 /key-takeaways-from-the-world-cup-2026-final-as-spain-beat-argentina # TopNews # News # Spain # Messi # Argentina"
116951485500743942,argentina,en,RaiNews: Spagna campione: a Times Square scoppia la festa dopo il trionfo ai Mondiali Centinaia di tifosi hanno invaso la piazza simbolo di New York con bandiere e cori dopo la vittoria per 1-0 sull'Argentina. Spain Champion: A Times Square party erupts after the victory at the World Cup. Hundreds of fans invaded the symbolic square of New York with flags and chants after the 1-0 victory over Argentina. # SpainChampion # TimesSquare # theWorldCup # NewYork # Argentina https://www. rainews.it/video/2026/07/spagn a-campione-a-times-square-scoppia-la-festa-dopo-il-trionfo-ai-mondiali-5993655c-67f7-403d-95bf-1d89ba5e2962.html
116951476644111833,argentina,en,Photos: Spain beat Argentina to win second World Cup title Spain edge Messi’s Argentina 1-0 in extra time to claim their second World Cup title. https://www. aljazeera.com/gallery/2026/7/2 0/photos-spain-beat-argentina-to-win-second-world-cup-title # TopNews # News # Spain # Argentina # WorldCup
116951466214994435,argentina,ru,"Argentina to Declare National Holiday Celebrating World Cup Final Appearance Argentina's President Javier Milei announced on his X account that the country will celebrate the national football team's performance at the 2026 World Cup. Milei promised to declare a public holiday on the day when the team meets with their supporters. ""Due to concerns about celebrating the achie... # Argentina # WorldCup https:// sportbursts.com/soccer/argenti na-to-declare-national-holiday-celebrating-world-cup-final-appearance/?utm_source=mastodon&utm_medium=jetpack_social"
116951465357021215,argentina,ru,"Emiliano Martínez Made More Saves in Final Than Unai Simón All Tournament An astonishing statistic underlines Spain's complete dominance in the World Cup final, highlighted by a telling detail. Argentina's goalkeeper Emiliano Martínez made 11 saves during the match. In contrast, Spain's goalkeeper Unai Simón recorded only 10 saves throughout the entire tou... # Argentina # Spain # UnaiSimón # WorldCup https:// sportbursts.com/soccer/emilian o-martinez-made-more-saves-in-final-than-unai-simon-all-tournament/?utm_source=mastodon&utm_medium=jetpack_social"
116951465095910661,argentina,ru,"Spain’s Dominant Performance Secures 2026 World Cup Title: Full Match Review The World Cup final turned into an unprecedented display of total dominance by Spain. Argentina managed to register their first shot on target only in the 115th minute—a record in the history of the tournament. Despite this, Argentina came close to escaping defeat once again, as they h... # Argentina # Spain # WorldCup https:// sportbursts.com/soccer/spains- dominant-performance-secures-2026-world-cup-title-full-match-review/?utm_source=mastodon&utm_medium=jetpack_social"
116951464345891427,argentina,ru,"Lamin Yamal Tops Ballon d’Or Odds After Spain’s World Cup Win Following the conclusion of the 2026 World Cup, the Polymarket platform has updated its odds for the Ballon d'Or winner. Leading the predictions is Spain's winger Lamin Yamal, who currently holds a 51% chance of claiming the prestigious award. This surge in his favor la... # Argentina # England # France # HarryKane # KylianMbappé https:// sportbursts.com/soccer/lamin-y amal-tops-ballon-dor-odds-after-spains-world-cup-win/?utm_source=mastodon&utm_medium=jetpack_social"
116951464123994263,argentina,ru,"Spain Dominates Argentina in World Cup Final with Remarkable Statistics The World Cup final between Spain and Argentina was marked by complete dominance from the European side. This was clearly reflected in the fundamental statistics. The shot count stood at 20 to 2, with Argentina failing to register a single shot on target until the 115th minute. Even then, despite... # Argentina # Spain # WorldCup https:// sportbursts.com/soccer/spain-d ominates-argentina-in-world-cup-final-with-remarkable-statistics/?utm_source=mastodon&utm_medium=jetpack_social"
116951452808622454,argentina,en,"Is he the best? ✅ Yes. Has he become increasingly unlikeable? ✅ Yes. Why❓No idea, but it does not suit him. Does the world see it too? ✅ Yes, and not because people are jealous of his brilliant football. Example: # Cucurella explained to # Messi that # Cubarsí had injured his mouth. Messi then seized the opportunity to tell the referee that # Cubarsi was deliberately covering his mouth and demanded that he be shown a red card. # WorldCup # spain # Argentina"
116951450583393513,argentina,ru,"Luis de la Fuente: Spain Faces Historic Moment in World Cup Final Spain's head coach Luis de la Fuente revealed insights from his team talk ahead of the 2026 World Cup final against Argentina. ""I told them, 'Gentlemen, we have a date with history, and we must be the first!' After the match, several players asked about the team's next objectives following... # Argentina # SouthAfrica # Spain # WorldCup https:// sportbursts.com/soccer/luis-de -la-fuente-spain-faces-historic-moment-in-world-cup-final/?utm_source=mastodon&utm_medium=jetpack_social"
116951449864368091,argentina,ru,"Rodri, Cubarsí, and Simón Sweep Individual Awards at 2026 World Cup FIFA has announced the recipients of the individual awards for the 2026 World Cup, with nearly all honors going to the tournament winners, Spain. Rodri, the Spanish midfielder and captain—who notably won the Ballon d'Or in 2024—was named the best player of the tournament. The aw... # Argentina # Barcelona # FIFA # France # KylianMbappé https:// sportbursts.com/soccer/rodri-c ubarsi-and-simon-sweep-individual-awards-at-2026-world-cup/?utm_source=mastodon&utm_medium=jetpack_social"
116951380215260433,argentina,en,"BBC's good bye to the 2026 World Cup is something that needs to be shared to all the soccer fans, beautiful final montage # FediFC # Football # Soccer # Futbol # Calcio # Futebol # MastodonFC # WorldCup # CopaMundial2026 # WorldCup2026 # Mexico # España # Argentina # Ecuador # Paraguay # Panamá # Colombia # Uruguay # USA # Canadá # Brasil"
116951366627811796,argentina,en,"Il Fatto Quotidiano: Messi-Yamal, l’abbraccio simbolico dopo la finale. Il 19enne spagnolo entra nella storia dei Mondiali Lionel Messi, sconfitto e seduto sul prato del MetLife Stadium, viene raggiunto da Lamine Yamal. Il diciannovenne della Spagna lo abbraccia, i due si scambiano qualche parola lontano dalle telecamere. È il finale di una storia iniziata diciannove anni fa, quando un giovanissimo Messi prese in braccio e fece il bagnetto a un neonato durante un servizio fotografico benefico dell’Unicef al Camp Nou. Quello era proprio Yamal. La foto che aveva anticipato la finale del Mondiale è diventata anche il simbolo della sua conclusione, con la Spagna di Yamal campione del mondo e le lacrime di Messi che dice addio alla Nazionale. Per il talento spagnolo la notte di New York non è stata la più brillante del torneo. Nella finale contro l’Argentina è rimasto più in ombra rispetto alle prestazioni che lo avevano reso una stella globale: non è stato uno dei protagonisti assoluti della cavalcata della Roja. Ma il calcio, a volte, consegna i suoi simboli anche senza una giocata decisiva. Anche Messi in finale ha giocato forse la sua peggiore partita, certo non aiutato dalla prestazione di tutta l’Argentina. Il loro abbraccio è però l’immagine del passaggio di consegne tra il campione che ha segnato un’epoca – il più grande di tutti – e il ragazzo destinato a raccoglierne almeno in parte l‘eredità. Il Mondiale conquistato consente comunque a Yamal di entrare nella storia. A soli 19 anni diventa il più giovane calciatore ad aver vinto sia un Campionato Europeo sia una Coppa del Mondo, un’impresa che certifica una precocità senza precedenti. Un altro record da aggiungere a una carriera che, nonostante l’età, continua ad accumulare primati con impressionante naturalezza. Del resto, la sua storia sembrava già scritta in quella fotografia del 2007. Messi aveva appena vent’anni ed era soltanto all’inizio della sua leggenda; Yamal era un bambino di pochi mesi, scelto insieme alla sua famiglia per partecipare all’iniziativa benefica organizzata dal Barcellona e dall’Unicef. Quello scatto è riemerso alla vigilia della finale tra Spagna e Argentina. Dalla vaschetta del Camp Nou al tetto del mondo: il cerchio si è chiuso con un abbraccio. L'articolo Messi-Yamal, l’abbraccio simbolico dopo la finale. Il 19enne spagnolo entra nella storia dei Mondiali proviene da Il Fatto Quotidiano. Messi-Yamal, the symbolic embrace after the final. The 19-year-old Spaniard enters the history of the World Cup. Lionel Messi, defeated and sitting on the field at MetLife Stadium, is approached by Lamine Yamal. The nineteen-year-old from Spain embraces him, and the two exchange a few words away from the cameras. It’s the end of a story that began nineteen years ago when a young Messi cradled and bathed a newborn during a UNICEF photoshoot at Camp Nou. That was Yamal himself. The photo that foreshadowed the World Cup final has also become the symbol of its conclusion, with Spain’s Yamal team winning the world championship and Messi's tears as he says goodbye to the national team. For the Spanish talent, the night in New York wasn’t the brightest of the tournament. In the final against Argentina, he remained more in the shadows than the performances that had made him a global star: he was not one of the absolute protagonists of Roja’s journey. But sometimes football delivers its symbols even without a decisive play. Messi also played perhaps his worst game in the final, certainly not helped by Argentina's performance. However, their embrace is the image of the passing of the torch between the champion who marked an era – the greatest of all – and the boy destined to inherit at least part of his legacy. The World Cup won nevertheless allows Yamal to enter into history. At just 19 years old, he becomes the youngest footballer to have won both a European Championship and a World Cup, an achievement that certifies unprecedented precocity. Another record to add to a career that, despite its age, continues to accumulate records with impressive naturalness. After all, his story seemed already written in that 2007 photograph. Messi was just twenty years old and was only at the beginning of his legend; Yamal was a few months old, chosen together with his family to participate in the initiative organized by Barcelona and UNICEF. That shot has resurfaced on the eve of the Spain versus Argentina final. From the tub at Camp Nou to the top of the world: the circle closed with an embrace. The article Messi-Yamal, the symbolic embrace after the final. The 19-year-old Spaniard enters the history of the World Cups comes from Il Fatto Quotidiano. # Messi -Yamal # Spaniard # theWorldCup # LionelMessi # MetLifeStadium # LamineYamal # Spain # Messi # UNICEF # CampNou # Yamal # Spanish # NewYork # Argentina # TheWorldCup # WorldCup # Barcelona # theWorldCups # IlFattoQuotidiano https://www. ilfattoquotidiano.it/2026/07/2 0/messi-yamal-abbraccio-mondiale-finale-record-foto-simbolo/8453458/"
116951317724120266,argentina,en,Q: What does the #WorldCup and WWII have in common? A: When it finishes the loses fly to #Argentina 😂
116951295440765050,argentina,en,"Afternoon Update: Spain claim World Cup glory; Derryn Hinch farewelled; and how John Carpenter learned to shock The final’s controversial half-time show gave viewers an eclectic mix of ballads, football legends and Muppets https://www. theguardian.com/australia-news /2026/jul/20/afternoon-update-monday-ntwnfb # TopNews # News # Spain # Argentina # US"
116951158748428062,argentina,en,"Trump butts in (again) to tarnish U.S. shine at wonderful World Cup final | Opinion Donald Trump will hand the trophy to the World Cup winners, something other host leaders haven't done, in his insatiable search for another spotlight. https://www. usatoday.com/story/sports/colu mnist/nancy-armour/2026/07/19/donald-trump-world-cup-final-argentina-spain/90974019007/ # TopNews # News # Trump # thisWorldCup # Argentina"
116951094494998742,argentina,en,Argentina's World Cup final defeat highlights Messi's legacy and team's decline 📰 Original title: Lionel Messi’s World Cup fairytale ends with pitiful Argentina as final villains 🤖 IA: It's clickbait ⚠️ 👥 Users: It's clickbait ⚠️ View full AI summary https:// en.killbait.com/argentina-s-wo rld-cup-final-defeat-highlights-messi-s-legacy-and-team-s-decline.html?utm_source=mastodon_world&utm_medium=social&utm_campaign=killbait_uk.mastodon_world # sports # worldcupfinal # lionelmessi # argentina
116951089412812480,argentina,en,"Top 30: from half a million World Cup photos, why I love these the best By Jonny Weeks Our picture editor chooses his favourite images from the tournament including Lionel Messi’s cathedral, that delicious diving header from Jude Bellingham and a humbling scene in Gaza https://www. theguardian.com/football/ng-in teractive/2026/jul/20/world-cup-2026-best-30-photographs-gallery # WorldCup2026 # WorldCup # Football # Photography # Sport # England # Argentina # Spain # TheGuardian # JonnyWeeks"
116951079922307216,argentina,en,📌 📰 # mustread # oped - # opinion # worldcup # genocide # gaza # palestine # sports # politics # economy # business # journalism # sellout # media # warcrimes How # spain v. # argentina became a Proxy for Palestine and its Genocide By Ahmad Ibsais (Publ. JUL-20 2026) https:// open.substack.com/pub/ahmadibs ais/p/viva-espana-a-win-for-humanity?r=18qsxb&utm_campaign=post-expanded-share&utm_medium=web
116951037701945279,argentina,en,# worldcup # worldcup2026 # football # spain # argentina
116950977316952326,argentina,en,"Argentina's Leandro Paredes shown red card for sparking brawl after World Cup final Leandro Paredes lost his head after the final whistle of Argentina's World Cup final loss to Spain, earning a straight red card. https://www. usatoday.com/story/sports/socc er/worldcup/2026/07/19/leandro-paredes-red-card-argentina-spain-world-cup-final/90970582007/ # TopNews # News # Argentina # Spain # WorldCup"
116950818724711542,argentina,en,Argentina's World Cup Final Ends in Disgrace After Red Card Incident 📰 Original title: Leandro Paredes sent off after final whistle as Argentina’s World Cup ends with punches and in disgrace 🤖 IA: It's clickbait ⚠️ 👥 Users: It's clickbait ⚠️ View full AI summary https:// en.killbait.com/argentina-s-wo rld-cup-final-ends-in-disgrace-after-red-card-incident.html?utm_source=mastodon_world&utm_medium=social&utm_campaign=killbait_uk.mastodon_world # sports # worldcup # argentina # redcard
116950752504945724,argentina,en,World Cup 2026: latest news and reaction after Spain beat Argentina to win trophy Join our writers for the latest news and reaction after Spain earned their second men’s World Cup title with victory over Argentina https://www. theguardian.com/football/live/ 2026/jul/20/world-cup-2026-final-reaction-news-spain-argentina # TopNews # News # Spain # Argentina # WorldCup
116950723756374574,argentina,en,Spain Won As Only Spain Can https:// fed.brid.gy/r/https://defector .com/spain-won-as-only-spain-can
116950719979514922,argentina,en,"Spain wins second World Cup after beating Argentina in final After a 16-year wait, Spain has claimed a second men's World Cup. Ferran Torres scored the winner in a deserved 1-0 victory over Argentina, which means Spain is now men's and women's world champions. https://www. dw.com/en/spain-wins-second-wo rld-cup-after-beating-argentina-in-final/a-78029285?maca=en-rss-en-all-1573-rdf # ArgentinaNews # SportsNews # Sports # News # Spain # SpainNews # Argentina"
116950670071922131,argentina,ru,"Lionel Messi Acknowledges Spain’s Superiority After World Cup Final Defeat Argentina's captain Lionel Messi reflected on his team's 0-1 defeat to Spain in the World Cup final. ""I am sad, but I know we gave it our all. Honestly, they were better. We lost, and we accept that. This doesn’t mean we will forget everything we have achieved so... # Argentina # France # KylianMbappé # LionelMessi # Spain https:// sportbursts.com/soccer/lionel- messi-acknowledges-spains-superiority-after-world-cup-final-defeat/?utm_source=mastodon&utm_medium=jetpack_social"
116950664492827304,argentina,ru,"Spain Claims 2026 World Cup with Torres’ Winning Goal Ferran Torres etched his name into both Spanish and global football history by scoring the only goal in the World Cup final, becoming the first Spanish forward to do so since Andres Iniesta 16 years ago. Those who often say that seeking justice in football is futile can finally breath... # Argentina # France # LaminYamal # NicoWilliams # Spain https:// sportbursts.com/soccer/spain-c laims-2026-world-cup-with-torres-winning-goal/?utm_source=mastodon&utm_medium=jetpack_social"
116950571772680093,argentina,en,Spain’s system subdues a team built on the irrational magic of Messi’s lone genius | Barney Ronay The route to this World Cup victory involved beating the other 2022 finalist and then suffocating Argentina as they dried out in the sun https://www. theguardian.com/football/2026/ jul/20/spain-team-system-subdue-argentina-messi-magic-world-cup-2026-final # TopNews # News # Argentina # Spain # Messi
116950558645237616,argentina,en,Spain’s system subdues a team built on the irrational magic of Messi’s lone genius Barney Ronay at New York New Jersey Stadium https://www. theguardian.com/football/2026/ jul/20/spain-team-system-subdue-argentina-messi-magic-world-cup-2026-final # worldcup # football # spain # argentina
116950481211634592,argentina,en,"Argentina, Spain Fight on Field in Trending Video After 2026 FIFA World Cup Final Emotions boiled over after Spain defeated Argentina 1-0 in Sunday's FIFA World Cup final, as there was a brief scuffle after the match. https:// bleacherreport.com/articles/25 456440-argentina-spain-fight-field-trending-video-after-2026-fifa-world-cup-final # TopNews # News # Spain # WorldCup # Argentina"
116950460785707360,argentina,en,Spain’s system subdues a team built on the irrational magic of Messi’s lone genius | Barney Ronay By Barney Ronay at New York New Jersey Stadium The route to this World Cup victory involved beating the other 2022 finalist and then suffocating Argentina as they dried out in the sun https://www. theguardian.com/football/2026/ jul/20/spain-team-system-subdue-argentina-messi-magic-world-cup-2026-final # WorldCup2026 # Spain # Argentina # WorldCup # Football # Sport # TheGuardian # BarneyRonayatNewYorkNewJerseyStadium
116950435590827541,argentina,en,How a young and cohesive Spain took down Lionel Messi’s Argentina La Roja nullified and frustrated Argentina as they secured victory in New Jersey to win their second World Cup. https://www. aljazeera.com/sports/2026/7/20 /how-a-young-and-cohesive-spain-took-down-lionel-messis-argentina # TopNews # News # Spain # Argentina # WorldCup
116950402775366015,argentina,en,A picture speaks a thousand words? Deserted on a sidewalk in Singapore… # worldcup # argentina # argentinaspainmatch
116950390333956397,argentina,ar,"Toward a More Caring Society: The Islamic View on Senior Citizens This plan moves beyond mere charity; it is about establishing a culture of dignity. By serving the elderly, we strengthen our own faith, as it requires patience, humility, and a heart focused on the pleasure of Allah. https:// alborz8.wordpress.com/2026/07/ 20/toward-a-more-caring-society-the-islamic-view-on-senior-citizens/"
116950336504454667,argentina,en,Is a Spain vs Argentina World Cup Final finally on the horizon? The signs are brewing. Full story 👇 Learn more: https://www. earthinsider.in/2026/07/spain- argentina-fifa-world-cup-final.html # EarthInsider # EarthInsiderNews # EINews # Global # WorldNews # BreakingNews # Spain # Argentina # FIFAWorldCup # Football # Messi # LamineYamal # TopStory # MustRead
116950297720978023,argentina,en,"Spain Finish Off a World Cup to Remember Spain’s run to the title was impressive, but the legacy of this tournament will likely extend far beyond the victor. https:// time.com/article/2026/07/20/sp ain-world-cup-2026-final-argentina-tournament-recap/ # TopNews # News # Spain # WorldCup # Argentina"
116950295883204059,argentina,en,Method Beats Madness at the World Cup Final https:// fed.brid.gy/r/https://www.newy orker.com/sports/sporting-scene/method-beats-madness-at-the-world-cup-final
116950231944109351,argentina,en,"🇵🇸🇪🇸 Palestinians in Gaza celebrate Spain's 2026 FIFA # WorldCup triumph against # Argentina ⚽ Residents cheer # Spain 's winning goal, finding a brief escape from hardships of daily life amid # Israel 's war on # Gaza from # AnadoluAgency on FB # news # politics # Palestine # football # soccer # sports @ palestine"
116950195110731484,argentina,en,"✅ Resolved: Internet disruption detected in Unknown Region in Argentina, Argentina — outage lasted 57m (source: IODA) (2026-07-20 02:05 UTC – 2026-07-20 03:02 UTC). https:// partially.online/?country=AR # PartialyOnline # Argentina # UnknownRegionInArgentina # Shutdown"
116950037501169068,argentina,en,"Internet disruption detected in Unknown Region in Argentina, Argentina — Severe Shutdown (source: IODA) (started 2026-07-20 02:05 UTC). https:// partially.online/?country=AR # PartialyOnline # Argentina # UnknownRegionInArgentina # Shutdown"
116950007517803764,argentina,en,I’m glad # Spain won the # WorldCup final. And for all those # Argentina fans complaining about Enzo Fernandez being sent off…you can’t win a World Cup with ZERO shots on goal in regulation!
116949979649916808,argentina,en,"Spain winning the World Cup was expected. The way they did it was not. While Lamine Yamal struggled for goals and assists, potential positions of weakness for Spain turned into strengths as they lifted the World Cup trophy. https://www. usatoday.com/story/sports/socc er/worldcup/2026/07/19/spain-world-cup-winner-unexpected/90978069007/ # TopNews # News # Spain # theWorldCup # Argentina"
116949971818340437,argentina,en,"Spain defeats Argentina 1-0 in extra time to win the 2026 FIFA World Cup! ⚽️🇪🇸🇦🇷 A legendary, defensive masterclass at MetLife Stadium saw the defending champions reduced to ten men following an Enzo Fernández red card late in regulation. A spectacular 106th-minute volley from Ferran Torres sealed a historic second star for La Roja, launching massive celebrations in Madrid. # WorldCup2026 # Spain # Argentina # LaRoja # FIFAWorldCup # SoccerNews # WorldCupFinal"
116949951087131149,argentina,en,"World Cup Moment #3: The Malvinas Belong to Argentina! https:// world-outlook.com/2026/07/19/w orld-cup-moment-3-the-malvinas-belong-to-argentina/ from # WorldOutlook July 19, 2026 On July 15, 2026, Argentina's national team beat # England 2-1 in the World Cup semifinal match in Atlanta, Georgia, advancing to the final against Spain. It was a stunning victory since # Argentina trailed England 1-0 for most of the game but scored two goals within seven minutes at the very end of the match. A moment minutes after the end of the match stood out as the most worth highlighting and is the reason for this post. The Argentine players, facing thousands of jubilant fans in the Atlanta stadium, unfurled a banner that read in Spanish: “LAS MALVINAS SON ARGENTINAS” (The Malvinas Belong to Argentina), drawing louder cheers from the stands. This article provides historical background to this conflict. # TheMalvinasBelongToArgentina # LasMalvinasSonArgentinas # news # politics # football # soccer # UK # UKpol"
116949934877084116,argentina,en,"Method Beats Madness at the World Cup Final In the World Cup final, Spain stood for Europe, the industrial heart of modern soccer, while Argentina, a great but flawed team, was fuelled by myth. https://www. newyorker.com/sports/sporting- scene/method-beats-madness-at-the-world-cup-final # TopNews # News # Argentina # Messi # Spain"
116949905902965890,argentina,es,"""Well Played"" I don’t watch sport at all but for some reason the World Cup has influenced this pin-up illustration. Tools: Krita # krita # art # digitalart # anime # manga # OC # pinup # football # Argentina # nsfw # hentai # nude"
116949883899689685,argentina,es,"""Well Played"" I don’t watch sports at all but for some reason the World Cup has influenced this pin-up illustration. Tools: Krita # krita # art # digitalart # anime # manga # OC # pinup # football # Argentina"
116949831734661198,argentina,en,‘We had a date with destiny’: De la Fuente lauds Spain players after World Cup victory By Ed Aarons at New York New Jersey Stadium Manager says team and and fans ‘deserve everything’ https://www. theguardian.com/football/2026/ jul/20/luis-de-la-fuente-spain-manager-coach-world-cup-win # WorldCup2026 # Spain # Argentina # WorldCup # Football # Sport # TheGuardian # EdAaronsatNewYorkNewJerseyStadium
116949830220200789,argentina,en,"Spain executed a tactical masterclass to keep Lionel Messi quiet, restricting him to one shot as La Roja defeated Argentina to win the FIFA World Cup 2026. https:// english.mathrubhumi.com/sports /football/how-spain-stopped-lionel-messi-fifa-world-cup-2026-final-eaeqb7d6?utm_source=dlvr.it&utm_medium=mastodon # LionelMessi # Messi # Spain # Argentina # SpainVsArgentina"
116949755911903523,argentina,en,"Lionel Messi Visibly Emotional in Videos, Photos After Argentina's World Cup Final Loss to Spain One of the greatest players in soccer history played what will likely be his final World Cup match on Sunday. https:// bleacherreport.com/articles/25 456436-lionel-messi-visibly-emotional-videos-photos-after-argentinas-world-cup-final-loss-spain # TopNews # News # Argentina # WorldCup # Spain"
116949753978614451,argentina,en,Grand Finale: How the World Cup brought us together - The Boston Globe What a ride it was and what a privilege to see the championship match in person. https://www. bostonglobe.com/2026/07/19/spo rts/tara-sullivan-world-cup-final-soccer-argentina-spain/ # TopNews # News # Spain # WorldCup # Argentina
116949727945012348,argentina,en,"Lionel Messi's emotional reaction after Argentina's World Cup final defeat and the AFA's heartfelt tribute have sparked fresh speculation over his international future, though no retirement has been announced. https:// english.mathrubhumi.com/sports /football/lionel-messi-retirement-speculation-afa-tribute-world-cup-final-kd6rep0j?utm_source=dlvr.it&utm_medium=mastodon # LionelMessi # Messi # Argentina # LaAlbiceleste # FIFAWorldCup"
116949674616701164,argentina,en,Trump is so self centred that he tried to steal the show at the FIFA world cup. # argentina # spain # Fifa # world # worldcup # trump # politics
116949674169354880,argentina,en,‘We defeated Los Ingleses’: Argentina fans search for consolation as Messi misses out on perfect ending By Facundo Iglesia in Buenos Aires Fans in Buenos Aires head to Obelisco monument to celebrate a semi-final victory over England and honour what looks like Lionel Messi’s last World Cup https://www. theguardian.com/world/2026/jul /20/argentina-fans-buenos-aires-world-cup-final # Argentina # WorldCup2026 # WorldCup # TheGuardian # FacundoIglesiainBuenosAires
116949660739131002,argentina,en,"Spain's World Cup triumph over Argentina was overshadowed by heated post-match clashes involving Rodri, Nahuel Molina and Leandro Paredes. https:// english.mathrubhumi.com/sports /football/world-cup-final-post-match-clashes-spain-argentina-brawl-eyepfyb0?utm_source=dlvr.it&utm_medium=mastodon # WorldCup # FIFAWorldCup # Spain # Argentina # SpainVsArgentina"
116949618101840190,argentina,en,World Cup 2026: Spain's 'victory for football' over 'embarrassing' Argentina Describing a result as a 'victory for football' might seem like a trite cliché – but the 2026 World Cup final feels closer to giving that aphorism truth than any other game. https://www. bbc.com/sport/football/article s/cdx8veqllw7o # TopNews # News # Spain # Argentina # WorldCup
116949604446831158,argentina,en,"All of the relevant media outlets have coverage of Spain supporters celebrating. Good for them. Where are the reports and videos of Argentina supporters cryin and complaining. This is what my black heart wants to see. Throughout the tournament, Argentina supporters have been nasty and hostile to everyone else. I want to see them wallowing in the misery karma has saved up for them. # worldcup # Argentina"
116949519223315176,argentina,,Tears in Argentina for Lionel Messi's 'Last Tango' https://www.nytimes.com/2026/07/19/world/americas/messi-argentina-buenos-aires-last-tango.html # Sports # Soccer # Argentina
116949469915615249,argentina,en,Emiliano Martínez: The man who stood between Spain and World Cup glory. A heroic defensive masterclass. https:// english.mathrubhumi.com/sports /football/emiliano-martinez-world-cup-2026-final-analysis-j1410601?utm_source=dlvr.it&utm_medium=mastodon # DibuMartinez # WorldCupFinal # ARGESP # WorldCup2026 # Argentina
116949459226768158,argentina,en,Argentina vs Spain goal highlight short video # argentina 🇦🇷 # spain https://www. bitchute.com/video/9mz4ObA3mRrh
116949432176429606,argentina,nl,"After watching the soccer final in Melbourne with long time IR friends 🤗 Getting up at 4.30am, jet lag to the rescue! # SIGIR2026 # Spain # Argentina # Final"
116949346019668085,argentina,fr,Spain’s World Cup Triumph Signals the Rise of a New Global Football Dynasty # WorldCup2026 # Spain # Argentina # FIFAWorldCup # FootballAnalysis https:// eng.harbouchanews.com/2026/07/ spains-world-cup-triumph-signals-rise.html
116949344019587043,argentina,en,Second Argentina player sent off as Leandro Paredes brawls with Garcia and Gavi https:// fed.brid.gy/r/https://www.mirr or.co.uk/sport/football/news/argentina-spain-paredes-garcia-fight-37451482
116949341664773042,argentina,en,Today's top ten tag trends: 10: # SPAARG 9: # fifa 8: # CartoonCharactersRules 7: # WM2026 6: # furbo 5: # spain 4: # SilentSunday 3: # argentina 2: # esparg 1: # worldcup # trendytoots 📈
116949316349098769,argentina,en,Argentina and Spain World Cup fans put their rivalry aside to unite and boo Trump 🌎🇦🇷🇪🇸 Looks like Trump is bringing the world together... just not in the way he might have expected. 😅 #Trump #worldcup #spain #Argentina
116949305567340062,argentina,en,Absolutely DISGUSTING behavior from this # Argentina player after losing the World Cup Final to # Spain .. Sore loser antics—including placing a hand on the neck of your opponent AND coming back for more after they were ALREADY down—after the game is decided too.. Total disgrace! https:// x.com/FOXSports/status/2078969 205018534039/video/1
116949299627424680,argentina,en,Spain only gave up one goal ALL TOURNAMENT. One. None against France. None against Messi and Argentina. The Spanish system is awesome. #WorldCup #Spain #Argentina
116949299224440805,argentina,en,Thousands of Boston fans erupt in celebration as Spain beats Argentina in World Cup final - The Boston Globe Thousands of fans packed Boston's City Hall Plaza to watch Spain defeat Argentina 1-0 in extra time to win its second World Cup title. https://www. bostonglobe.com/2026/07/19/met ro/boston-world-cup-final-spain-argentina-watch-party/ # TopNews # News # Argentina # Spain # WorldCup
116949284508137693,argentina,en,"Dear Spain, Congratulations on a great victory. Now, please stop playing like that. # Spain # Argentina # FIFAWorldCup # Football # Soccer"
116949245815837594,argentina,en,"Spain won the 2026 World Cup after Ferran Torres scored in extra time against Argentina. The final at MetLife Stadium featured severe entry delays, a late red card, and a record 11 saves from Emiliano Martínez. # 2026FIFAWorldCup # Spain # Argentina # FanZone https:// fanzonesportsnetwork.wordpress .com/2026/07/19/spain-wins-2026-world-cup-final-torres-argentina-metlife/?utm_source=mastodon&utm_medium=jetpack_social"
116949244637481530,argentina,en,"Adnkronos - ultimoratop: Messi in lacrime, l''adios' commosso di Adani dopo la finale dei Mondiali (Adnkronos) - Il commentatore su Raiuno quasi commosso per l'addio del 10 alla Nazionale argentina Messi crying, Adani’s emotional “goodbye” after the World Cup final (Adnkronos) – The commentator on Raiuno was almost moved by Argentina’s national team’s farewell to the number 10. # Messi # Adani # theWorldCup # Raiuno # Argentina https://www. adnkronos.com/sport/adani-mess i-finale-mondiali-spagna-argentina_7MmOJxbWbHEduRmmBBvkCV"
116949241306117976,argentina,en,"At the World Cup of superstars, a team take home the trophy | Sid Lowe By Sid Lowe at New York New Jersey Stadium The European champions conceded just one goal in the tournament and their success is a victory for a system https://www. theguardian.com/football/2026/ jul/20/world-cup-2026-final-spain-argentina # WorldCup2026 # Spain # Argentina # WorldCup # Football # Sport # TheGuardian # SidLoweatNewYorkNewJerseyStadium"
116949210760009281,argentina,en,Spain beats Argentina to win the World Cup https:// english.elpais.com/sports/2026 -07-19/spain-beat-argentina-to-win-the-world-cup.html Comments: https:// news.ycombinator.com/item?id=4 8972524 # HackerNews # Spain # Argentina # WorldCup #2026 # Sports # News # Football
116949203720038122,argentina,en,"Il Tempo: Mondiali Fifa 2026, Trump e Melania al MetLife Stadium di New York per la finale (Agenzia Vista) Usa, 20 luglio 2026 Il Presidente Usa Trump e First Lady Melania al MetLife Stadium di New York per la finale dei Mondiali di calcio Fifa 2026, per la partita Argentina-Spagna. WhiteHouse Fonte: Agenzia Vista / Alexander Jakhnagiev FIFA World Cup 2026, Trump and Melania at MetLife Stadium in New York for the final. (Agenzia Vista) Use, July 20, 2026 US President Trump and First Lady Melania at MetLife Stadium in New York for the FIFA World Cup Final 2026, Argentina-Spain match. WhiteHouse Source: Agenzia Vista / Alexander Jakhnagiev # FIFAWorldCup2026 # Trump # Melania # MetLifeStadium # NewYork # AgenziaVista # Argentina # Spain # WhiteHouseSource https://www. iltempo.it/video-news-by-vista /2026/07/19/video/mondiali-fifa-2026-trump-e-melania-al-metlife-stadium-di-new-york-per-la-finale-48610161/"
116949202943032163,argentina,en,"Adnkronos - ultimoratop: Mondiali, Spagna alza la coppa... insieme a Trump (Adnkronos) - La Nazionale iberica ha battuto l'Argentina nella finale iridata World Championships, Spain lifts the cup... together with Trump (Adnkronos) - The Iberian national team defeated Argentina in the world championship final. # WorldChampionships # Spain # Iberian # Argentina https://www. adnkronos.com/sport/trump-alza -coppa-spagna-finale-mondiali-video_re548dko4NPpK20feC5RX"
116949202100558738,argentina,en,Lionel Messi’s World Cup fairytale ends with pitiful Argentina as final villains | Pablo Iglesias Maurer By Pablo Iglesias Maurer at New York New Jersey Stadium Game’s greatest player will not see his legacy sullied by defeat to Spain but his team’s display destroyed the game https://www. theguardian.com/football/2026/ jul/20/lionel-messis-world-cup-fairytale-ends-with-pitiful-argentina-as-final-villains # WorldCup2026 # Argentina # Spain # WorldCup # Football # Sport # LionelMessi # TheGuardian # PabloIglesiasMaureratNewYorkNewJerseyStadium
116949181286207835,argentina,en,IN THE FACE # ESPARG # WorldCup # fifa # fifaworldcup # spain # argentina # messi
116949179120323485,argentina,en,IN THE FACE # ESPARG # WorldCup # fifa # fifaworldcup # spain # argentina # messi
116949173927719433,argentina,en,Spain beat Argentina 1-0 in the World Cup final after extra time. Martinez kept Argentina alive but Torres’ 106th-minute goal sealed it for La Roja... # spain # FIFAworldcup2026 # argentina # Football # FIFAWorldCup # worldcup2026 # footballnewsanddupdates # worldcup # footballnews
116949168004068926,argentina,en,Congratulations Spain on your big World Cup win! That was a nail biting game and an amazing goal! Very surprised how defensive Argentina played. # WorldCup # football # Spain # Argentina # WorldCup2026
116949167100660688,argentina,en,⚡Clashes occurred in Erbil Governorate within the Kurdistan Region of # Iraq 🇮🇶 following the conclusion of the World Cup final between # Argentina 🇦🇷 and # Spain 🇪🇸. Local authorities reported that the unrest was triggered by the outcome of the match. [نايا - NAYA] We’ll continue updating this story
116949155394307805,argentina,en,"Spain silences Messi, Argentina to win FIFA World Cup crown https:// fed.brid.gy/r/https://www.rapp ler.com/sports/football/final-spain-argentina-fifa-world-cup-july-19-2026/"
116949144372164926,argentina,en,Congratulations to champions # Spain on their much deserved 2nd FIFA world cup victory!! # FIFA26 # Argentina # LamineYamal # LionelMessi
116949128071079365,argentina,en,Spain needed an extra-time goal by substitute Ferran Torres to edge past 10-man defending ​champion Argentina 1-0 to ‌win the ‌World Cup on ​Sunday. https://www. japantimes.co.jp/sports/2026/0 7/20/soccer/world-cup/spain-wins-world-cup-final/?utm_medium=Social&utm_source=mastodon # soccer # worldcup # spain # argentina # 2026fifaworldcup # ferrantorres
116949125462896177,argentina,en,"Il Tempo: L'Argentina cade nei supplementari, Spagna campione del mondo NEW YORK (STATI UNITI) (ITALPRESS) – La Spagna è campione del mondo per la seconda volta nella sua storia. Le Furie Rosse trionfano per 1-0 sull'Argentina nella finale del MetLife Stadium di East Rutherford, grazie alla rete segnata nel secondo tempo supplementare da Ferran Torres dopo un match a senso unico. Come da copione di una grande finale, le due formazioni non vogliono scoprirsi immediatamente. L'Argentina attende ed è poco minacciosa in avvio, mentre la Spagna fa paura al 5′ con Yamal, ma il suo tiro viene deviato. Aumenta i giri la Spagna intorno alla mezz'ora. Al 39′ Oyarzabal viene raggiunto da un pallone al limite e ci prova col mancino: Martinez para. Si va all'intervallo sul risultato di 0-0. Si riparte con le Furie Rosse sempre in controllo della gara, ma più pericolose rispetto alla prima frazione. Pericolosissimo il neo entrato Ferran Torres al 67′, con un'incornata su cross di Yamal che Martinez riesce a respingere. Il secondo tempo della finale somiglia sempre più a un assolo della Spagna. Al 77′ ci prova Cubarsi, trovando una respinta tutt'altro che perfetta del Dibu. Pochi minuti dopo il portiere argentino deve intervenire nuovamente, stavolta su un colpo di testa di Laporte. Le cose si mettono ancora peggio per l'Argentina nel recupero, quando Enzo Fernandez entra in ritardo su Cubarsi. Vincic non ha dubbi: secondo giallo ed espulsione. La Spagna prova a chiuderla subito, ma si va ai supplementari. Al 96′ Nico Williams riceve in area e trova la rete, ma l'arbitro annulla per un fallo di Merino su Otamendi nell'azione del gol. La Spagna trova il gol tanto cercato in apertura del secondo tempo supplementare. Cross dalla destra, sponda di testa di Nico Williams per Ferran Torres, che con una conclusione a botta sicura supera Martinez. L'Argentina reagisce solo nel finale. Prima Cubarsi salva tutto su un cross dalla destra; poco dopo, su angolo, finisce alto il tentativo di Simeone. Dopo il brivido nel recupero, la Spagna può festeggiare: è campione del mondo.– foto Ipa Agency –(ITALPRESS). Argentina falls in extra time, Spain world champion. NEW YORK (UNITED STATES) (ITALPRESS) – Spain is world champion for the second time in its history. La Roja triumph 1-0 over Argentina in the final at MetLife Stadium in East Rutherford, thanks to a goal scored in the second half of extra time by Ferran Torres after a one-sided match. As befitting a great final, the two teams don’t immediately reveal their strengths. Argentina waits and is little threatening at the start, while Spain frightens at the 5′ with Yamal, but his shot is deflected. Spain increases the pace around the half-hour mark. At 39′, Oyarzabal is reached by a ball at the edge of the area and tries it with his left foot: Martinez saves. They go into halftime with a score of 0-0. The match restarts with La Roja always in control of the game, but more dangerous than the first half. Very dangerous newcomer Ferran Torres at 67′, with a volley on Yamal’s cross that Martinez manages to repel. The second half of the final increasingly resembles a solo performance by Spain. At 77′ Cubarsi tries it, finding a far from perfect save from Dibu. A few minutes later, the Argentine goalkeeper has to intervene again, this time on Laporte's header. Things get even worse for Argentina in the closing stages, when Enzo Fernandez goes into contact with Cubarsi. Vincic has no doubts: second yellow card and expulsion. Spain tries to close it immediately, but they go to extra time. At 96′, Nico Williams receives in area and scores, but the referee cancels the goal for a foul by Merino on Otamendi in the action of the goal. Spain finds the much-sought-after goal at the start of the second extra time period. Cross from the right, head cross by Nico Williams to Ferran Torres, who with a sure shot surpasses Martinez. Argentina reacts only at the end. First Cubarsi saves everything on a cross from the right; shortly after, high up finishes Simeone’s attempt off a corner. After the thrill in the closing stages, Spain can celebrate: it is world champion. – photo Ipa Agency –(ITALPRESS). # Argentina # Spain # NEWYORK # UNITEDSTATES # second # LaRoja # MetLifeStadium # EastRutherford # FerranTorres # Yamal # Oyarzabal # Martinez # Cubarsi # Argentine # Laporte # EnzoFernandez # Vincic # NicoWilliams # Merino # Otamendi # Simeone # IpaAgency https://www. iltempo.it/italpress/2026/07/1 9/news/l-argentina-cade-nei-supplementari-spagna-campione-del-mondo-48610159/"
116949124338199913,argentina,en,"Today: La Spagna è campione del mondo: il gol di Ferran Torres al 106' fa abdicare l'Argentina La Spagna ha vinto il Mondiale 2026. La finale, al Met Life Stadium di East Rutherford, nel New Jersey, arbitrata dallo sloveno Slavko Vincic si è decisa al 106', all'inizio del secondo tempo supplementare. Nico Williams, attaccante dell'Athletic Bilbao, fa la torre e Ferran Torres, il compagno... Spain is world champion: Ferran Torres’ goal in the 106th minute forces Argentina to relinquish their title. Spain won the 2026 World Cup. The final, at MetLife Stadium in East Rutherford, New Jersey, refereed by Slovenian Slavko Vincic, ended in a 106th-minute decision, at the start of the second extra period. Nico Williams, forward for Athletic Bilbao, makes the run and Ferran Torres, his teammate... # Spain # FerranTorres # 106th # Argentina # the2026WorldCup # MetLifeStadium # EastRutherford # NewJersey # second # NicoWilliams # AthleticBilbao https://www. today.it/sport/calcio/mondiali /spagna-campione-del-mondo-2026.html"
116949086745726614,argentina,en,"Spain has won the 2026 World Cup, beating a 10-man Argentina 1-0 in extra time on a Ferran Torres strike. https:// thedemocracyadvocate.com/sport s/fifa-2026/spain-wins-world-cup/ ⚽🏆 # WorldCup2026 # Spain # Argentina"
116949085142272236,argentina,en,"RaiNews: Mondiali 2026. Il triplice fischio ed esplode la ""fiesta"": la Spagna è campione del mondo Dopo aver conquistato gli Europei, gli iberici salgono sul trono del mondo: Argentina battuta World Cup 2026. The final whistle and the “fiesta” explodes: Spain is world champion. Having conquered the Europeans, the Iberians take the throne of the world: Argentina defeated. # WorldCup # Spain # Europeans # Iberians # Argentina https://www. rainews.it/video/2026/07/calci o-mondiali-2026-finale-spagna-argentina-1-0-triplice-fischio-campione-del-mondo-festa-0efd5019-9cdc-4e85-9063-27395202d3ff.html"
116949084080972392,argentina,en,Spain 1-0 Argentina (aet): 2026 World Cup final player ratings By Ed Aarons at New York New Jersey Stadium Rodri looks back to his imperious best in Spain’s midfield while Enzo Fernández has day to forget for Argentina https://www. theguardian.com/football/2026/ jul/19/spain-argentina-world-cup-final-player-ratings # WorldCup2026 # Spain # Argentina # WorldCup # Football # Sport # TheGuardian # EdAaronsatNewYorkNewJerseyStadium
116949084045537426,argentina,en,Patience beats overreliance on Messi: how the final was won and lost By Jacob Steinberg at New York New Jersey Stadium Argentina tried to kill the spectacle and make it a physical battle but Spain refused to take the bait and kept passing https://www. theguardian.com/football/2026/ jul/19/patience-beats-overreliance-on-messi-how-the-final-was-won-and-lost # WorldCup2026 # Spain # Argentina # WorldCup # Football # Sport # TheGuardian # JacobSteinbergatNewYorkNewJerseyStadium
116949078649464503,argentina,en,Watching # Argentina behave as if they're some sort of victims and hard done by this result just sums them up. They were outplayed. And now outclassed. ¡Vamos! # España !!!👏👏👏 # WorldCup # Spain
116949076795794164,argentina,,"Spain has won the 2026 World Cup, beating a 10-man Argentina 1-0 in extra time on a Ferran Torres strike. La Roja finish the tournament unbeaten for their second title since 2010. Full breakdown on The Democracy Advocate: https://thedemocracyadvocate.com/sports/fifa-2026/spain-wins-world-cup/ ⚽🏆 #WorldCup2026 #Spain #Argentina #FIFAWorldCup"
116949068511267968,argentina,en,"Ferran Torres fires Spain past Argentina to win World Cup final Spain defeated Argentina 1-0 at the end of extra time to win the 2026 World Cup on Sunday in East Rutherford, N.J. Ferran Torres, who entered as a substitute in the 62nd minute, scored the decisive goal in the 106th minute, helping Spain secure its second World Cup title. https://www. cbc.ca/sports/soccer/worldcup/ fifa-world-cup-final-2026-recap-argentina-spain-july-19-9.7275719?cmp=rss # Argentina # ArgentinaNews # Spain # SpainNews # News"
116949056327979477,argentina,en,"Of course, someone had to do this. # FIFA # FIFAWorldCup # WorldCup # Football # Spain # Argentina # ESPARG # LamineYamal # Messi # Meme # Funny # AI"
116949054211645512,argentina,en,"LA PULGA ATÓMICA, aka Lionel Messi, has his place in history as the best futbolista argentino. i was old enough to have watched Maradona in his prime, so that’s a hill am ready to die on : Lionel es el mejor de Argentina. i just wish he hadn’t been seduced by the worst people in the world of sports. so if he needed this humbling moment, then en hora buena. # Argentina # WorldCup2026 # CopaMundial2026"
116949046338382195,argentina,en,"Primo piano ANSA - ANSA.it: Mondiali: la Spagna è campione del mondo, l'Argentina battuta 1-0 in finale Decide la partita a New York una rete di Ferran Torres nei tempi supplementari World Cup: Spain is world champion, Argentina defeated 1-0 in the final. The match was decided in New York with a goal by Ferran Torres in extra time. # WorldCup # Spain # Argentina # NewYork # FerranTorres https://www. ansa.it/sito/notizie/sport/cal cio/speciali/mondiale-calcio-2026/2026/07/20/mondiali-la-spagna-e-campione-del-mondo-largentina-battuta-1-0-in-finale_b85bb8ac-f699-4636-a889-2c6ae0002c5b.html"
116949044749555528,argentina,en,"Spain win World Cup after Ferran Torres breaks 10-man Argentina’s resistance By David Hytner at New York New Jersey Stadium It was the triumph of an idea, an identity. Of an unshakable and patient faith in it. And when it was over, Spain’s new generation having emulated the one from the 2010 World Cup, all of those legendary names, there was simply delirium for them. https://www. theguardian.com/football/2026/ jul/19/spain-win-world-cup-argentina-final-match-report # WorldCup2026 # Spain # Argentina # WorldCup # Football # Sport # TheGuardian # DavidHytneratNewYorkNewJerseyStadium"
116949044034492676,argentina,en,Well played Spain. You deserved to win. # argentina
116949032096496889,argentina,en,"At the same time, it gets proven that # Argentina will always have a problem with a red shirt on finals: - # Spain 2026 - # Chile 2015 - Chile 2016 Remember guys, always have an alternative red shirt around, just in case. # FIFA # FIFAWorldCup # WorldCup # ESPARG # Mexico # USA # Canada # NewYork # Football"
116949030731266410,argentina,en,"That was, perhaps predictably the worst # WorldCup so far for many reasons. I won't try to list them: I'll just say fuck # FIFA , # Trump and the USA culture, and of course # Argentina . The good they do is to show the rest of us that we're not that bad really, and can still be better. Because if not, What's the point of being at all."
116949027390155718,argentina,en,Spain Wins!!!! # WorldCup # Football # Soccer # Spain # Argentina # Sportd https://www. espn.com/soccer/story/_/id/494 03084/2026-world-cup-final-spain-argentina-score-ferran-torres
116949025718423654,argentina,en,World Cup Final: Spain Defeats Argentina to Take Second-Ever Win # GeneralNews # Argentina # International # Soccer # Spain # Sports # WorldCup # WorldCup2026 https://www. hollywoodreporter.com/news/gen eral-news/2026-world-cup-winner-spain-defeats-argentina-1236651842/
116949016256703667,argentina,en,"TBH me daba igual quién ganara because i would have loved to see # México or # Egipto advance to, at the very least, the semis. but i gotta admit: from a political point of view? it has been an absolute disappointment to see Lionel Messi to turn into a Trump and # MAGA bootlicker. en buenahora # España y felicidades. se lo merecen. and now that picture of Messi with Laminé is even funnier. # Spain # Argentina # Copa2026 # WorldCup2026"
116949011502047715,argentina,en,# worldcup # football # Sport # America # Argentina # Spain # Final # WorldCup2026 # Goal A great and very valid public comment from the BBC Sports website. “Finally Argentina have a player rightly sent off and they can't believe it…”
116949010459543153,argentina,en,I won't cry for # Argentina The truth is I hate # Messi # FIFA # WorldCup # España
116949010095531164,argentina,en,"Maybe the moron who got a red card putting FIFAs plans in jeopardy, thus disappointing millions of gender affirmative care deniers to showcase their superior genes through miracles of HGH, should go help out in slums of Buenos Aires than singing about players from slums of Paris. Karma is a bitch. # wc2026 # argentina # fifa # spain # wc2022"
116949005749989996,argentina,en,Spain win the World Cup after Ferran Torres dethrones 10-man Argentina in extra time By Matt Hughes at New York New Jersey Stadium Enzo Fernández sent off for two bookings in normal time https://www. theguardian.com/football/2026/ jul/19/spain-win-world-cup-ferran-torres-10-man-argentina-extra-time # WorldCup2026 # WorldCup # Spain # Argentina # Football # Sport # TheGuardian # MattHughesatNewYorkNewJerseyStadium
116949004596163855,argentina,en,U.S. President Donald Trump is on the stage alongside FIFA President Gianni Infantino to help award #Spain and #Argentina medals. #FIFAWorldCup
116949003045237867,argentina,en,"Such graceful football from Spain. Thoroughly deserved. Dominated throughout and didn’t react to the misconduct. Absolutely disgraceful from Argentina, as in every game before this. Pushing, kicking, and punching the Spanish players, even after the final whistle. No shame. No class. Gracias, España. Por llevártelo a casa. # spain # argentina"
116948988584635042,argentina,en,"Spain Wins World Cup, Beating Argentina 1-0 in Extra Time Spain wins World Cup for the second time, beating a 10-man Argentina 1-0 in extra time on a Ferran Torres goal at MetLife Stadium. https:// thedemocracyadvocate.com/sport s/fifa-2026/spain-wins-world-cup/"
116948982311538726,argentina,en,"Spain vs. Argentina final preview: Messi, Lamine Yamal collide for World Cup title The 2026 FIFA World Cup comes down to Spain and Argentina, a final built around legacy, youth, defense, late goals and one more chance for Lionel Messi to lift the trophy. https://www. fox5ny.com/news/spain-vs-argen tina-final-preview-messi-lamine-yamal-collide-world-cup-title # TopNews # News # Spain # Argentina # Messi"
116948969470675857,argentina,en,⚽️🇪🇸 Que viva España! # fifa # worldcup2026 # spain # argentina https://www. euronews.com/2026/07/20/spain- win-world-cup-for-second-time-after-thrilling-final-against-argentina
116948967905359661,argentina,en,"Today: La Spagna è campione del mondo: il gol di Ferran Torres al 106' fa abdicare l'Argentina La Spagna ha vinto il Mondiale 2026. La finale, al Met Life Stadium di East Rutherford, nel New Jersey, arbitrata dallo sloveno Slavko Vincic si è decisa al 106', all'inizio del secondo tempo supplementare. Nico Williams, attaccante dell'Athletic Bilbao, fa la torre, il compagno di squadra, che... Spain is world champion: Ferran Torres’ goal in the 106th minute forces Argentina to abdicate. Spain won the 2026 World Cup. The final, at MetLife Stadium in East Rutherford, New Jersey, refereed by Slovenian Slavko Vincic, ended in a 106th-minute decision, at the start of the second extra time period. Nico Williams, a forward for Athletic Bilbao, makes the run, his teammate… # Spain # FerranTorres # 106th # Argentina # the2026WorldCup # MetLifeStadium # EastRutherford # NewJersey # second # NicoWilliams # AthleticBilbao https://www. today.it/sport/calcio/mondiali /spagna-campione-mondo-2026.html"
116948962742581896,argentina,en,"Spain has been crowned world champion, securing victory in the football World Cup final with a 1-0 win in extra time. Going into the additional period, the scor... https:// news.osna.fm/?p=56004 | # news # argentina # clinch # cup # dramatic"
116948960709982049,argentina,en,"Compare the # Argentina team reaction to losing to # Spain after the match, just in💀, and the # England # France team hugging yesterday❤️. # football won in spite of # FIFA in this # worldcup . Let's raise a glass to the end of # bullying and # toxicmasculinity in the world!"
116948952633895298,argentina,en,Congratulations to the Spanish national soccer team in winning the FIFA World Cup 2026 with a 1-0 win over Argentina on the final match today in New Jersey. # fifa # esparg # worldcup # spain # argentina
116948952252354935,argentina,en,Spain and Argentina Reach World Cup Final After Dramatic Journeys 📰 Original title: The World Cup final is finally here as Spain and Argentina face off in an epic clash of styles 🤖 IA: It's clickbait ⚠️ 👥 Users: It's clickbait ⚠️ View full AI summary https:// en.killbait.com/spain-and-arge ntina-reach-world-cup-final-after-dramatic-journeys.html?utm_source=mastodon_world&utm_medium=social&utm_campaign=killbait.mastodon_world # sports # worldcup # spain # argentina
116948952205555314,argentina,en,Spain and Argentina Reach World Cup Final After Dramatic Journeys 📰 Original title: The World Cup final is finally here as Spain and Argentina face off in an epic clash of styles 🤖 IA: It's clickbait ⚠️ 👥 Users: It's clickbait ⚠️ View full AI summary https:// en.killbait.com/spain-and-arge ntina-reach-world-cup-final-after-dramatic-journeys.html?utm_source=mastodon_social&utm_medium=social&utm_campaign=killbait.mastodon_social # sports # worldcup # spain # argentina
116948947317421463,argentina,en,"Ollie was assisting # Argentina with defense (always went for the red jerseys), but I guess it wasn't enough # Catstodon # CatsOfMastodon # FIFA # Footie # Futbol # Soccer # Cats # WorldCup2026"
116948946561388805,argentina,en,FINAL #Spain 1-0 #Argentina Spain are your 2026 FIFA World Cup champions! Argentina never looked set in this game and the EURO champs were missing chances. Ferran Torres gives Spain its second title. Lionel Messi and co disappoint in likely his last international game. #FIFAWorldCup
116948943692812527,argentina,en,SPAIN! FIFA WORLD CUP CHAMPIONS 2026 (again) AET SPAIN 1 - 0 ARGENTINA Ferran 106' (I got to see the WC Champions Spain play and the WC Trophy at their first match after they won the WC championship in 2010). # WorldCup # WorldCup2026 # Spain # Argentina
116948940417595296,argentina,es,🏆 # Mundial2026 | FINAL 🕐 Minuto 120+5' ¡ESPAÑA CAMPEÓN DEL MUNDO! 🇪🇸⭐🌟 🇪🇸 # ESPAÑA 1-0 # ARGENTINA 🇦🇷 🔗 Acciones: https:// tinyurl.com/5bn95bw5
116948939159211227,argentina,en,# leandroParedes is the Infantino of football… a disgrace… # WorldCup # spain # Argentina
116948938147440493,argentina,en,"⚡A physical altercation occurred on the basketball court immediately following the conclusion of the World Cup final, in which # Spain 🇪🇸 defeated # Argentina 🇦🇷 1–0. The incident involved multiple participants and disrupted the post-match proceedings. [VG] Check back for developments as they come"
116948934767194278,argentina,en,"# Spain dominated the match, and tamed an # Argentina that didn't have any answer except to defend. - A match with few sparks from # LamineYamal and # Messi . - # EnzoFernandez sold their team, and # Paredes was without a leash. - # NicoWilliams forgot to play football on an important play - # DaniOlmo was neutralized. A fun final match. It wasn't about when, but how Spain would win. # FIFA # FIFAWorldCup # ESPARG # USA # Mexico # Canada # NewYork # Football"
116948928136187061,argentina,en,Super happy that Spain won. Now Trump can not take credit for Argentina winning.... (I share more about how Trump is like Hitler here: https:// ko-fi.com/s/821b6e32d0 ) # spain # fifa # Argentina # trump # politics # world # worldcup
116948916927996250,argentina,en,"Congratulations # Spain . I'm only sorry that it wasn't an England v Spain final. # FIFA , the USA and # Argentina are the losers of this tournament. Their true colours were shown. None of them deserve to be involved in the beautiful game of # football # WorldCup ."
116948916763756120,argentina,en,"Waiting for # Madonna to come out again singing ""Don't cry for me # Argentina ..."" # soccer # Spain # Music"
116948913580578777,argentina,de,"Cry for me, # Argentina . ⚽ # WM # ESPARG # WorldCup # WorldCupFinal"
116948913572306583,argentina,en,"Opponents of gender affirmative care will be hugely disappointed that their superior specimen of ""white race"" built grounds up from the miracles of HGH missed out on another world cup. # wc2026 # fifa # Argentina # spain # worldcupfinals"
116948909080559158,argentina,en,See now if only the # Argentina defense had been as good as Cape Verde # WorldCup # Spain https:// tweesecake.social/@SyHoekstra/ 116926049547972009
116948902088708494,argentina,en,"Fuck the # Argentina cheats. What an awful country to produce such a skillful team that doesn't use their skill, but chose to cheat at every moment. # WorldCup ."
116948901409166822,argentina,en,The horror of seing # Argentina “playing” football is over. The bullies can go fuck themselves.
116948901322715312,argentina,en,Well done # Spain ! Shove it # Argentina . # WorldCup
116948900338391188,argentina,en,"First time in 16 years, Spain takes home the World Cup! There will be no repeat champion for the second consecutive year in the Final 🇪🇸 ⭐️ ⭐️ # FIFAWorldCup # WorldCup # WC2026 # ESPARG # ESPvsARG # Spain # Argentina"
116948900010593853,argentina,en,Better luck next time boys # fifaworldcup # argentina
116948897980831848,argentina,en,# Argentina ...0 # Spain ... 1 YES.................
116948897183528369,argentina,en,"FIFA26 | 🇪🇸 Spain 1-0 Argentina 🇦🇷 | # ESPARG FIFA World Cup 2026 · Final Goals Spain: Torres 106' New York/New Jersey Stadium, New Jersey # FIFAWorldCup # WorldCup # Spain # Argentina"
116948891273446828,argentina,en,"LIVE: FIFA World Cup Final - Spain vs Argentina coverage, watchalong The 2026 FIFA World Cup concludes as European champions Spain face defending world champions Argentina Sunday at New York New Jersey Stadium. Follow along for the latest updates. https://www. fox5ny.com/live-blog/news/spai n-vs-argentina-world-cup-final-2026-how-watch-live-updates # TopNews # News # Argentina # Spain # WorldCupFinalSpain"
116948884691619830,argentina,en,"come on FIFA, three more minutes to Fix It For Argentina... # worldcup # wc2026 # fifa # spain # argentina"
116948883461489660,argentina,en,"120+1' #ARGENTINA WASTED CHANCE. Corner kick finds the top of the box, Giuliano Simeone skies it over the net. Falls to the ground on his face. That was the moment to tie this game back up. 1-0 #Spain #FIFAWorldCup"
116948877305003143,argentina,en,"120' #Argentina chance. Pass from right side, redirected out just wide right of the post. 1-0 #Spain #FIFAWorldCup"
116948865227748361,argentina,en,"117' First #Argentina shot, Lionel Messi slams an attempt that is blocked off a Spain players head. took Argentina nearly two hours to get a shot attempt. 1-0 #Spain #FIFAWorldCup"
116948861849441248,argentina,en,"116' Nico Fernandez up the left side, beats an #Argentina keeper, open space, accidentally kicks it past the end line as his teammates look befuddled at him. 1-0 #Spain #FIFAWorldCup"
116948855971498614,argentina,en,I haven’t seen a Spanish opening like that since Ruy López de Segura developed the 1. e4 e5 2. Nf3 Nc6 3. Bb5 chess move sequence in the 16th century. # usmnt # WorldCup # CopaMundial # CoupeDuMonde # soccer # football # futbol # fifa # FIFAWorldCup # America # sports # Mexico # canada # MastodonFC # spain # Argentina
116948844504494788,argentina,en,"I will say, that was a beautiful goal. # espana # argentina # worldcup26"
116948842644983950,argentina,en,112' Yellow card to #Argentina Alexis Mac Allister. 1-0 #Spain #FIFAWorldCup
116948840529690067,argentina,en,111' NYNJ Stadium (MetLife) is so quiet. The majority #Argentina fans are standing and not doing anything. Most of the noise is coming from the three sections of Spain supporters above one of the goals. 1-0 #Spain #FIFAWorldCup
116948839202518551,argentina,nb,Come on # Spain 🇪🇸 Don’t f*** this up! # Argentina have been crap.
116948833829311503,argentina,en,# Argentina are the Donald # Trump of football. # WorldCup .
116948831273812469,argentina,en,"Anyone who has a sense of fair play is celebrating, except Argentinians who don't have that, from birth apparently. Everyone watching hates you Argentinians. Is that what you want? # WorldCup # Argentina"
116948831196177591,argentina,en,That was a great goal by the way. # spain # fedifc # argentina # worldcup
116948831082381082,argentina,en,# worldcup # football # Sport # America # Argentina # Spain # Final # WorldCup2026 # Goal 1 - 0. Well done Spain! Long overdue and you deserve it.
116948830315223768,argentina,en,Finally Spain broke though MARTINEZ A well deserved goal. # WorldCup # esparg # Argentina
116948828967162102,argentina,en,🇪🇸 has had sooooo many chances 2 cash in. Gotta come bck 2 bite you at some point. It’s just gotta. Argentina goalie is doing have stands in net. # WorldCupFinal # Spain # Argentina
116948828428003492,argentina,en,"I'm still angry about Sweden being thrown under Boris Johnson's England bus years ago, let alone Norway. And the fouling Rooney used to do, whatever he said about the halftime. # fifa # worldcup # corruption # trump # argentina"
116948823181876793,argentina,en,I'm not sure there'll be a way to disallow that. # spain # fedifc # argentina # worldcup
116948821312575634,argentina,en,# Argentina ...0 # Spain ... 1
116948819000595437,argentina,en,"# Argentina , excel at the ugly game. Cheats, vagabonds and .. I'll leave you to complete the sentence. # WorldCup ."
116948815995424886,argentina,en,"This should be recorded as one of the worst, if not the worst performances by # messi and # argentina in the history of # football ! Give the trophy to # infantino for the shittiest edition of the # worldcup ⚽"
116948815918874716,argentina,en,"END OF EXTRA TIME HALF 1 #Spain 0-0 #Argentina Spain are starting to lose their cool. That's bad news when you're up a man with 15 minutes before crapshoot penalty kicks. Argentina have not had a single attempt at goal, Spain have 19 attempts (11 on target). #FIFAWorldCup"
116948807618307073,argentina,en,Still scoreless. Onto the second half of extra time we go. # FIFAWorldCup # WorldCup # WC2026 # ESPARG # ESPvsARG # Spain # Argentina
116948804297386088,argentina,en,"I decided not to watch the # Spain # Argentina # Worldcup final, first because it couldn't compare to the ENG-FRA match, and because I am tired watching # FIFA # referee interference for Argentina. However I've been checking now & then on the news ticker. Latest: Spain goal disallowed. SkySport says ""Really weird. No indication of a # VAR check. Referee's call stands. There simply isn't a foul there. Add it to the list of favourable calls Argentina have had from these World Cup refs."" Rest my case"
116948792014643263,argentina,en,"104' Marc Cucurella and Giuliano Simeone come together, negating a #Argentina chance, but no call as both players were looking at the ball. 0-0 #FIFAWorldCup"
116948781831201832,argentina,en,101' Lamine Yamal skies a shot after #Spain took time to play a ball around. #Argentina sub as Marcos Senesi comes on for Julián Álvarez. 0-0 #FIFAWorldCup
116948779608596701,argentina,nl,"RE: https:// mastodonapp.uk/@Devonkiwi/1169 48761522137255 These players from # Argentina should be playing in a theatre, not on a footballfield. # espace # worldcup2026"
116948778807863933,argentina,en,"Let's think. How's many fouls by # Argentina were ""missed"" by this referee. How many yellows not given. How many reds not given. 🤔 # WorldCup ."
116948763538379840,argentina,en,96' Nico Williams scores for #Spain but its waved off for a foul by Mikel Merino. Looked light. He backed into #Argentina Nicolás Otamendi in the box. 0-0 #FIFAWorldCup
116948750830289463,argentina,en,Home just in time to watch the extra time and (hopefully) penalties. # worldcup # fedifc # spain # argentina
116948749129798517,argentina,en,"93' Nico Williams nearly wins it for #Spain ! Pass in finds his head, he puts it on target but Emiliano Martínez dives to keep it out for #Argentina . 0-0 #FIFAWorldCup"
116948738580851997,argentina,en,zero attempt at goal by Argentina at the end of 90 minutes # worldcup # Argentina
116948728637098725,argentina,en,"Thirty extra minutes, # Argentina needs a miracle being one player down Could it come from # Messi ? # worldcup"
116948724179872289,argentina,en,"END OF REGULATION #Spain 0-0 #Argentina MY WORD BUSINESS PICKED UP. Spain can't find the back of the net but Argentina is down a man. Much like any U.S. Open Cup game I cover, there must be more than regulation played. #FIFAWorldCup"
116948715672189520,argentina,en,End of regulation. We’re going to extra time to decide the winner of the World Cup. # FIFAWorldCup # WorldCup # WC2026 # ESPARG # ESPvsARG # Spain # Argentina
116948707773602291,argentina,en,The Argentina goalie is STANDING on his F’ing head. How many point blank shots has he stopped? # WORLDCUPFINAL # Spain # Argentina
116948701882576106,argentina,en,"Only six players have ever been sent off in a WorldCup final, and three were from # Argentina . That says it. Argentina should be banned from the next # WorldCup ."
116948700164664834,argentina,en,"90+3' CHAOS. #Spain shot by Nico Williams, saved. Ball played toward midfield. Enzo Fernández then collides with Pau Cubarsí, who did his best Dolph Ziggler and flipped in the air. Second yellow, red card, and #Argentina down a man. 0-0 #FIFAWorldCup"
